2026-09-14 15:28:00,312 - urllib3.connectionpool - DEBUG - Starting new HTTPS connection (1): paper-api.alpaca.markets:443
2026-09-14 15:28:00,428 - urllib3.connectionpool - DEBUG - https://paper-api.alpaca.markets:443 "GET /v2/account HTTP/1.1" 200 955
2026-09-14 15:33:41,374 - urllib3.connectionpool - DEBUG - Starting new HTTPS connection (1): paper-api.alpaca.markets:443
2026-09-14 15:33:41,482 - urllib3.connectionpool - DEBUG - https://paper-api.alpaca.markets:443 "GET /v2/account HTTP/1.1" 200 955
2026-09-14 15:33:41,483 - api_handler - INFO - Connected to Alpaca
2026-09-14 15:33:41,484 - api_handler - INFO -   Equity: $100000.00
2026-09-14 15:33:41,485 - api_handler - INFO -   Buying Power: $400000.00
2026-09-14 15:39:28,144 - urllib3.connectionpool - DEBUG - Starting new HTTPS connection (1): paper-api.alpaca.markets:443
2026-09-14 15:39:28,252 - urllib3.connectionpool - DEBUG - https://paper-api.alpaca.markets:443 "GET /v2/account HTTP/1.1" 200 955
2026-09-14 15:39:28,253 - api_handler - INFO - Connected to Alpaca
2026-09-14 15:39:28,255 - api_handler - INFO -   Equity: $100000.00
2026-09-14 15:39:28,256 - api_handler - INFO -   Buying Power: $400000.00
2026-09-14 15:39:28,259 - __main__ - INFO - ================================================================================
2026-09-14 15:39:28,260 - __main__ - INFO - ASTRA SCHEDULER INITIALIZED
2026-09-14 15:39:28,261 - __main__ - INFO - Trading: Account 1 ($10000)
2026-09-14 15:39:28,262 - __main__ - INFO - Mode: REAL ALPACA PAPER ORDERS
2026-09-14 15:39:28,263 - __main__ - INFO - ================================================================================
2026-09-14 15:39:28,265 - __main__ - INFO - Schedule configured
2026-09-14 15:39:28,265 - __main__ - INFO -   • 9:00 AM: Start
2026-09-14 15:39:28,267 - __main__ - INFO -   • Every minute: Check signals & manage positions
2026-09-14 15:39:28,268 - __main__ - INFO -   • 12:30 PM: Close all positions
2026-09-14 15:39:28,269 - __main__ - INFO - 
SCHEDULER RUNNING - Press Ctrl+C to stop

2026-09-14 15:39:54,316 - urllib3.connectionpool - DEBUG - Starting new HTTPS connection (1): paper-api.alpaca.markets:443
2026-09-14 15:39:54,414 - urllib3.connectionpool - DEBUG - https://paper-api.alpaca.markets:443 "GET /v2/account HTTP/1.1" 200 940
2026-09-14 15:39:54,415 - api_handler - INFO - Connected to Alpaca
2026-09-14 15:39:54,415 - api_handler - INFO -   Equity: $5000.00
2026-09-14 15:39:54,415 - api_handler - INFO -   Buying Power: $20000.00
2026-09-14 15:39:54,416 - __main__ - INFO - ================================================================================
2026-09-14 15:39:54,416 - __main__ - INFO - ASTRA SCHEDULER INITIALIZED
2026-09-14 15:39:54,416 - __main__ - INFO - Trading: Account 2 ($10000)
2026-09-14 15:39:54,416 - __main__ - INFO - Mode: REAL ALPACA PAPER ORDERS
2026-09-14 15:39:54,416 - __main__ - INFO - ================================================================================
2026-09-14 15:39:54,416 - __main__ - INFO - Schedule configured
2026-09-14 15:39:54,417 - __main__ - INFO -   • 9:00 AM: Start
2026-09-14 15:39:54,417 - __main__ - INFO -   • Every minute: Check signals & manage positions
2026-09-14 15:39:54,418 - __main__ - INFO -   • 12:30 PM: Close all positions
2026-09-14 15:39:54,418 - __main__ - INFO - 
SCHEDULER RUNNING - Press Ctrl+C to stop

2026-09-14 15:40:01,687 - __main__ - INFO - 
SCHEDULER STOPPED
2026-09-14 15:40:07,585 - urllib3.connectionpool - DEBUG - Starting new HTTPS connection (1): paper-api.alpaca.markets:443
2026-09-14 15:40:07,685 - urllib3.connectionpool - DEBUG - https://paper-api.alpaca.markets:443 "GET /v2/account HTTP/1.1" 200 940
2026-09-14 15:40:07,686 - api_handler - INFO - Connected to Alpaca
2026-09-14 15:40:07,686 - api_handler - INFO -   Equity: $5000.00
2026-09-14 15:40:07,687 - api_handler - INFO -   Buying Power: $20000.00
2026-09-14 15:40:07,689 - __main__ - INFO - ================================================================================
2026-09-14 15:40:07,690 - __main__ - INFO - ASTRA SCHEDULER INITIALIZED
2026-09-14 15:40:07,690 - __main__ - INFO - Trading: Account 2 ($10000)
2026-09-14 15:40:07,691 - __main__ - INFO - Mode: REAL ALPACA PAPER ORDERS
2026-09-14 15:40:07,692 - __main__ - INFO - ================================================================================
2026-09-14 15:40:07,693 - __main__ - INFO - Schedule configured
2026-09-14 15:40:07,694 - __main__ - INFO -   • 9:00 AM: Start
2026-09-14 15:40:07,694 - __main__ - INFO -   • Every minute: Check signals & manage positions
2026-09-14 15:40:07,695 - __main__ - INFO -   • 12:30 PM: Close all positions
2026-09-14 15:40:07,696 - __main__ - INFO - 
SCHEDULER RUNNING - Press Ctrl+C to stop

2026-09-14 15:40:28,289 - schedule - DEBUG - Running job Job(interval=1, unit=minutes, do=minute_check, args=(), kwargs={})
2026-09-14 15:41:07,717 - schedule - DEBUG - Running job Job(interval=1, unit=minutes, do=minute_check, args=(), kwargs={})
2026-09-14 15:41:28,312 - schedule - DEBUG - Running job Job(interval=1, unit=minutes, do=minute_check, args=(), kwargs={})
2026-09-14 15:42:07,738 - schedule - DEBUG - Running job Job(interval=1, unit=minutes, do=minute_check, args=(), kwargs={})
2026-09-14 15:42:28,334 - schedule - DEBUG - Running job Job(interval=1, unit=minutes, do=minute_check, args=(), kwargs={})
2026-09-14 15:43:06,951 - __main__ - INFO - 
SCHEDULER STOPPED
2026-09-14 15:43:28,356 - schedule - DEBUG - Running job Job(interval=1, unit=minutes, do=minute_check, args=(), kwargs={})
2026-09-14 15:44:23,851 - urllib3.connectionpool - DEBUG - Starting new HTTPS connection (1): paper-api.alpaca.markets:443
2026-09-14 15:44:23,943 - urllib3.connectionpool - DEBUG - https://paper-api.alpaca.markets:443 "GET /v2/account HTTP/1.1" 200 940
2026-09-14 15:44:23,943 - api_handler - INFO - Connected to Alpaca
2026-09-14 15:44:23,944 - api_handler - INFO -   Equity: $5000.00
2026-09-14 15:44:23,944 - api_handler - INFO -   Buying Power: $20000.00
2026-09-14 15:44:23,946 - __main__ - INFO - ================================================================================
2026-09-14 15:44:23,946 - __main__ - INFO - ASTRA SCHEDULER INITIALIZED
2026-09-14 15:44:23,947 - __main__ - INFO - Trading: Account 2 ($10000)
2026-09-14 15:44:23,947 - __main__ - INFO - Mode: REAL ALPACA PAPER ORDERS
2026-09-14 15:44:23,948 - __main__ - INFO - ================================================================================
2026-09-14 15:44:23,948 - __main__ - INFO - Schedule configured
2026-09-14 15:44:23,949 - __main__ - INFO -   • 9:00 AM: Start
2026-09-14 15:44:23,949 - __main__ - INFO -   • Every minute: Check signals & manage positions
2026-09-14 15:44:23,950 - __main__ - INFO -   • 12:30 PM: Close all positions
2026-09-14 15:44:23,950 - __main__ - INFO - 
SCHEDULER RUNNING - Press Ctrl+C to stop

2026-09-14 15:44:28,057 - __main__ - INFO - 
SCHEDULER STOPPED
2026-09-14 15:45:22,829 - urllib3.connectionpool - DEBUG - Starting new HTTPS connection (1): paper-api.alpaca.markets:443
2026-09-14 15:45:22,980 - urllib3.connectionpool - DEBUG - https://paper-api.alpaca.markets:443 "GET /v2/account HTTP/1.1" 200 940
2026-09-14 15:45:22,982 - api_handler - INFO - Connected to Alpaca
2026-09-14 15:45:22,982 - api_handler - INFO -   Equity: $5000.00
2026-09-14 15:45:22,983 - api_handler - INFO -   Buying Power: $20000.00
2026-09-14 15:45:22,988 - __main__ - INFO - ================================================================================
2026-09-14 15:45:22,988 - __main__ - INFO - ASTRA SCHEDULER INITIALIZED
2026-09-14 15:45:22,989 - __main__ - INFO - Trading: Account 2 ($10000)
2026-09-14 15:45:22,990 - __main__ - INFO - Mode: REAL ALPACA PAPER ORDERS
2026-09-14 15:45:22,990 - __main__ - INFO - ================================================================================
2026-09-14 15:45:22,992 - __main__ - INFO - Schedule configured
2026-09-14 15:45:22,992 - __main__ - INFO -   • 9:00 AM: Start
2026-09-14 15:45:22,993 - __main__ - INFO -   • Every minute: Check signals & manage positions
2026-09-14 15:45:22,993 - __main__ - INFO -   • 12:30 PM: Close all positions
2026-09-14 15:45:22,994 - __main__ - INFO - 
SCHEDULER RUNNING - Press Ctrl+C to stop

2026-09-14 15:45:23,971 - schedule - DEBUG - Running job Job(interval=1, unit=minutes, do=minute_check, args=(), kwargs={})
2026-09-14 15:45:51,825 - __main__ - INFO - 
SCHEDULER STOPPED
2026-09-14 15:46:16,492 - urllib3.connectionpool - DEBUG - Starting new HTTPS connection (1): paper-api.alpaca.markets:443
2026-09-14 15:46:16,590 - urllib3.connectionpool - DEBUG - https://paper-api.alpaca.markets:443 "GET /v2/account HTTP/1.1" 200 955
2026-09-14 15:46:16,592 - api_handler - INFO - Connected to Alpaca
2026-09-14 15:46:16,593 - api_handler - INFO -   Equity: $100000.00
2026-09-14 15:46:16,595 - api_handler - INFO -   Buying Power: $400000.00
2026-09-14 15:46:16,598 - __main__ - INFO - ================================================================================
2026-09-14 15:46:16,599 - __main__ - INFO - ASTRA SCHEDULER INITIALIZED
2026-09-14 15:46:16,600 - __main__ - INFO - Trading: Account 1 ($10000)
2026-09-14 15:46:16,601 - __main__ - INFO - Mode: REAL ALPACA PAPER ORDERS
2026-09-14 15:46:16,602 - __main__ - INFO - ================================================================================
2026-09-14 15:46:16,604 - __main__ - INFO - Schedule configured
2026-09-14 15:46:16,605 - __main__ - INFO -   • 9:00 AM: Start
2026-09-14 15:46:16,606 - __main__ - INFO -   • Every minute: Check signals & manage positions
2026-09-14 15:46:16,607 - __main__ - INFO -   • 12:30 PM: Close all positions
2026-09-14 15:46:16,608 - __main__ - INFO - 
SCHEDULER RUNNING - Press Ctrl+C to stop

2026-09-14 15:46:23,992 - schedule - DEBUG - Running job Job(interval=1, unit=minutes, do=minute_check, args=(), kwargs={})
2026-09-14 15:47:16,630 - schedule - DEBUG - Running job Job(interval=1, unit=minutes, do=minute_check, args=(), kwargs={})
2026-09-14 15:47:24,013 - schedule - DEBUG - Running job Job(interval=1, unit=minutes, do=minute_check, args=(), kwargs={})
2026-09-14 15:48:16,651 - schedule - DEBUG - Running job Job(interval=1, unit=minutes, do=minute_check, args=(), kwargs={})
2026-09-14 15:48:24,033 - schedule - DEBUG - Running job Job(interval=1, unit=minutes, do=minute_check, args=(), kwargs={})
2026-09-14 15:49:16,672 - schedule - DEBUG - Running job Job(interval=1, unit=minutes, do=minute_check, args=(), kwargs={})
2026-09-14 15:49:24,054 - schedule - DEBUG - Running job Job(interval=1, unit=minutes, do=minute_check, args=(), kwargs={})
2026-09-14 15:50:16,692 - schedule - DEBUG - Running job Job(interval=1, unit=minutes, do=minute_check, args=(), kwargs={})
2026-09-14 15:50:24,076 - schedule - DEBUG - Running job Job(interval=1, unit=minutes, do=minute_check, args=(), kwargs={})
2026-09-14 15:51:16,726 - schedule - DEBUG - Running job Job(interval=1, unit=minutes, do=minute_check, args=(), kwargs={})
2026-09-14 15:51:24,097 - schedule - DEBUG - Running job Job(interval=1, unit=minutes, do=minute_check, args=(), kwargs={})
2026-09-14 15:52:16,746 - schedule - DEBUG - Running job Job(interval=1, unit=minutes, do=minute_check, args=(), kwargs={})
2026-09-14 15:52:24,117 - schedule - DEBUG - Running job Job(interval=1, unit=minutes, do=minute_check, args=(), kwargs={})
2026-09-14 15:53:16,768 - schedule - DEBUG - Running job Job(interval=1, unit=minutes, do=minute_check, args=(), kwargs={})
2026-09-14 15:53:24,137 - schedule - DEBUG - Running job Job(interval=1, unit=minutes, do=minute_check, args=(), kwargs={})
2026-09-14 15:54:16,788 - schedule - DEBUG - Running job Job(interval=1, unit=minutes, do=minute_check, args=(), kwargs={})
2026-09-14 15:54:24,158 - schedule - DEBUG - Running job Job(interval=1, unit=minutes, do=minute_check, args=(), kwargs={})
2026-09-14 15:55:16,809 - schedule - DEBUG - Running job Job(interval=1, unit=minutes, do=minute_check, args=(), kwargs={})
2026-09-14 15:55:24,178 - schedule - DEBUG - Running job Job(interval=1, unit=minutes, do=minute_check, args=(), kwargs={})
2026-09-14 15:56:16,829 - schedule - DEBUG - Running job Job(interval=1, unit=minutes, do=minute_check, args=(), kwargs={})
2026-09-14 15:56:24,199 - schedule - DEBUG - Running job Job(interval=1, unit=minutes, do=minute_check, args=(), kwargs={})
2026-09-14 15:57:16,850 - schedule - DEBUG - Running job Job(interval=1, unit=minutes, do=minute_check, args=(), kwargs={})
2026-09-14 15:57:24,219 - schedule - DEBUG - Running job Job(interval=1, unit=minutes, do=minute_check, args=(), kwargs={})
2026-09-14 15:58:16,871 - schedule - DEBUG - Running job Job(interval=1, unit=minutes, do=minute_check, args=(), kwargs={})
2026-09-14 15:58:24,240 - schedule - DEBUG - Running job Job(interval=1, unit=minutes, do=minute_check, args=(), kwargs={})
2026-09-14 15:59:16,891 - schedule - DEBUG - Running job Job(interval=1, unit=minutes, do=minute_check, args=(), kwargs={})
2026-09-14 15:59:24,260 - schedule - DEBUG - Running job Job(interval=1, unit=minutes, do=minute_check, args=(), kwargs={})
2026-09-14 16:00:16,912 - schedule - DEBUG - Running job Job(interval=1, unit=minutes, do=minute_check, args=(), kwargs={})
2026-09-14 16:00:24,281 - schedule - DEBUG - Running job Job(interval=1, unit=minutes, do=minute_check, args=(), kwargs={})
2026-09-14 16:01:16,932 - schedule - DEBUG - Running job Job(interval=1, unit=minutes, do=minute_check, args=(), kwargs={})
2026-09-14 16:01:24,301 - schedule - DEBUG - Running job Job(interval=1, unit=minutes, do=minute_check, args=(), kwargs={})
2026-09-14 16:02:16,954 - schedule - DEBUG - Running job Job(interval=1, unit=minutes, do=minute_check, args=(), kwargs={})
2026-09-14 16:02:24,322 - schedule - DEBUG - Running job Job(interval=1, unit=minutes, do=minute_check, args=(), kwargs={})
2026-09-14 16:03:16,975 - schedule - DEBUG - Running job Job(interval=1, unit=minutes, do=minute_check, args=(), kwargs={})
2026-09-14 16:03:24,343 - schedule - DEBUG - Running job Job(interval=1, unit=minutes, do=minute_check, args=(), kwargs={})
2026-09-14 16:04:16,996 - schedule - DEBUG - Running job Job(interval=1, unit=minutes, do=minute_check, args=(), kwargs={})
2026-09-14 16:04:24,363 - schedule - DEBUG - Running job Job(interval=1, unit=minutes, do=minute_check, args=(), kwargs={})
2026-09-14 16:05:17,016 - schedule - DEBUG - Running job Job(interval=1, unit=minutes, do=minute_check, args=(), kwargs={})
2026-09-14 16:05:24,385 - schedule - DEBUG - Running job Job(interval=1, unit=minutes, do=minute_check, args=(), kwargs={})
2026-09-14 16:06:17,037 - schedule - DEBUG - Running job Job(interval=1, unit=minutes, do=minute_check, args=(), kwargs={})
2026-09-14 16:06:24,405 - schedule - DEBUG - Running job Job(interval=1, unit=minutes, do=minute_check, args=(), kwargs={})
2026-09-14 16:07:17,058 - schedule - DEBUG - Running job Job(interval=1, unit=minutes, do=minute_check, args=(), kwargs={})
2026-09-14 16:07:24,428 - schedule - DEBUG - Running job Job(interval=1, unit=minutes, do=minute_check, args=(), kwargs={})
2026-09-14 16:08:17,079 - schedule - DEBUG - Running job Job(interval=1, unit=minutes, do=minute_check, args=(), kwargs={})
2026-09-14 16:08:24,448 - schedule - DEBUG - Running job Job(interval=1, unit=minutes, do=minute_check, args=(), kwargs={})
2026-09-14 16:09:17,100 - schedule - DEBUG - Running job Job(interval=1, unit=minutes, do=minute_check, args=(), kwargs={})
2026-09-14 16:09:24,469 - schedule - DEBUG - Running job Job(interval=1, unit=minutes, do=minute_check, args=(), kwargs={})
2026-09-14 16:10:17,121 - schedule - DEBUG - Running job Job(interval=1, unit=minutes, do=minute_check, args=(), kwargs={})
2026-09-14 16:10:24,490 - schedule - DEBUG - Running job Job(interval=1, unit=minutes, do=minute_check, args=(), kwargs={})
2026-09-14 16:11:17,142 - schedule - DEBUG - Running job Job(interval=1, unit=minutes, do=minute_check, args=(), kwargs={})
2026-09-14 16:11:24,511 - schedule - DEBUG - Running job Job(interval=1, unit=minutes, do=minute_check, args=(), kwargs={})
2026-09-14 16:12:17,162 - schedule - DEBUG - Running job Job(interval=1, unit=minutes, do=minute_check, args=(), kwargs={})
2026-09-14 16:12:24,531 - schedule - DEBUG - Running job Job(interval=1, unit=minutes, do=minute_check, args=(), kwargs={})
2026-09-14 16:13:17,183 - schedule - DEBUG - Running job Job(interval=1, unit=minutes, do=minute_check, args=(), kwargs={})
2026-09-14 16:13:24,553 - schedule - DEBUG - Running job Job(interval=1, unit=minutes, do=minute_check, args=(), kwargs={})
2026-09-14 16:14:17,203 - schedule - DEBUG - Running job Job(interval=1, unit=minutes, do=minute_check, args=(), kwargs={})
2026-09-14 16:14:24,573 - schedule - DEBUG - Running job Job(interval=1, unit=minutes, do=minute_check, args=(), kwargs={})
2026-09-14 16:15:17,224 - schedule - DEBUG - Running job Job(interval=1, unit=minutes, do=minute_check, args=(), kwargs={})
2026-09-14 16:15:24,594 - schedule - DEBUG - Running job Job(interval=1, unit=minutes, do=minute_check, args=(), kwargs={})
2026-09-14 16:16:17,244 - schedule - DEBUG - Running job Job(interval=1, unit=minutes, do=minute_check, args=(), kwargs={})
2026-09-14 16:16:24,615 - schedule - DEBUG - Running job Job(interval=1, unit=minutes, do=minute_check, args=(), kwargs={})
2026-09-14 16:17:17,265 - schedule - DEBUG - Running job Job(interval=1, unit=minutes, do=minute_check, args=(), kwargs={})
2026-09-14 16:17:24,635 - schedule - DEBUG - Running job Job(interval=1, unit=minutes, do=minute_check, args=(), kwargs={})
2026-09-14 16:18:17,285 - schedule - DEBUG - Running job Job(interval=1, unit=minutes, do=minute_check, args=(), kwargs={})
2026-09-14 16:18:24,657 - schedule - DEBUG - Running job Job(interval=1, unit=minutes, do=minute_check, args=(), kwargs={})
2026-09-14 16:19:17,306 - schedule - DEBUG - Running job Job(interval=1, unit=minutes, do=minute_check, args=(), kwargs={})
2026-09-14 16:19:24,677 - schedule - DEBUG - Running job Job(interval=1, unit=minutes, do=minute_check, args=(), kwargs={})
2026-09-14 16:20:17,326 - schedule - DEBUG - Running job Job(interval=1, unit=minutes, do=minute_check, args=(), kwargs={})
2026-09-14 16:20:24,698 - schedule - DEBUG - Running job Job(interval=1, unit=minutes, do=minute_check, args=(), kwargs={})
2026-09-14 16:21:17,347 - schedule - DEBUG - Running job Job(interval=1, unit=minutes, do=minute_check, args=(), kwargs={})
2026-09-14 16:21:24,718 - schedule - DEBUG - Running job Job(interval=1, unit=minutes, do=minute_check, args=(), kwargs={})
2026-09-14 16:22:17,367 - schedule - DEBUG - Running job Job(interval=1, unit=minutes, do=minute_check, args=(), kwargs={})
2026-09-14 16:22:24,739 - schedule - DEBUG - Running job Job(interval=1, unit=minutes, do=minute_check, args=(), kwargs={})
2026-09-14 16:23:17,388 - schedule - DEBUG - Running job Job(interval=1, unit=minutes, do=minute_check, args=(), kwargs={})
2026-09-14 16:23:24,759 - schedule - DEBUG - Running job Job(interval=1, unit=minutes, do=minute_check, args=(), kwargs={})
2026-09-14 16:24:17,409 - schedule - DEBUG - Running job Job(interval=1, unit=minutes, do=minute_check, args=(), kwargs={})
2026-09-14 16:24:24,780 - schedule - DEBUG - Running job Job(interval=1, unit=minutes, do=minute_check, args=(), kwargs={})
2026-09-14 16:25:17,429 - schedule - DEBUG - Running job Job(interval=1, unit=minutes, do=minute_check, args=(), kwargs={})
2026-09-14 16:25:24,800 - schedule - DEBUG - Running job Job(interval=1, unit=minutes, do=minute_check, args=(), kwargs={})
2026-09-14 16:26:17,452 - schedule - DEBUG - Running job Job(interval=1, unit=minutes, do=minute_check, args=(), kwargs={})
2026-09-14 16:26:24,821 - schedule - DEBUG - Running job Job(interval=1, unit=minutes, do=minute_check, args=(), kwargs={})
2026-09-14 16:27:17,472 - schedule - DEBUG - Running job Job(interval=1, unit=minutes, do=minute_check, args=(), kwargs={})
2026-09-14 16:27:24,840 - schedule - DEBUG - Running job Job(interval=1, unit=minutes, do=minute_check, args=(), kwargs={})
2026-09-14 16:28:17,494 - schedule - DEBUG - Running job Job(interval=1, unit=minutes, do=minute_check, args=(), kwargs={})
2026-09-14 16:28:24,861 - schedule - DEBUG - Running job Job(interval=1, unit=minutes, do=minute_check, args=(), kwargs={})
2026-09-14 16:29:17,514 - schedule - DEBUG - Running job Job(interval=1, unit=minutes, do=minute_check, args=(), kwargs={})
2026-09-14 16:29:24,883 - schedule - DEBUG - Running job Job(interval=1, unit=minutes, do=minute_check, args=(), kwargs={})
2026-09-14 16:30:17,535 - schedule - DEBUG - Running job Job(interval=1, unit=minutes, do=minute_check, args=(), kwargs={})
2026-09-14 16:30:24,903 - schedule - DEBUG - Running job Job(interval=1, unit=minutes, do=minute_check, args=(), kwargs={})
2026-09-14 16:31:17,555 - schedule - DEBUG - Running job Job(interval=1, unit=minutes, do=minute_check, args=(), kwargs={})
2026-09-14 16:31:24,924 - schedule - DEBUG - Running job Job(interval=1, unit=minutes, do=minute_check, args=(), kwargs={})
2026-09-14 16:32:17,576 - schedule - DEBUG - Running job Job(interval=1, unit=minutes, do=minute_check, args=(), kwargs={})
2026-09-14 16:32:24,944 - schedule - DEBUG - Running job Job(interval=1, unit=minutes, do=minute_check, args=(), kwargs={})
2026-09-14 16:33:17,596 - schedule - DEBUG - Running job Job(interval=1, unit=minutes, do=minute_check, args=(), kwargs={})
2026-09-14 16:33:24,965 - schedule - DEBUG - Running job Job(interval=1, unit=minutes, do=minute_check, args=(), kwargs={})
2026-09-14 16:34:17,617 - schedule - DEBUG - Running job Job(interval=1, unit=minutes, do=minute_check, args=(), kwargs={})
2026-09-14 16:34:24,985 - schedule - DEBUG - Running job Job(interval=1, unit=minutes, do=minute_check, args=(), kwargs={})
2026-09-14 16:35:17,637 - schedule - DEBUG - Running job Job(interval=1, unit=minutes, do=minute_check, args=(), kwargs={})
2026-09-14 16:35:25,006 - schedule - DEBUG - Running job Job(interval=1, unit=minutes, do=minute_check, args=(), kwargs={})
2026-09-14 16:36:17,659 - schedule - DEBUG - Running job Job(interval=1, unit=minutes, do=minute_check, args=(), kwargs={})
2026-09-14 16:36:25,026 - schedule - DEBUG - Running job Job(interval=1, unit=minutes, do=minute_check, args=(), kwargs={})
2026-09-14 16:37:17,681 - schedule - DEBUG - Running job Job(interval=1, unit=minutes, do=minute_check, args=(), kwargs={})
2026-09-14 16:37:25,047 - schedule - DEBUG - Running job Job(interval=1, unit=minutes, do=minute_check, args=(), kwargs={})
2026-09-14 16:38:17,701 - schedule - DEBUG - Running job Job(interval=1, unit=minutes, do=minute_check, args=(), kwargs={})
2026-09-14 16:38:25,067 - schedule - DEBUG - Running job Job(interval=1, unit=minutes, do=minute_check, args=(), kwargs={})
2026-09-14 16:39:17,722 - schedule - DEBUG - Running job Job(interval=1, unit=minutes, do=minute_check, args=(), kwargs={})
2026-09-14 16:39:25,088 - schedule - DEBUG - Running job Job(interval=1, unit=minutes, do=minute_check, args=(), kwargs={})
2026-09-14 16:40:17,742 - schedule - DEBUG - Running job Job(interval=1, unit=minutes, do=minute_check, args=(), kwargs={})
2026-09-14 16:40:25,109 - schedule - DEBUG - Running job Job(interval=1, unit=minutes, do=minute_check, args=(), kwargs={})
2026-09-14 16:41:17,763 - schedule - DEBUG - Running job Job(interval=1, unit=minutes, do=minute_check, args=(), kwargs={})
2026-09-14 16:41:25,129 - schedule - DEBUG - Running job Job(interval=1, unit=minutes, do=minute_check, args=(), kwargs={})
2026-09-14 16:42:17,783 - schedule - DEBUG - Running job Job(interval=1, unit=minutes, do=minute_check, args=(), kwargs={})
2026-09-14 16:42:25,150 - schedule - DEBUG - Running job Job(interval=1, unit=minutes, do=minute_check, args=(), kwargs={})
2026-09-14 16:43:17,804 - schedule - DEBUG - Running job Job(interval=1, unit=minutes, do=minute_check, args=(), kwargs={})
2026-09-14 16:43:25,170 - schedule - DEBUG - Running job Job(interval=1, unit=minutes, do=minute_check, args=(), kwargs={})
2026-09-14 16:44:17,824 - schedule - DEBUG - Running job Job(interval=1, unit=minutes, do=minute_check, args=(), kwargs={})
2026-09-14 16:44:25,191 - schedule - DEBUG - Running job Job(interval=1, unit=minutes, do=minute_check, args=(), kwargs={})
2026-09-14 16:45:17,845 - schedule - DEBUG - Running job Job(interval=1, unit=minutes, do=minute_check, args=(), kwargs={})
2026-09-14 16:45:25,211 - schedule - DEBUG - Running job Job(interval=1, unit=minutes, do=minute_check, args=(), kwargs={})
2026-09-14 16:46:17,865 - schedule - DEBUG - Running job Job(interval=1, unit=minutes, do=minute_check, args=(), kwargs={})
2026-09-14 16:46:25,232 - schedule - DEBUG - Running job Job(interval=1, unit=minutes, do=minute_check, args=(), kwargs={})
2026-09-14 16:47:17,886 - schedule - DEBUG - Running job Job(interval=1, unit=minutes, do=minute_check, args=(), kwargs={})
2026-09-14 16:47:25,252 - schedule - DEBUG - Running job Job(interval=1, unit=minutes, do=minute_check, args=(), kwargs={})
2026-09-14 16:48:17,907 - schedule - DEBUG - Running job Job(interval=1, unit=minutes, do=minute_check, args=(), kwargs={})
2026-09-14 16:48:25,273 - schedule - DEBUG - Running job Job(interval=1, unit=minutes, do=minute_check, args=(), kwargs={})
2026-09-14 16:49:17,927 - schedule - DEBUG - Running job Job(interval=1, unit=minutes, do=minute_check, args=(), kwargs={})
2026-09-14 16:49:25,294 - schedule - DEBUG - Running job Job(interval=1, unit=minutes, do=minute_check, args=(), kwargs={})
2026-09-14 16:50:17,948 - schedule - DEBUG - Running job Job(interval=1, unit=minutes, do=minute_check, args=(), kwargs={})
2026-09-14 16:50:25,315 - schedule - DEBUG - Running job Job(interval=1, unit=minutes, do=minute_check, args=(), kwargs={})
2026-09-14 16:51:17,969 - schedule - DEBUG - Running job Job(interval=1, unit=minutes, do=minute_check, args=(), kwargs={})
2026-09-14 16:51:25,335 - schedule - DEBUG - Running job Job(interval=1, unit=minutes, do=minute_check, args=(), kwargs={})
2026-09-14 16:52:17,990 - schedule - DEBUG - Running job Job(interval=1, unit=minutes, do=minute_check, args=(), kwargs={})
2026-09-14 16:52:25,356 - schedule - DEBUG - Running job Job(interval=1, unit=minutes, do=minute_check, args=(), kwargs={})
2026-09-14 16:53:18,010 - schedule - DEBUG - Running job Job(interval=1, unit=minutes, do=minute_check, args=(), kwargs={})
2026-09-14 16:53:25,377 - schedule - DEBUG - Running job Job(interval=1, unit=minutes, do=minute_check, args=(), kwargs={})
2026-09-14 16:54:18,031 - schedule - DEBUG - Running job Job(interval=1, unit=minutes, do=minute_check, args=(), kwargs={})
2026-09-14 16:54:25,397 - schedule - DEBUG - Running job Job(interval=1, unit=minutes, do=minute_check, args=(), kwargs={})
2026-09-14 16:55:18,051 - schedule - DEBUG - Running job Job(interval=1, unit=minutes, do=minute_check, args=(), kwargs={})
2026-09-14 16:55:25,418 - schedule - DEBUG - Running job Job(interval=1, unit=minutes, do=minute_check, args=(), kwargs={})
2026-09-14 16:56:18,072 - schedule - DEBUG - Running job Job(interval=1, unit=minutes, do=minute_check, args=(), kwargs={})
2026-09-14 16:56:25,438 - schedule - DEBUG - Running job Job(interval=1, unit=minutes, do=minute_check, args=(), kwargs={})
2026-09-14 16:57:18,092 - schedule - DEBUG - Running job Job(interval=1, unit=minutes, do=minute_check, args=(), kwargs={})
2026-09-14 16:57:25,459 - schedule - DEBUG - Running job Job(interval=1, unit=minutes, do=minute_check, args=(), kwargs={})
2026-09-14 16:58:18,113 - schedule - DEBUG - Running job Job(interval=1, unit=minutes, do=minute_check, args=(), kwargs={})
2026-09-14 16:58:25,479 - schedule - DEBUG - Running job Job(interval=1, unit=minutes, do=minute_check, args=(), kwargs={})
2026-09-14 16:59:18,133 - schedule - DEBUG - Running job Job(interval=1, unit=minutes, do=minute_check, args=(), kwargs={})
2026-09-14 16:59:25,501 - schedule - DEBUG - Running job Job(interval=1, unit=minutes, do=minute_check, args=(), kwargs={})
2026-09-14 17:00:18,154 - schedule - DEBUG - Running job Job(interval=1, unit=minutes, do=minute_check, args=(), kwargs={})
2026-09-14 17:00:25,521 - schedule - DEBUG - Running job Job(interval=1, unit=minutes, do=minute_check, args=(), kwargs={})
2026-09-14 17:01:18,175 - schedule - DEBUG - Running job Job(interval=1, unit=minutes, do=minute_check, args=(), kwargs={})
2026-09-14 17:01:25,542 - schedule - DEBUG - Running job Job(interval=1, unit=minutes, do=minute_check, args=(), kwargs={})
2026-09-14 17:02:18,195 - schedule - DEBUG - Running job Job(interval=1, unit=minutes, do=minute_check, args=(), kwargs={})
2026-09-14 17:02:25,562 - schedule - DEBUG - Running job Job(interval=1, unit=minutes, do=minute_check, args=(), kwargs={})
2026-09-14 17:03:18,215 - schedule - DEBUG - Running job Job(interval=1, unit=minutes, do=minute_check, args=(), kwargs={})
2026-09-14 17:03:25,583 - schedule - DEBUG - Running job Job(interval=1, unit=minutes, do=minute_check, args=(), kwargs={})
2026-09-14 17:04:18,235 - schedule - DEBUG - Running job Job(interval=1, unit=minutes, do=minute_check, args=(), kwargs={})
2026-09-14 17:04:25,603 - schedule - DEBUG - Running job Job(interval=1, unit=minutes, do=minute_check, args=(), kwargs={})
2026-09-14 17:05:18,256 - schedule - DEBUG - Running job Job(interval=1, unit=minutes, do=minute_check, args=(), kwargs={})
2026-09-14 17:05:25,624 - schedule - DEBUG - Running job Job(interval=1, unit=minutes, do=minute_check, args=(), kwargs={})
2026-09-14 17:06:18,276 - schedule - DEBUG - Running job Job(interval=1, unit=minutes, do=minute_check, args=(), kwargs={})
2026-09-14 17:06:25,646 - schedule - DEBUG - Running job Job(interval=1, unit=minutes, do=minute_check, args=(), kwargs={})
2026-09-14 17:07:18,297 - schedule - DEBUG - Running job Job(interval=1, unit=minutes, do=minute_check, args=(), kwargs={})
2026-09-14 17:07:25,666 - schedule - DEBUG - Running job Job(interval=1, unit=minutes, do=minute_check, args=(), kwargs={})
2026-09-14 17:08:18,317 - schedule - DEBUG - Running job Job(interval=1, unit=minutes, do=minute_check, args=(), kwargs={})
2026-09-14 17:08:25,687 - schedule - DEBUG - Running job Job(interval=1, unit=minutes, do=minute_check, args=(), kwargs={})
2026-09-14 17:09:18,338 - schedule - DEBUG - Running job Job(interval=1, unit=minutes, do=minute_check, args=(), kwargs={})
2026-09-14 17:09:25,707 - schedule - DEBUG - Running job Job(interval=1, unit=minutes, do=minute_check, args=(), kwargs={})
2026-09-14 17:10:18,358 - schedule - DEBUG - Running job Job(interval=1, unit=minutes, do=minute_check, args=(), kwargs={})
2026-09-14 17:10:25,728 - schedule - DEBUG - Running job Job(interval=1, unit=minutes, do=minute_check, args=(), kwargs={})
2026-09-14 17:11:18,379 - schedule - DEBUG - Running job Job(interval=1, unit=minutes, do=minute_check, args=(), kwargs={})
2026-09-14 17:11:25,749 - schedule - DEBUG - Running job Job(interval=1, unit=minutes, do=minute_check, args=(), kwargs={})
2026-09-14 17:12:18,399 - schedule - DEBUG - Running job Job(interval=1, unit=minutes, do=minute_check, args=(), kwargs={})
2026-09-14 17:12:25,771 - schedule - DEBUG - Running job Job(interval=1, unit=minutes, do=minute_check, args=(), kwargs={})
2026-09-14 17:13:18,420 - schedule - DEBUG - Running job Job(interval=1, unit=minutes, do=minute_check, args=(), kwargs={})
2026-09-14 17:13:25,791 - schedule - DEBUG - Running job Job(interval=1, unit=minutes, do=minute_check, args=(), kwargs={})
2026-09-14 17:14:18,441 - schedule - DEBUG - Running job Job(interval=1, unit=minutes, do=minute_check, args=(), kwargs={})
2026-09-14 17:14:25,812 - schedule - DEBUG - Running job Job(interval=1, unit=minutes, do=minute_check, args=(), kwargs={})
2026-09-14 17:15:18,461 - schedule - DEBUG - Running job Job(interval=1, unit=minutes, do=minute_check, args=(), kwargs={})
2026-09-14 17:15:25,832 - schedule - DEBUG - Running job Job(interval=1, unit=minutes, do=minute_check, args=(), kwargs={})
2026-09-14 17:16:18,482 - schedule - DEBUG - Running job Job(interval=1, unit=minutes, do=minute_check, args=(), kwargs={})
2026-09-14 17:16:25,853 - schedule - DEBUG - Running job Job(interval=1, unit=minutes, do=minute_check, args=(), kwargs={})
2026-09-14 17:17:18,502 - schedule - DEBUG - Running job Job(interval=1, unit=minutes, do=minute_check, args=(), kwargs={})
2026-09-14 17:17:25,873 - schedule - DEBUG - Running job Job(interval=1, unit=minutes, do=minute_check, args=(), kwargs={})
2026-09-14 17:18:18,523 - schedule - DEBUG - Running job Job(interval=1, unit=minutes, do=minute_check, args=(), kwargs={})
2026-09-14 17:18:25,894 - schedule - DEBUG - Running job Job(interval=1, unit=minutes, do=minute_check, args=(), kwargs={})
2026-09-14 17:19:18,544 - schedule - DEBUG - Running job Job(interval=1, unit=minutes, do=minute_check, args=(), kwargs={})
2026-09-14 17:19:25,915 - schedule - DEBUG - Running job Job(interval=1, unit=minutes, do=minute_check, args=(), kwargs={})
2026-09-14 17:20:18,565 - schedule - DEBUG - Running job Job(interval=1, unit=minutes, do=minute_check, args=(), kwargs={})
2026-09-14 17:20:25,935 - schedule - DEBUG - Running job Job(interval=1, unit=minutes, do=minute_check, args=(), kwargs={})
2026-09-14 17:21:18,585 - schedule - DEBUG - Running job Job(interval=1, unit=minutes, do=minute_check, args=(), kwargs={})
2026-09-14 17:21:25,955 - schedule - DEBUG - Running job Job(interval=1, unit=minutes, do=minute_check, args=(), kwargs={})
2026-09-14 17:22:18,606 - schedule - DEBUG - Running job Job(interval=1, unit=minutes, do=minute_check, args=(), kwargs={})
2026-09-14 17:22:25,975 - schedule - DEBUG - Running job Job(interval=1, unit=minutes, do=minute_check, args=(), kwargs={})
2026-09-14 17:23:18,626 - schedule - DEBUG - Running job Job(interval=1, unit=minutes, do=minute_check, args=(), kwargs={})
2026-09-14 17:23:25,996 - schedule - DEBUG - Running job Job(interval=1, unit=minutes, do=minute_check, args=(), kwargs={})
2026-09-14 17:24:18,647 - schedule - DEBUG - Running job Job(interval=1, unit=minutes, do=minute_check, args=(), kwargs={})
2026-09-14 17:24:26,016 - schedule - DEBUG - Running job Job(interval=1, unit=minutes, do=minute_check, args=(), kwargs={})
2026-09-14 17:25:18,668 - schedule - DEBUG - Running job Job(interval=1, unit=minutes, do=minute_check, args=(), kwargs={})
2026-09-14 17:25:26,037 - schedule - DEBUG - Running job Job(interval=1, unit=minutes, do=minute_check, args=(), kwargs={})
2026-09-14 17:26:18,688 - schedule - DEBUG - Running job Job(interval=1, unit=minutes, do=minute_check, args=(), kwargs={})
2026-09-14 17:26:26,057 - schedule - DEBUG - Running job Job(interval=1, unit=minutes, do=minute_check, args=(), kwargs={})
2026-09-14 17:27:18,709 - schedule - DEBUG - Running job Job(interval=1, unit=minutes, do=minute_check, args=(), kwargs={})
2026-09-14 17:27:26,078 - schedule - DEBUG - Running job Job(interval=1, unit=minutes, do=minute_check, args=(), kwargs={})
2026-09-14 17:28:18,729 - schedule - DEBUG - Running job Job(interval=1, unit=minutes, do=minute_check, args=(), kwargs={})
2026-09-14 17:28:26,099 - schedule - DEBUG - Running job Job(interval=1, unit=minutes, do=minute_check, args=(), kwargs={})
2026-09-14 17:29:18,750 - schedule - DEBUG - Running job Job(interval=1, unit=minutes, do=minute_check, args=(), kwargs={})
2026-09-14 17:29:26,120 - schedule - DEBUG - Running job Job(interval=1, unit=minutes, do=minute_check, args=(), kwargs={})
2026-09-14 17:30:18,770 - schedule - DEBUG - Running job Job(interval=1, unit=minutes, do=minute_check, args=(), kwargs={})
2026-09-14 17:30:26,141 - schedule - DEBUG - Running job Job(interval=1, unit=minutes, do=minute_check, args=(), kwargs={})
2026-09-14 17:31:18,791 - schedule - DEBUG - Running job Job(interval=1, unit=minutes, do=minute_check, args=(), kwargs={})
2026-09-14 17:31:26,161 - schedule - DEBUG - Running job Job(interval=1, unit=minutes, do=minute_check, args=(), kwargs={})
2026-09-14 17:32:18,811 - schedule - DEBUG - Running job Job(interval=1, unit=minutes, do=minute_check, args=(), kwargs={})
2026-09-14 17:32:26,182 - schedule - DEBUG - Running job Job(interval=1, unit=minutes, do=minute_check, args=(), kwargs={})
2026-09-14 17:33:18,832 - schedule - DEBUG - Running job Job(interval=1, unit=minutes, do=minute_check, args=(), kwargs={})
2026-09-14 17:33:26,202 - schedule - DEBUG - Running job Job(interval=1, unit=minutes, do=minute_check, args=(), kwargs={})
2026-09-14 17:34:18,852 - schedule - DEBUG - Running job Job(interval=1, unit=minutes, do=minute_check, args=(), kwargs={})
2026-09-14 17:34:26,223 - schedule - DEBUG - Running job Job(interval=1, unit=minutes, do=minute_check, args=(), kwargs={})
2026-09-14 17:35:18,874 - schedule - DEBUG - Running job Job(interval=1, unit=minutes, do=minute_check, args=(), kwargs={})
2026-09-14 17:35:26,243 - schedule - DEBUG - Running job Job(interval=1, unit=minutes, do=minute_check, args=(), kwargs={})
2026-09-14 17:36:18,895 - schedule - DEBUG - Running job Job(interval=1, unit=minutes, do=minute_check, args=(), kwargs={})
2026-09-14 17:36:26,264 - schedule - DEBUG - Running job Job(interval=1, unit=minutes, do=minute_check, args=(), kwargs={})
2026-09-14 17:37:18,916 - schedule - DEBUG - Running job Job(interval=1, unit=minutes, do=minute_check, args=(), kwargs={})
2026-09-14 17:37:26,284 - schedule - DEBUG - Running job Job(interval=1, unit=minutes, do=minute_check, args=(), kwargs={})
2026-09-14 17:38:18,937 - schedule - DEBUG - Running job Job(interval=1, unit=minutes, do=minute_check, args=(), kwargs={})
2026-09-14 17:38:26,305 - schedule - DEBUG - Running job Job(interval=1, unit=minutes, do=minute_check, args=(), kwargs={})
2026-09-14 17:39:18,957 - schedule - DEBUG - Running job Job(interval=1, unit=minutes, do=minute_check, args=(), kwargs={})
2026-09-14 17:39:26,325 - schedule - DEBUG - Running job Job(interval=1, unit=minutes, do=minute_check, args=(), kwargs={})
2026-09-14 17:40:18,978 - schedule - DEBUG - Running job Job(interval=1, unit=minutes, do=minute_check, args=(), kwargs={})
2026-09-14 17:40:26,346 - schedule - DEBUG - Running job Job(interval=1, unit=minutes, do=minute_check, args=(), kwargs={})
2026-09-14 17:41:18,998 - schedule - DEBUG - Running job Job(interval=1, unit=minutes, do=minute_check, args=(), kwargs={})
2026-09-14 17:41:26,366 - schedule - DEBUG - Running job Job(interval=1, unit=minutes, do=minute_check, args=(), kwargs={})
2026-09-14 17:42:19,019 - schedule - DEBUG - Running job Job(interval=1, unit=minutes, do=minute_check, args=(), kwargs={})
2026-09-14 17:42:26,387 - schedule - DEBUG - Running job Job(interval=1, unit=minutes, do=minute_check, args=(), kwargs={})
2026-09-14 17:43:19,040 - schedule - DEBUG - Running job Job(interval=1, unit=minutes, do=minute_check, args=(), kwargs={})
2026-09-14 17:43:26,408 - schedule - DEBUG - Running job Job(interval=1, unit=minutes, do=minute_check, args=(), kwargs={})
2026-09-14 17:44:19,061 - schedule - DEBUG - Running job Job(interval=1, unit=minutes, do=minute_check, args=(), kwargs={})
2026-09-14 17:44:26,428 - schedule - DEBUG - Running job Job(interval=1, unit=minutes, do=minute_check, args=(), kwargs={})
2026-09-14 17:45:19,081 - schedule - DEBUG - Running job Job(interval=1, unit=minutes, do=minute_check, args=(), kwargs={})
2026-09-14 17:45:26,449 - schedule - DEBUG - Running job Job(interval=1, unit=minutes, do=minute_check, args=(), kwargs={})
2026-09-14 17:46:19,102 - schedule - DEBUG - Running job Job(interval=1, unit=minutes, do=minute_check, args=(), kwargs={})
2026-09-14 17:46:26,469 - schedule - DEBUG - Running job Job(interval=1, unit=minutes, do=minute_check, args=(), kwargs={})
2026-09-14 17:47:19,122 - schedule - DEBUG - Running job Job(interval=1, unit=minutes, do=minute_check, args=(), kwargs={})
2026-09-14 17:47:26,490 - schedule - DEBUG - Running job Job(interval=1, unit=minutes, do=minute_check, args=(), kwargs={})
2026-09-14 17:48:19,143 - schedule - DEBUG - Running job Job(interval=1, unit=minutes, do=minute_check, args=(), kwargs={})
2026-09-14 17:48:26,511 - schedule - DEBUG - Running job Job(interval=1, unit=minutes, do=minute_check, args=(), kwargs={})
2026-09-14 17:49:19,163 - schedule - DEBUG - Running job Job(interval=1, unit=minutes, do=minute_check, args=(), kwargs={})
2026-09-14 17:49:26,532 - schedule - DEBUG - Running job Job(interval=1, unit=minutes, do=minute_check, args=(), kwargs={})
2026-09-14 17:50:19,184 - schedule - DEBUG - Running job Job(interval=1, unit=minutes, do=minute_check, args=(), kwargs={})
2026-09-14 17:50:26,552 - schedule - DEBUG - Running job Job(interval=1, unit=minutes, do=minute_check, args=(), kwargs={})
2026-09-14 17:51:19,205 - schedule - DEBUG - Running job Job(interval=1, unit=minutes, do=minute_check, args=(), kwargs={})
2026-09-14 17:51:26,574 - schedule - DEBUG - Running job Job(interval=1, unit=minutes, do=minute_check, args=(), kwargs={})
2026-09-14 17:52:19,226 - schedule - DEBUG - Running job Job(interval=1, unit=minutes, do=minute_check, args=(), kwargs={})
2026-09-14 17:52:26,594 - schedule - DEBUG - Running job Job(interval=1, unit=minutes, do=minute_check, args=(), kwargs={})
2026-09-14 17:53:19,247 - schedule - DEBUG - Running job Job(interval=1, unit=minutes, do=minute_check, args=(), kwargs={})
2026-09-14 17:53:26,615 - schedule - DEBUG - Running job Job(interval=1, unit=minutes, do=minute_check, args=(), kwargs={})
2026-09-14 17:54:19,267 - schedule - DEBUG - Running job Job(interval=1, unit=minutes, do=minute_check, args=(), kwargs={})
2026-09-14 17:54:26,635 - schedule - DEBUG - Running job Job(interval=1, unit=minutes, do=minute_check, args=(), kwargs={})
2026-09-14 17:55:19,288 - schedule - DEBUG - Running job Job(interval=1, unit=minutes, do=minute_check, args=(), kwargs={})
2026-09-14 17:55:26,656 - schedule - DEBUG - Running job Job(interval=1, unit=minutes, do=minute_check, args=(), kwargs={})
2026-09-14 17:56:19,308 - schedule - DEBUG - Running job Job(interval=1, unit=minutes, do=minute_check, args=(), kwargs={})
2026-09-14 17:56:26,677 - schedule - DEBUG - Running job Job(interval=1, unit=minutes, do=minute_check, args=(), kwargs={})
2026-09-14 17:57:19,329 - schedule - DEBUG - Running job Job(interval=1, unit=minutes, do=minute_check, args=(), kwargs={})
2026-09-14 17:57:26,697 - schedule - DEBUG - Running job Job(interval=1, unit=minutes, do=minute_check, args=(), kwargs={})
2026-09-14 17:58:19,363 - schedule - DEBUG - Running job Job(interval=1, unit=minutes, do=minute_check, args=(), kwargs={})
2026-09-14 17:58:26,718 - schedule - DEBUG - Running job Job(interval=1, unit=minutes, do=minute_check, args=(), kwargs={})
2026-09-14 17:59:19,384 - schedule - DEBUG - Running job Job(interval=1, unit=minutes, do=minute_check, args=(), kwargs={})
2026-09-14 17:59:26,738 - schedule - DEBUG - Running job Job(interval=1, unit=minutes, do=minute_check, args=(), kwargs={})
2026-09-14 18:00:19,405 - schedule - DEBUG - Running job Job(interval=1, unit=minutes, do=minute_check, args=(), kwargs={})
2026-09-14 18:00:26,759 - schedule - DEBUG - Running job Job(interval=1, unit=minutes, do=minute_check, args=(), kwargs={})
2026-09-14 18:01:19,426 - schedule - DEBUG - Running job Job(interval=1, unit=minutes, do=minute_check, args=(), kwargs={})
2026-09-14 18:01:26,779 - schedule - DEBUG - Running job Job(interval=1, unit=minutes, do=minute_check, args=(), kwargs={})
2026-09-14 18:02:19,446 - schedule - DEBUG - Running job Job(interval=1, unit=minutes, do=minute_check, args=(), kwargs={})
2026-09-14 18:02:26,801 - schedule - DEBUG - Running job Job(interval=1, unit=minutes, do=minute_check, args=(), kwargs={})
2026-09-14 18:03:19,467 - schedule - DEBUG - Running job Job(interval=1, unit=minutes, do=minute_check, args=(), kwargs={})
2026-09-14 18:03:26,821 - schedule - DEBUG - Running job Job(interval=1, unit=minutes, do=minute_check, args=(), kwargs={})
2026-09-14 18:04:19,488 - schedule - DEBUG - Running job Job(interval=1, unit=minutes, do=minute_check, args=(), kwargs={})
2026-09-14 18:04:26,842 - schedule - DEBUG - Running job Job(interval=1, unit=minutes, do=minute_check, args=(), kwargs={})
2026-09-14 18:05:19,508 - schedule - DEBUG - Running job Job(interval=1, unit=minutes, do=minute_check, args=(), kwargs={})
2026-09-14 18:05:26,862 - schedule - DEBUG - Running job Job(interval=1, unit=minutes, do=minute_check, args=(), kwargs={})
2026-09-14 18:06:19,529 - schedule - DEBUG - Running job Job(interval=1, unit=minutes, do=minute_check, args=(), kwargs={})
2026-09-14 18:06:26,883 - schedule - DEBUG - Running job Job(interval=1, unit=minutes, do=minute_check, args=(), kwargs={})
2026-09-14 18:07:19,549 - schedule - DEBUG - Running job Job(interval=1, unit=minutes, do=minute_check, args=(), kwargs={})
2026-09-14 18:07:26,904 - schedule - DEBUG - Running job Job(interval=1, unit=minutes, do=minute_check, args=(), kwargs={})
2026-09-14 18:08:19,571 - schedule - DEBUG - Running job Job(interval=1, unit=minutes, do=minute_check, args=(), kwargs={})
2026-09-14 18:08:26,924 - schedule - DEBUG - Running job Job(interval=1, unit=minutes, do=minute_check, args=(), kwargs={})
2026-09-14 18:09:19,591 - schedule - DEBUG - Running job Job(interval=1, unit=minutes, do=minute_check, args=(), kwargs={})
2026-09-14 18:09:26,945 - schedule - DEBUG - Running job Job(interval=1, unit=minutes, do=minute_check, args=(), kwargs={})
2026-09-14 18:10:19,612 - schedule - DEBUG - Running job Job(interval=1, unit=minutes, do=minute_check, args=(), kwargs={})
2026-09-14 18:10:26,965 - schedule - DEBUG - Running job Job(interval=1, unit=minutes, do=minute_check, args=(), kwargs={})
2026-09-14 18:11:19,632 - schedule - DEBUG - Running job Job(interval=1, unit=minutes, do=minute_check, args=(), kwargs={})
2026-09-14 18:11:26,987 - schedule - DEBUG - Running job Job(interval=1, unit=minutes, do=minute_check, args=(), kwargs={})
2026-09-14 18:12:19,654 - schedule - DEBUG - Running job Job(interval=1, unit=minutes, do=minute_check, args=(), kwargs={})
2026-09-14 18:12:27,007 - schedule - DEBUG - Running job Job(interval=1, unit=minutes, do=minute_check, args=(), kwargs={})
2026-09-14 18:13:19,674 - schedule - DEBUG - Running job Job(interval=1, unit=minutes, do=minute_check, args=(), kwargs={})
2026-09-14 18:13:27,028 - schedule - DEBUG - Running job Job(interval=1, unit=minutes, do=minute_check, args=(), kwargs={})
2026-09-14 18:14:19,695 - schedule - DEBUG - Running job Job(interval=1, unit=minutes, do=minute_check, args=(), kwargs={})
2026-09-14 18:14:27,048 - schedule - DEBUG - Running job Job(interval=1, unit=minutes, do=minute_check, args=(), kwargs={})
2026-09-14 18:15:19,715 - schedule - DEBUG - Running job Job(interval=1, unit=minutes, do=minute_check, args=(), kwargs={})
2026-09-14 18:15:27,069 - schedule - DEBUG - Running job Job(interval=1, unit=minutes, do=minute_check, args=(), kwargs={})
2026-09-14 18:16:19,736 - schedule - DEBUG - Running job Job(interval=1, unit=minutes, do=minute_check, args=(), kwargs={})
2026-09-14 18:16:27,089 - schedule - DEBUG - Running job Job(interval=1, unit=minutes, do=minute_check, args=(), kwargs={})
2026-09-14 18:17:19,757 - schedule - DEBUG - Running job Job(interval=1, unit=minutes, do=minute_check, args=(), kwargs={})
2026-09-14 18:17:27,110 - schedule - DEBUG - Running job Job(interval=1, unit=minutes, do=minute_check, args=(), kwargs={})
2026-09-14 18:18:19,777 - schedule - DEBUG - Running job Job(interval=1, unit=minutes, do=minute_check, args=(), kwargs={})
2026-09-14 18:18:27,130 - schedule - DEBUG - Running job Job(interval=1, unit=minutes, do=minute_check, args=(), kwargs={})
2026-09-14 18:19:19,798 - schedule - DEBUG - Running job Job(interval=1, unit=minutes, do=minute_check, args=(), kwargs={})
2026-09-14 18:19:27,152 - schedule - DEBUG - Running job Job(interval=1, unit=minutes, do=minute_check, args=(), kwargs={})
2026-09-14 18:20:19,818 - schedule - DEBUG - Running job Job(interval=1, unit=minutes, do=minute_check, args=(), kwargs={})
2026-09-14 18:20:27,173 - schedule - DEBUG - Running job Job(interval=1, unit=minutes, do=minute_check, args=(), kwargs={})
2026-09-14 18:21:19,839 - schedule - DEBUG - Running job Job(interval=1, unit=minutes, do=minute_check, args=(), kwargs={})
2026-09-14 18:21:27,193 - schedule - DEBUG - Running job Job(interval=1, unit=minutes, do=minute_check, args=(), kwargs={})
2026-09-14 18:22:19,859 - schedule - DEBUG - Running job Job(interval=1, unit=minutes, do=minute_check, args=(), kwargs={})
2026-09-14 18:22:27,214 - schedule - DEBUG - Running job Job(interval=1, unit=minutes, do=minute_check, args=(), kwargs={})
2026-09-14 18:23:19,880 - schedule - DEBUG - Running job Job(interval=1, unit=minutes, do=minute_check, args=(), kwargs={})
2026-09-14 18:23:27,234 - schedule - DEBUG - Running job Job(interval=1, unit=minutes, do=minute_check, args=(), kwargs={})
2026-09-14 18:24:19,900 - schedule - DEBUG - Running job Job(interval=1, unit=minutes, do=minute_check, args=(), kwargs={})
2026-09-14 18:24:27,256 - schedule - DEBUG - Running job Job(interval=1, unit=minutes, do=minute_check, args=(), kwargs={})
2026-09-14 18:25:19,921 - schedule - DEBUG - Running job Job(interval=1, unit=minutes, do=minute_check, args=(), kwargs={})
2026-09-14 18:25:27,276 - schedule - DEBUG - Running job Job(interval=1, unit=minutes, do=minute_check, args=(), kwargs={})
2026-09-14 18:26:19,941 - schedule - DEBUG - Running job Job(interval=1, unit=minutes, do=minute_check, args=(), kwargs={})
2026-09-14 18:26:27,297 - schedule - DEBUG - Running job Job(interval=1, unit=minutes, do=minute_check, args=(), kwargs={})
2026-09-14 18:27:19,962 - schedule - DEBUG - Running job Job(interval=1, unit=minutes, do=minute_check, args=(), kwargs={})
2026-09-14 18:27:27,317 - schedule - DEBUG - Running job Job(interval=1, unit=minutes, do=minute_check, args=(), kwargs={})
2026-09-14 18:28:19,983 - schedule - DEBUG - Running job Job(interval=1, unit=minutes, do=minute_check, args=(), kwargs={})
2026-09-14 18:28:27,338 - schedule - DEBUG - Running job Job(interval=1, unit=minutes, do=minute_check, args=(), kwargs={})
2026-09-14 18:29:20,003 - schedule - DEBUG - Running job Job(interval=1, unit=minutes, do=minute_check, args=(), kwargs={})
2026-09-14 18:29:27,360 - schedule - DEBUG - Running job Job(interval=1, unit=minutes, do=minute_check, args=(), kwargs={})
2026-09-14 18:30:20,024 - schedule - DEBUG - Running job Job(interval=1, unit=minutes, do=minute_check, args=(), kwargs={})
2026-09-14 18:30:27,381 - schedule - DEBUG - Running job Job(interval=1, unit=minutes, do=minute_check, args=(), kwargs={})
2026-09-14 18:31:20,044 - schedule - DEBUG - Running job Job(interval=1, unit=minutes, do=minute_check, args=(), kwargs={})
2026-09-14 18:31:27,401 - schedule - DEBUG - Running job Job(interval=1, unit=minutes, do=minute_check, args=(), kwargs={})
2026-09-14 18:32:20,066 - schedule - DEBUG - Running job Job(interval=1, unit=minutes, do=minute_check, args=(), kwargs={})
2026-09-14 18:32:27,422 - schedule - DEBUG - Running job Job(interval=1, unit=minutes, do=minute_check, args=(), kwargs={})
2026-09-14 18:33:20,086 - schedule - DEBUG - Running job Job(interval=1, unit=minutes, do=minute_check, args=(), kwargs={})
2026-09-14 18:33:27,443 - schedule - DEBUG - Running job Job(interval=1, unit=minutes, do=minute_check, args=(), kwargs={})
2026-09-14 18:34:20,107 - schedule - DEBUG - Running job Job(interval=1, unit=minutes, do=minute_check, args=(), kwargs={})
2026-09-14 18:34:27,463 - schedule - DEBUG - Running job Job(interval=1, unit=minutes, do=minute_check, args=(), kwargs={})
2026-09-14 18:35:20,127 - schedule - DEBUG - Running job Job(interval=1, unit=minutes, do=minute_check, args=(), kwargs={})
2026-09-14 18:35:27,484 - schedule - DEBUG - Running job Job(interval=1, unit=minutes, do=minute_check, args=(), kwargs={})
2026-09-14 18:36:20,148 - schedule - DEBUG - Running job Job(interval=1, unit=minutes, do=minute_check, args=(), kwargs={})
2026-09-14 18:36:27,504 - schedule - DEBUG - Running job Job(interval=1, unit=minutes, do=minute_check, args=(), kwargs={})
2026-09-14 18:37:20,168 - schedule - DEBUG - Running job Job(interval=1, unit=minutes, do=minute_check, args=(), kwargs={})
2026-09-14 18:37:27,525 - schedule - DEBUG - Running job Job(interval=1, unit=minutes, do=minute_check, args=(), kwargs={})
2026-09-14 18:38:20,189 - schedule - DEBUG - Running job Job(interval=1, unit=minutes, do=minute_check, args=(), kwargs={})
2026-09-14 18:38:27,545 - schedule - DEBUG - Running job Job(interval=1, unit=minutes, do=minute_check, args=(), kwargs={})
2026-09-14 18:39:20,209 - schedule - DEBUG - Running job Job(interval=1, unit=minutes, do=minute_check, args=(), kwargs={})
2026-09-14 18:39:27,566 - schedule - DEBUG - Running job Job(interval=1, unit=minutes, do=minute_check, args=(), kwargs={})
2026-09-14 18:40:20,230 - schedule - DEBUG - Running job Job(interval=1, unit=minutes, do=minute_check, args=(), kwargs={})
2026-09-14 18:40:27,586 - schedule - DEBUG - Running job Job(interval=1, unit=minutes, do=minute_check, args=(), kwargs={})
2026-09-14 18:41:20,251 - schedule - DEBUG - Running job Job(interval=1, unit=minutes, do=minute_check, args=(), kwargs={})
2026-09-14 18:41:27,607 - schedule - DEBUG - Running job Job(interval=1, unit=minutes, do=minute_check, args=(), kwargs={})
2026-09-14 18:42:20,271 - schedule - DEBUG - Running job Job(interval=1, unit=minutes, do=minute_check, args=(), kwargs={})
2026-09-14 18:42:27,627 - schedule - DEBUG - Running job Job(interval=1, unit=minutes, do=minute_check, args=(), kwargs={})
2026-09-14 18:43:20,292 - schedule - DEBUG - Running job Job(interval=1, unit=minutes, do=minute_check, args=(), kwargs={})
2026-09-14 18:43:27,649 - schedule - DEBUG - Running job Job(interval=1, unit=minutes, do=minute_check, args=(), kwargs={})
2026-09-14 18:44:20,312 - schedule - DEBUG - Running job Job(interval=1, unit=minutes, do=minute_check, args=(), kwargs={})
2026-09-14 18:44:27,670 - schedule - DEBUG - Running job Job(interval=1, unit=minutes, do=minute_check, args=(), kwargs={})
2026-09-14 18:45:20,333 - schedule - DEBUG - Running job Job(interval=1, unit=minutes, do=minute_check, args=(), kwargs={})
2026-09-14 18:45:27,691 - schedule - DEBUG - Running job Job(interval=1, unit=minutes, do=minute_check, args=(), kwargs={})
2026-09-14 18:46:20,353 - schedule - DEBUG - Running job Job(interval=1, unit=minutes, do=minute_check, args=(), kwargs={})
2026-09-14 18:46:27,712 - schedule - DEBUG - Running job Job(interval=1, unit=minutes, do=minute_check, args=(), kwargs={})
2026-09-14 18:47:20,374 - schedule - DEBUG - Running job Job(interval=1, unit=minutes, do=minute_check, args=(), kwargs={})
2026-09-14 18:47:27,732 - schedule - DEBUG - Running job Job(interval=1, unit=minutes, do=minute_check, args=(), kwargs={})
2026-09-14 18:48:20,394 - schedule - DEBUG - Running job Job(interval=1, unit=minutes, do=minute_check, args=(), kwargs={})
2026-09-14 18:48:27,753 - schedule - DEBUG - Running job Job(interval=1, unit=minutes, do=minute_check, args=(), kwargs={})
2026-09-14 18:49:20,415 - schedule - DEBUG - Running job Job(interval=1, unit=minutes, do=minute_check, args=(), kwargs={})
2026-09-14 18:49:27,773 - schedule - DEBUG - Running job Job(interval=1, unit=minutes, do=minute_check, args=(), kwargs={})
2026-09-14 18:50:20,435 - schedule - DEBUG - Running job Job(interval=1, unit=minutes, do=minute_check, args=(), kwargs={})
2026-09-14 18:50:27,794 - schedule - DEBUG - Running job Job(interval=1, unit=minutes, do=minute_check, args=(), kwargs={})
2026-09-14 18:51:20,456 - schedule - DEBUG - Running job Job(interval=1, unit=minutes, do=minute_check, args=(), kwargs={})
2026-09-14 18:51:27,814 - schedule - DEBUG - Running job Job(interval=1, unit=minutes, do=minute_check, args=(), kwargs={})
2026-09-14 18:52:20,476 - schedule - DEBUG - Running job Job(interval=1, unit=minutes, do=minute_check, args=(), kwargs={})
2026-09-14 18:52:27,835 - schedule - DEBUG - Running job Job(interval=1, unit=minutes, do=minute_check, args=(), kwargs={})
2026-09-14 18:53:20,497 - schedule - DEBUG - Running job Job(interval=1, unit=minutes, do=minute_check, args=(), kwargs={})
2026-09-14 18:53:27,855 - schedule - DEBUG - Running job Job(interval=1, unit=minutes, do=minute_check, args=(), kwargs={})
2026-09-14 18:54:20,518 - schedule - DEBUG - Running job Job(interval=1, unit=minutes, do=minute_check, args=(), kwargs={})
2026-09-14 18:54:27,876 - schedule - DEBUG - Running job Job(interval=1, unit=minutes, do=minute_check, args=(), kwargs={})
2026-09-14 18:55:20,538 - schedule - DEBUG - Running job Job(interval=1, unit=minutes, do=minute_check, args=(), kwargs={})
2026-09-14 18:55:27,897 - schedule - DEBUG - Running job Job(interval=1, unit=minutes, do=minute_check, args=(), kwargs={})
2026-09-14 18:56:20,560 - schedule - DEBUG - Running job Job(interval=1, unit=minutes, do=minute_check, args=(), kwargs={})
2026-09-14 18:56:27,918 - schedule - DEBUG - Running job Job(interval=1, unit=minutes, do=minute_check, args=(), kwargs={})
2026-09-14 18:57:20,580 - schedule - DEBUG - Running job Job(interval=1, unit=minutes, do=minute_check, args=(), kwargs={})
2026-09-14 18:57:27,939 - schedule - DEBUG - Running job Job(interval=1, unit=minutes, do=minute_check, args=(), kwargs={})
2026-09-14 18:58:20,601 - schedule - DEBUG - Running job Job(interval=1, unit=minutes, do=minute_check, args=(), kwargs={})
2026-09-14 18:58:27,959 - schedule - DEBUG - Running job Job(interval=1, unit=minutes, do=minute_check, args=(), kwargs={})
2026-09-14 18:59:20,621 - schedule - DEBUG - Running job Job(interval=1, unit=minutes, do=minute_check, args=(), kwargs={})
2026-09-14 18:59:27,980 - schedule - DEBUG - Running job Job(interval=1, unit=minutes, do=minute_check, args=(), kwargs={})
2026-09-14 19:00:20,642 - schedule - DEBUG - Running job Job(interval=1, unit=minutes, do=minute_check, args=(), kwargs={})
2026-09-14 19:00:28,000 - schedule - DEBUG - Running job Job(interval=1, unit=minutes, do=minute_check, args=(), kwargs={})
2026-09-14 19:01:20,662 - schedule - DEBUG - Running job Job(interval=1, unit=minutes, do=minute_check, args=(), kwargs={})
2026-09-14 19:01:28,021 - schedule - DEBUG - Running job Job(interval=1, unit=minutes, do=minute_check, args=(), kwargs={})
2026-09-14 19:02:20,683 - schedule - DEBUG - Running job Job(interval=1, unit=minutes, do=minute_check, args=(), kwargs={})
2026-09-14 19:02:28,041 - schedule - DEBUG - Running job Job(interval=1, unit=minutes, do=minute_check, args=(), kwargs={})
2026-09-14 19:03:20,703 - schedule - DEBUG - Running job Job(interval=1, unit=minutes, do=minute_check, args=(), kwargs={})
2026-09-14 19:03:28,062 - schedule - DEBUG - Running job Job(interval=1, unit=minutes, do=minute_check, args=(), kwargs={})
2026-09-14 19:04:20,724 - schedule - DEBUG - Running job Job(interval=1, unit=minutes, do=minute_check, args=(), kwargs={})
2026-09-14 19:04:28,083 - schedule - DEBUG - Running job Job(interval=1, unit=minutes, do=minute_check, args=(), kwargs={})
2026-09-14 19:05:20,745 - schedule - DEBUG - Running job Job(interval=1, unit=minutes, do=minute_check, args=(), kwargs={})
2026-09-14 19:05:28,104 - schedule - DEBUG - Running job Job(interval=1, unit=minutes, do=minute_check, args=(), kwargs={})
2026-09-14 19:06:20,765 - schedule - DEBUG - Running job Job(interval=1, unit=minutes, do=minute_check, args=(), kwargs={})
2026-09-14 19:06:28,124 - schedule - DEBUG - Running job Job(interval=1, unit=minutes, do=minute_check, args=(), kwargs={})
2026-09-14 19:07:20,786 - schedule - DEBUG - Running job Job(interval=1, unit=minutes, do=minute_check, args=(), kwargs={})
2026-09-14 19:07:28,145 - schedule - DEBUG - Running job Job(interval=1, unit=minutes, do=minute_check, args=(), kwargs={})
2026-09-14 19:08:20,806 - schedule - DEBUG - Running job Job(interval=1, unit=minutes, do=minute_check, args=(), kwargs={})
2026-09-14 19:08:28,165 - schedule - DEBUG - Running job Job(interval=1, unit=minutes, do=minute_check, args=(), kwargs={})
2026-09-14 19:09:20,827 - schedule - DEBUG - Running job Job(interval=1, unit=minutes, do=minute_check, args=(), kwargs={})
2026-09-14 19:09:28,186 - schedule - DEBUG - Running job Job(interval=1, unit=minutes, do=minute_check, args=(), kwargs={})
2026-09-14 19:10:20,847 - schedule - DEBUG - Running job Job(interval=1, unit=minutes, do=minute_check, args=(), kwargs={})
2026-09-14 19:10:28,207 - schedule - DEBUG - Running job Job(interval=1, unit=minutes, do=minute_check, args=(), kwargs={})
2026-09-14 19:11:20,868 - schedule - DEBUG - Running job Job(interval=1, unit=minutes, do=minute_check, args=(), kwargs={})
2026-09-14 19:11:28,227 - schedule - DEBUG - Running job Job(interval=1, unit=minutes, do=minute_check, args=(), kwargs={})
2026-09-14 19:12:20,888 - schedule - DEBUG - Running job Job(interval=1, unit=minutes, do=minute_check, args=(), kwargs={})
2026-09-14 19:12:28,247 - schedule - DEBUG - Running job Job(interval=1, unit=minutes, do=minute_check, args=(), kwargs={})
2026-09-14 19:13:20,909 - schedule - DEBUG - Running job Job(interval=1, unit=minutes, do=minute_check, args=(), kwargs={})
2026-09-14 19:13:28,267 - schedule - DEBUG - Running job Job(interval=1, unit=minutes, do=minute_check, args=(), kwargs={})
2026-09-14 19:14:20,929 - schedule - DEBUG - Running job Job(interval=1, unit=minutes, do=minute_check, args=(), kwargs={})
2026-09-14 19:14:28,288 - schedule - DEBUG - Running job Job(interval=1, unit=minutes, do=minute_check, args=(), kwargs={})
2026-09-14 19:15:20,951 - schedule - DEBUG - Running job Job(interval=1, unit=minutes, do=minute_check, args=(), kwargs={})
2026-09-14 19:15:28,308 - schedule - DEBUG - Running job Job(interval=1, unit=minutes, do=minute_check, args=(), kwargs={})
2026-09-14 19:16:20,970 - schedule - DEBUG - Running job Job(interval=1, unit=minutes, do=minute_check, args=(), kwargs={})
2026-09-14 19:16:28,329 - schedule - DEBUG - Running job Job(interval=1, unit=minutes, do=minute_check, args=(), kwargs={})
2026-09-14 19:17:20,991 - schedule - DEBUG - Running job Job(interval=1, unit=minutes, do=minute_check, args=(), kwargs={})
2026-09-14 19:17:28,349 - schedule - DEBUG - Running job Job(interval=1, unit=minutes, do=minute_check, args=(), kwargs={})
2026-09-14 19:18:21,011 - schedule - DEBUG - Running job Job(interval=1, unit=minutes, do=minute_check, args=(), kwargs={})
2026-09-14 19:18:28,370 - schedule - DEBUG - Running job Job(interval=1, unit=minutes, do=minute_check, args=(), kwargs={})
2026-09-14 19:19:21,031 - schedule - DEBUG - Running job Job(interval=1, unit=minutes, do=minute_check, args=(), kwargs={})
2026-09-14 19:19:28,390 - schedule - DEBUG - Running job Job(interval=1, unit=minutes, do=minute_check, args=(), kwargs={})
2026-09-14 19:20:21,052 - schedule - DEBUG - Running job Job(interval=1, unit=minutes, do=minute_check, args=(), kwargs={})
2026-09-14 19:20:28,411 - schedule - DEBUG - Running job Job(interval=1, unit=minutes, do=minute_check, args=(), kwargs={})
2026-09-14 19:21:21,073 - schedule - DEBUG - Running job Job(interval=1, unit=minutes, do=minute_check, args=(), kwargs={})
2026-09-14 19:21:28,431 - schedule - DEBUG - Running job Job(interval=1, unit=minutes, do=minute_check, args=(), kwargs={})
2026-09-14 19:22:21,095 - schedule - DEBUG - Running job Job(interval=1, unit=minutes, do=minute_check, args=(), kwargs={})
2026-09-14 19:22:28,452 - schedule - DEBUG - Running job Job(interval=1, unit=minutes, do=minute_check, args=(), kwargs={})
2026-09-14 19:23:21,115 - schedule - DEBUG - Running job Job(interval=1, unit=minutes, do=minute_check, args=(), kwargs={})
2026-09-14 19:23:28,473 - schedule - DEBUG - Running job Job(interval=1, unit=minutes, do=minute_check, args=(), kwargs={})
2026-09-14 19:24:21,136 - schedule - DEBUG - Running job Job(interval=1, unit=minutes, do=minute_check, args=(), kwargs={})
2026-09-14 19:24:28,493 - schedule - DEBUG - Running job Job(interval=1, unit=minutes, do=minute_check, args=(), kwargs={})
2026-09-14 19:25:21,156 - schedule - DEBUG - Running job Job(interval=1, unit=minutes, do=minute_check, args=(), kwargs={})
2026-09-14 19:25:28,515 - schedule - DEBUG - Running job Job(interval=1, unit=minutes, do=minute_check, args=(), kwargs={})
2026-09-14 19:26:21,177 - schedule - DEBUG - Running job Job(interval=1, unit=minutes, do=minute_check, args=(), kwargs={})
2026-09-14 19:26:28,535 - schedule - DEBUG - Running job Job(interval=1, unit=minutes, do=minute_check, args=(), kwargs={})
2026-09-14 19:27:21,197 - schedule - DEBUG - Running job Job(interval=1, unit=minutes, do=minute_check, args=(), kwargs={})
2026-09-14 19:27:28,556 - schedule - DEBUG - Running job Job(interval=1, unit=minutes, do=minute_check, args=(), kwargs={})
2026-09-14 19:28:21,218 - schedule - DEBUG - Running job Job(interval=1, unit=minutes, do=minute_check, args=(), kwargs={})
2026-09-14 19:28:28,576 - schedule - DEBUG - Running job Job(interval=1, unit=minutes, do=minute_check, args=(), kwargs={})
2026-09-14 19:29:21,239 - schedule - DEBUG - Running job Job(interval=1, unit=minutes, do=minute_check, args=(), kwargs={})
2026-09-14 19:29:28,597 - schedule - DEBUG - Running job Job(interval=1, unit=minutes, do=minute_check, args=(), kwargs={})
2026-09-14 19:30:21,259 - schedule - DEBUG - Running job Job(interval=1, unit=minutes, do=minute_check, args=(), kwargs={})
2026-09-14 19:30:28,617 - schedule - DEBUG - Running job Job(interval=1, unit=minutes, do=minute_check, args=(), kwargs={})
2026-09-14 19:31:21,280 - schedule - DEBUG - Running job Job(interval=1, unit=minutes, do=minute_check, args=(), kwargs={})
2026-09-14 19:31:28,638 - schedule - DEBUG - Running job Job(interval=1, unit=minutes, do=minute_check, args=(), kwargs={})
2026-09-14 19:32:21,300 - schedule - DEBUG - Running job Job(interval=1, unit=minutes, do=minute_check, args=(), kwargs={})
2026-09-14 19:32:28,658 - schedule - DEBUG - Running job Job(interval=1, unit=minutes, do=minute_check, args=(), kwargs={})
2026-09-14 19:33:21,321 - schedule - DEBUG - Running job Job(interval=1, unit=minutes, do=minute_check, args=(), kwargs={})
2026-09-14 19:33:28,679 - schedule - DEBUG - Running job Job(interval=1, unit=minutes, do=minute_check, args=(), kwargs={})
2026-09-14 19:34:21,341 - schedule - DEBUG - Running job Job(interval=1, unit=minutes, do=minute_check, args=(), kwargs={})
2026-09-14 19:34:28,699 - schedule - DEBUG - Running job Job(interval=1, unit=minutes, do=minute_check, args=(), kwargs={})
2026-09-14 19:35:21,362 - schedule - DEBUG - Running job Job(interval=1, unit=minutes, do=minute_check, args=(), kwargs={})
2026-09-14 19:35:28,720 - schedule - DEBUG - Running job Job(interval=1, unit=minutes, do=minute_check, args=(), kwargs={})
2026-09-14 19:36:21,382 - schedule - DEBUG - Running job Job(interval=1, unit=minutes, do=minute_check, args=(), kwargs={})
2026-09-14 19:36:28,741 - schedule - DEBUG - Running job Job(interval=1, unit=minutes, do=minute_check, args=(), kwargs={})
2026-09-14 19:37:21,411 - schedule - DEBUG - Running job Job(interval=1, unit=minutes, do=minute_check, args=(), kwargs={})
2026-09-14 19:37:28,761 - schedule - DEBUG - Running job Job(interval=1, unit=minutes, do=minute_check, args=(), kwargs={})
2026-09-14 19:38:21,431 - schedule - DEBUG - Running job Job(interval=1, unit=minutes, do=minute_check, args=(), kwargs={})
2026-09-14 19:38:28,782 - schedule - DEBUG - Running job Job(interval=1, unit=minutes, do=minute_check, args=(), kwargs={})
2026-09-14 19:39:21,453 - schedule - DEBUG - Running job Job(interval=1, unit=minutes, do=minute_check, args=(), kwargs={})
2026-09-14 19:39:28,802 - schedule - DEBUG - Running job Job(interval=1, unit=minutes, do=minute_check, args=(), kwargs={})
2026-09-14 19:40:21,473 - schedule - DEBUG - Running job Job(interval=1, unit=minutes, do=minute_check, args=(), kwargs={})
2026-09-14 19:40:28,823 - schedule - DEBUG - Running job Job(interval=1, unit=minutes, do=minute_check, args=(), kwargs={})
2026-09-14 19:41:21,494 - schedule - DEBUG - Running job Job(interval=1, unit=minutes, do=minute_check, args=(), kwargs={})
2026-09-14 19:41:28,843 - schedule - DEBUG - Running job Job(interval=1, unit=minutes, do=minute_check, args=(), kwargs={})
2026-09-14 19:42:21,514 - schedule - DEBUG - Running job Job(interval=1, unit=minutes, do=minute_check, args=(), kwargs={})
2026-09-14 19:42:28,864 - schedule - DEBUG - Running job Job(interval=1, unit=minutes, do=minute_check, args=(), kwargs={})
2026-09-14 19:43:21,535 - schedule - DEBUG - Running job Job(interval=1, unit=minutes, do=minute_check, args=(), kwargs={})
2026-09-14 19:43:28,884 - schedule - DEBUG - Running job Job(interval=1, unit=minutes, do=minute_check, args=(), kwargs={})
2026-09-14 19:44:21,556 - schedule - DEBUG - Running job Job(interval=1, unit=minutes, do=minute_check, args=(), kwargs={})
2026-09-14 19:44:28,905 - schedule - DEBUG - Running job Job(interval=1, unit=minutes, do=minute_check, args=(), kwargs={})
2026-09-14 19:45:21,576 - schedule - DEBUG - Running job Job(interval=1, unit=minutes, do=minute_check, args=(), kwargs={})
2026-09-14 19:45:28,925 - schedule - DEBUG - Running job Job(interval=1, unit=minutes, do=minute_check, args=(), kwargs={})
2026-09-14 19:46:21,597 - schedule - DEBUG - Running job Job(interval=1, unit=minutes, do=minute_check, args=(), kwargs={})
2026-09-14 19:46:28,946 - schedule - DEBUG - Running job Job(interval=1, unit=minutes, do=minute_check, args=(), kwargs={})
2026-09-14 19:47:21,617 - schedule - DEBUG - Running job Job(interval=1, unit=minutes, do=minute_check, args=(), kwargs={})
2026-09-14 19:47:28,968 - schedule - DEBUG - Running job Job(interval=1, unit=minutes, do=minute_check, args=(), kwargs={})
2026-09-14 19:48:21,638 - schedule - DEBUG - Running job Job(interval=1, unit=minutes, do=minute_check, args=(), kwargs={})
2026-09-14 19:48:28,988 - schedule - DEBUG - Running job Job(interval=1, unit=minutes, do=minute_check, args=(), kwargs={})
2026-09-14 19:49:21,659 - schedule - DEBUG - Running job Job(interval=1, unit=minutes, do=minute_check, args=(), kwargs={})
2026-09-14 19:49:29,009 - schedule - DEBUG - Running job Job(interval=1, unit=minutes, do=minute_check, args=(), kwargs={})
2026-09-14 19:50:21,680 - schedule - DEBUG - Running job Job(interval=1, unit=minutes, do=minute_check, args=(), kwargs={})
2026-09-14 19:50:29,035 - schedule - DEBUG - Running job Job(interval=1, unit=minutes, do=minute_check, args=(), kwargs={})
2026-09-14 19:51:21,700 - schedule - DEBUG - Running job Job(interval=1, unit=minutes, do=minute_check, args=(), kwargs={})
2026-09-14 19:51:29,056 - schedule - DEBUG - Running job Job(interval=1, unit=minutes, do=minute_check, args=(), kwargs={})
2026-09-14 19:52:21,721 - schedule - DEBUG - Running job Job(interval=1, unit=minutes, do=minute_check, args=(), kwargs={})
2026-09-14 19:52:29,076 - schedule - DEBUG - Running job Job(interval=1, unit=minutes, do=minute_check, args=(), kwargs={})
2026-09-14 19:53:21,741 - schedule - DEBUG - Running job Job(interval=1, unit=minutes, do=minute_check, args=(), kwargs={})
2026-09-14 19:53:29,098 - schedule - DEBUG - Running job Job(interval=1, unit=minutes, do=minute_check, args=(), kwargs={})
2026-09-14 19:54:21,762 - schedule - DEBUG - Running job Job(interval=1, unit=minutes, do=minute_check, args=(), kwargs={})
2026-09-14 19:54:29,118 - schedule - DEBUG - Running job Job(interval=1, unit=minutes, do=minute_check, args=(), kwargs={})
2026-09-14 19:55:21,782 - schedule - DEBUG - Running job Job(interval=1, unit=minutes, do=minute_check, args=(), kwargs={})
2026-09-14 19:55:29,139 - schedule - DEBUG - Running job Job(interval=1, unit=minutes, do=minute_check, args=(), kwargs={})
2026-09-14 19:56:21,802 - schedule - DEBUG - Running job Job(interval=1, unit=minutes, do=minute_check, args=(), kwargs={})
2026-09-14 19:56:29,159 - schedule - DEBUG - Running job Job(interval=1, unit=minutes, do=minute_check, args=(), kwargs={})
2026-09-14 19:57:21,823 - schedule - DEBUG - Running job Job(interval=1, unit=minutes, do=minute_check, args=(), kwargs={})
2026-09-14 19:57:29,180 - schedule - DEBUG - Running job Job(interval=1, unit=minutes, do=minute_check, args=(), kwargs={})
2026-09-14 19:58:21,843 - schedule - DEBUG - Running job Job(interval=1, unit=minutes, do=minute_check, args=(), kwargs={})
2026-09-14 19:58:29,200 - schedule - DEBUG - Running job Job(interval=1, unit=minutes, do=minute_check, args=(), kwargs={})
2026-09-14 19:59:21,864 - schedule - DEBUG - Running job Job(interval=1, unit=minutes, do=minute_check, args=(), kwargs={})
2026-09-14 19:59:29,221 - schedule - DEBUG - Running job Job(interval=1, unit=minutes, do=minute_check, args=(), kwargs={})
2026-09-14 20:00:21,884 - schedule - DEBUG - Running job Job(interval=1, unit=minutes, do=minute_check, args=(), kwargs={})
2026-09-14 20:00:29,242 - schedule - DEBUG - Running job Job(interval=1, unit=minutes, do=minute_check, args=(), kwargs={})
2026-09-14 20:01:21,928 - schedule - DEBUG - Running job Job(interval=1, unit=minutes, do=minute_check, args=(), kwargs={})
2026-09-14 20:01:29,262 - schedule - DEBUG - Running job Job(interval=1, unit=minutes, do=minute_check, args=(), kwargs={})
2026-09-14 20:02:21,949 - schedule - DEBUG - Running job Job(interval=1, unit=minutes, do=minute_check, args=(), kwargs={})
2026-09-14 20:02:29,283 - schedule - DEBUG - Running job Job(interval=1, unit=minutes, do=minute_check, args=(), kwargs={})
2026-09-14 20:03:21,971 - schedule - DEBUG - Running job Job(interval=1, unit=minutes, do=minute_check, args=(), kwargs={})
2026-09-14 20:03:29,303 - schedule - DEBUG - Running job Job(interval=1, unit=minutes, do=minute_check, args=(), kwargs={})
2026-09-14 20:04:21,990 - schedule - DEBUG - Running job Job(interval=1, unit=minutes, do=minute_check, args=(), kwargs={})
2026-09-14 20:04:29,324 - schedule - DEBUG - Running job Job(interval=1, unit=minutes, do=minute_check, args=(), kwargs={})
2026-09-14 20:05:22,011 - schedule - DEBUG - Running job Job(interval=1, unit=minutes, do=minute_check, args=(), kwargs={})
2026-09-14 20:05:29,344 - schedule - DEBUG - Running job Job(interval=1, unit=minutes, do=minute_check, args=(), kwargs={})
2026-09-14 20:06:22,031 - schedule - DEBUG - Running job Job(interval=1, unit=minutes, do=minute_check, args=(), kwargs={})
2026-09-14 20:06:29,365 - schedule - DEBUG - Running job Job(interval=1, unit=minutes, do=minute_check, args=(), kwargs={})
2026-09-14 20:07:22,053 - schedule - DEBUG - Running job Job(interval=1, unit=minutes, do=minute_check, args=(), kwargs={})
2026-09-14 20:07:29,385 - schedule - DEBUG - Running job Job(interval=1, unit=minutes, do=minute_check, args=(), kwargs={})
2026-09-14 20:08:22,073 - schedule - DEBUG - Running job Job(interval=1, unit=minutes, do=minute_check, args=(), kwargs={})
2026-09-14 20:08:29,406 - schedule - DEBUG - Running job Job(interval=1, unit=minutes, do=minute_check, args=(), kwargs={})
2026-09-14 20:09:22,094 - schedule - DEBUG - Running job Job(interval=1, unit=minutes, do=minute_check, args=(), kwargs={})
2026-09-14 20:09:29,426 - schedule - DEBUG - Running job Job(interval=1, unit=minutes, do=minute_check, args=(), kwargs={})
2026-09-14 20:10:22,116 - schedule - DEBUG - Running job Job(interval=1, unit=minutes, do=minute_check, args=(), kwargs={})
2026-09-14 20:10:29,447 - schedule - DEBUG - Running job Job(interval=1, unit=minutes, do=minute_check, args=(), kwargs={})
2026-09-14 20:11:22,136 - schedule - DEBUG - Running job Job(interval=1, unit=minutes, do=minute_check, args=(), kwargs={})
2026-09-14 20:11:29,477 - schedule - DEBUG - Running job Job(interval=1, unit=minutes, do=minute_check, args=(), kwargs={})
2026-09-14 20:12:22,156 - schedule - DEBUG - Running job Job(interval=1, unit=minutes, do=minute_check, args=(), kwargs={})
2026-09-14 20:12:29,498 - schedule - DEBUG - Running job Job(interval=1, unit=minutes, do=minute_check, args=(), kwargs={})
2026-09-14 20:13:22,176 - schedule - DEBUG - Running job Job(interval=1, unit=minutes, do=minute_check, args=(), kwargs={})
2026-09-14 20:13:29,519 - schedule - DEBUG - Running job Job(interval=1, unit=minutes, do=minute_check, args=(), kwargs={})
2026-09-14 20:14:22,197 - schedule - DEBUG - Running job Job(interval=1, unit=minutes, do=minute_check, args=(), kwargs={})
2026-09-14 20:14:29,539 - schedule - DEBUG - Running job Job(interval=1, unit=minutes, do=minute_check, args=(), kwargs={})
2026-09-14 20:15:22,217 - schedule - DEBUG - Running job Job(interval=1, unit=minutes, do=minute_check, args=(), kwargs={})
2026-09-14 20:15:29,560 - schedule - DEBUG - Running job Job(interval=1, unit=minutes, do=minute_check, args=(), kwargs={})
2026-09-14 20:16:22,238 - schedule - DEBUG - Running job Job(interval=1, unit=minutes, do=minute_check, args=(), kwargs={})
2026-09-14 20:16:29,580 - schedule - DEBUG - Running job Job(interval=1, unit=minutes, do=minute_check, args=(), kwargs={})
2026-09-14 20:17:22,258 - schedule - DEBUG - Running job Job(interval=1, unit=minutes, do=minute_check, args=(), kwargs={})
2026-09-14 20:17:29,601 - schedule - DEBUG - Running job Job(interval=1, unit=minutes, do=minute_check, args=(), kwargs={})
2026-09-14 20:18:22,279 - schedule - DEBUG - Running job Job(interval=1, unit=minutes, do=minute_check, args=(), kwargs={})
2026-09-14 20:18:29,621 - schedule - DEBUG - Running job Job(interval=1, unit=minutes, do=minute_check, args=(), kwargs={})
2026-09-14 20:19:22,301 - schedule - DEBUG - Running job Job(interval=1, unit=minutes, do=minute_check, args=(), kwargs={})
2026-09-14 20:19:29,642 - schedule - DEBUG - Running job Job(interval=1, unit=minutes, do=minute_check, args=(), kwargs={})
2026-09-14 20:20:22,323 - schedule - DEBUG - Running job Job(interval=1, unit=minutes, do=minute_check, args=(), kwargs={})
2026-09-14 20:20:29,662 - schedule - DEBUG - Running job Job(interval=1, unit=minutes, do=minute_check, args=(), kwargs={})
2026-09-14 20:21:22,343 - schedule - DEBUG - Running job Job(interval=1, unit=minutes, do=minute_check, args=(), kwargs={})
2026-09-14 20:21:29,683 - schedule - DEBUG - Running job Job(interval=1, unit=minutes, do=minute_check, args=(), kwargs={})
2026-09-14 20:22:22,364 - schedule - DEBUG - Running job Job(interval=1, unit=minutes, do=minute_check, args=(), kwargs={})
2026-09-14 20:22:29,703 - schedule - DEBUG - Running job Job(interval=1, unit=minutes, do=minute_check, args=(), kwargs={})
2026-09-14 20:23:22,386 - schedule - DEBUG - Running job Job(interval=1, unit=minutes, do=minute_check, args=(), kwargs={})
2026-09-14 20:23:29,724 - schedule - DEBUG - Running job Job(interval=1, unit=minutes, do=minute_check, args=(), kwargs={})
2026-09-14 20:24:22,406 - schedule - DEBUG - Running job Job(interval=1, unit=minutes, do=minute_check, args=(), kwargs={})
2026-09-14 20:24:29,745 - schedule - DEBUG - Running job Job(interval=1, unit=minutes, do=minute_check, args=(), kwargs={})
2026-09-14 20:25:22,427 - schedule - DEBUG - Running job Job(interval=1, unit=minutes, do=minute_check, args=(), kwargs={})
2026-09-14 20:25:29,766 - schedule - DEBUG - Running job Job(interval=1, unit=minutes, do=minute_check, args=(), kwargs={})
2026-09-14 20:26:22,447 - schedule - DEBUG - Running job Job(interval=1, unit=minutes, do=minute_check, args=(), kwargs={})
2026-09-14 20:26:29,787 - schedule - DEBUG - Running job Job(interval=1, unit=minutes, do=minute_check, args=(), kwargs={})
2026-09-14 20:27:22,468 - schedule - DEBUG - Running job Job(interval=1, unit=minutes, do=minute_check, args=(), kwargs={})
2026-09-14 20:27:29,807 - schedule - DEBUG - Running job Job(interval=1, unit=minutes, do=minute_check, args=(), kwargs={})
2026-09-14 20:28:22,488 - schedule - DEBUG - Running job Job(interval=1, unit=minutes, do=minute_check, args=(), kwargs={})
2026-09-14 20:28:29,828 - schedule - DEBUG - Running job Job(interval=1, unit=minutes, do=minute_check, args=(), kwargs={})
2026-09-14 20:29:22,509 - schedule - DEBUG - Running job Job(interval=1, unit=minutes, do=minute_check, args=(), kwargs={})
2026-09-14 20:29:29,848 - schedule - DEBUG - Running job Job(interval=1, unit=minutes, do=minute_check, args=(), kwargs={})
2026-09-14 20:30:22,529 - schedule - DEBUG - Running job Job(interval=1, unit=minutes, do=minute_check, args=(), kwargs={})
2026-09-14 20:30:29,869 - schedule - DEBUG - Running job Job(interval=1, unit=minutes, do=minute_check, args=(), kwargs={})
2026-09-14 20:31:22,550 - schedule - DEBUG - Running job Job(interval=1, unit=minutes, do=minute_check, args=(), kwargs={})
2026-09-14 20:31:29,889 - schedule - DEBUG - Running job Job(interval=1, unit=minutes, do=minute_check, args=(), kwargs={})
2026-09-14 20:32:22,570 - schedule - DEBUG - Running job Job(interval=1, unit=minutes, do=minute_check, args=(), kwargs={})
2026-09-14 20:32:29,909 - schedule - DEBUG - Running job Job(interval=1, unit=minutes, do=minute_check, args=(), kwargs={})
2026-09-14 20:33:22,591 - schedule - DEBUG - Running job Job(interval=1, unit=minutes, do=minute_check, args=(), kwargs={})
2026-09-14 20:33:29,929 - schedule - DEBUG - Running job Job(interval=1, unit=minutes, do=minute_check, args=(), kwargs={})
2026-09-14 20:34:22,611 - schedule - DEBUG - Running job Job(interval=1, unit=minutes, do=minute_check, args=(), kwargs={})
2026-09-14 20:34:29,950 - schedule - DEBUG - Running job Job(interval=1, unit=minutes, do=minute_check, args=(), kwargs={})
2026-09-14 20:35:22,631 - schedule - DEBUG - Running job Job(interval=1, unit=minutes, do=minute_check, args=(), kwargs={})
2026-09-14 20:35:29,970 - schedule - DEBUG - Running job Job(interval=1, unit=minutes, do=minute_check, args=(), kwargs={})
2026-09-14 20:36:22,667 - schedule - DEBUG - Running job Job(interval=1, unit=minutes, do=minute_check, args=(), kwargs={})
2026-09-14 20:36:29,991 - schedule - DEBUG - Running job Job(interval=1, unit=minutes, do=minute_check, args=(), kwargs={})
2026-09-14 20:37:22,688 - schedule - DEBUG - Running job Job(interval=1, unit=minutes, do=minute_check, args=(), kwargs={})
2026-09-14 20:37:30,012 - schedule - DEBUG - Running job Job(interval=1, unit=minutes, do=minute_check, args=(), kwargs={})
2026-09-14 20:38:22,709 - schedule - DEBUG - Running job Job(interval=1, unit=minutes, do=minute_check, args=(), kwargs={})
2026-09-14 20:38:30,032 - schedule - DEBUG - Running job Job(interval=1, unit=minutes, do=minute_check, args=(), kwargs={})
2026-09-14 20:39:22,729 - schedule - DEBUG - Running job Job(interval=1, unit=minutes, do=minute_check, args=(), kwargs={})
2026-09-14 20:39:30,053 - schedule - DEBUG - Running job Job(interval=1, unit=minutes, do=minute_check, args=(), kwargs={})
2026-09-14 20:40:22,750 - schedule - DEBUG - Running job Job(interval=1, unit=minutes, do=minute_check, args=(), kwargs={})
2026-09-14 20:40:30,073 - schedule - DEBUG - Running job Job(interval=1, unit=minutes, do=minute_check, args=(), kwargs={})
2026-09-14 20:41:22,770 - schedule - DEBUG - Running job Job(interval=1, unit=minutes, do=minute_check, args=(), kwargs={})
2026-09-14 20:41:30,094 - schedule - DEBUG - Running job Job(interval=1, unit=minutes, do=minute_check, args=(), kwargs={})
2026-09-14 20:42:22,791 - schedule - DEBUG - Running job Job(interval=1, unit=minutes, do=minute_check, args=(), kwargs={})
2026-09-14 20:42:30,114 - schedule - DEBUG - Running job Job(interval=1, unit=minutes, do=minute_check, args=(), kwargs={})
2026-09-14 20:43:22,811 - schedule - DEBUG - Running job Job(interval=1, unit=minutes, do=minute_check, args=(), kwargs={})
2026-09-14 20:43:30,135 - schedule - DEBUG - Running job Job(interval=1, unit=minutes, do=minute_check, args=(), kwargs={})
2026-09-14 20:44:22,832 - schedule - DEBUG - Running job Job(interval=1, unit=minutes, do=minute_check, args=(), kwargs={})
2026-09-14 20:44:30,155 - schedule - DEBUG - Running job Job(interval=1, unit=minutes, do=minute_check, args=(), kwargs={})
2026-09-14 20:45:22,852 - schedule - DEBUG - Running job Job(interval=1, unit=minutes, do=minute_check, args=(), kwargs={})
2026-09-14 20:45:30,176 - schedule - DEBUG - Running job Job(interval=1, unit=minutes, do=minute_check, args=(), kwargs={})
2026-09-14 20:46:22,873 - schedule - DEBUG - Running job Job(interval=1, unit=minutes, do=minute_check, args=(), kwargs={})
2026-09-14 20:46:30,196 - schedule - DEBUG - Running job Job(interval=1, unit=minutes, do=minute_check, args=(), kwargs={})
2026-09-14 20:47:22,893 - schedule - DEBUG - Running job Job(interval=1, unit=minutes, do=minute_check, args=(), kwargs={})
2026-09-14 20:47:30,217 - schedule - DEBUG - Running job Job(interval=1, unit=minutes, do=minute_check, args=(), kwargs={})
2026-09-14 20:48:22,914 - schedule - DEBUG - Running job Job(interval=1, unit=minutes, do=minute_check, args=(), kwargs={})
2026-09-14 20:48:30,237 - schedule - DEBUG - Running job Job(interval=1, unit=minutes, do=minute_check, args=(), kwargs={})
2026-09-14 20:49:22,934 - schedule - DEBUG - Running job Job(interval=1, unit=minutes, do=minute_check, args=(), kwargs={})
2026-09-14 20:49:30,258 - schedule - DEBUG - Running job Job(interval=1, unit=minutes, do=minute_check, args=(), kwargs={})
2026-09-14 20:50:22,954 - schedule - DEBUG - Running job Job(interval=1, unit=minutes, do=minute_check, args=(), kwargs={})
2026-09-14 20:50:30,279 - schedule - DEBUG - Running job Job(interval=1, unit=minutes, do=minute_check, args=(), kwargs={})
2026-09-14 20:51:22,975 - schedule - DEBUG - Running job Job(interval=1, unit=minutes, do=minute_check, args=(), kwargs={})
2026-09-14 20:51:30,299 - schedule - DEBUG - Running job Job(interval=1, unit=minutes, do=minute_check, args=(), kwargs={})
2026-09-14 20:52:22,995 - schedule - DEBUG - Running job Job(interval=1, unit=minutes, do=minute_check, args=(), kwargs={})
2026-09-14 20:52:30,320 - schedule - DEBUG - Running job Job(interval=1, unit=minutes, do=minute_check, args=(), kwargs={})
2026-09-14 20:53:23,016 - schedule - DEBUG - Running job Job(interval=1, unit=minutes, do=minute_check, args=(), kwargs={})
2026-09-14 20:53:30,340 - schedule - DEBUG - Running job Job(interval=1, unit=minutes, do=minute_check, args=(), kwargs={})
2026-09-14 20:54:23,035 - schedule - DEBUG - Running job Job(interval=1, unit=minutes, do=minute_check, args=(), kwargs={})
2026-09-14 20:54:30,361 - schedule - DEBUG - Running job Job(interval=1, unit=minutes, do=minute_check, args=(), kwargs={})
2026-09-14 20:55:23,056 - schedule - DEBUG - Running job Job(interval=1, unit=minutes, do=minute_check, args=(), kwargs={})
2026-09-14 20:55:30,381 - schedule - DEBUG - Running job Job(interval=1, unit=minutes, do=minute_check, args=(), kwargs={})
2026-09-14 20:56:23,076 - schedule - DEBUG - Running job Job(interval=1, unit=minutes, do=minute_check, args=(), kwargs={})
2026-09-14 20:56:30,402 - schedule - DEBUG - Running job Job(interval=1, unit=minutes, do=minute_check, args=(), kwargs={})
2026-09-14 20:57:23,097 - schedule - DEBUG - Running job Job(interval=1, unit=minutes, do=minute_check, args=(), kwargs={})
2026-09-14 20:57:30,422 - schedule - DEBUG - Running job Job(interval=1, unit=minutes, do=minute_check, args=(), kwargs={})
2026-09-14 20:58:23,117 - schedule - DEBUG - Running job Job(interval=1, unit=minutes, do=minute_check, args=(), kwargs={})
2026-09-14 20:58:30,443 - schedule - DEBUG - Running job Job(interval=1, unit=minutes, do=minute_check, args=(), kwargs={})
2026-09-14 20:59:23,138 - schedule - DEBUG - Running job Job(interval=1, unit=minutes, do=minute_check, args=(), kwargs={})
2026-09-14 20:59:30,464 - schedule - DEBUG - Running job Job(interval=1, unit=minutes, do=minute_check, args=(), kwargs={})
2026-09-14 21:00:23,159 - schedule - DEBUG - Running job Job(interval=1, unit=minutes, do=minute_check, args=(), kwargs={})
2026-09-14 21:00:30,485 - schedule - DEBUG - Running job Job(interval=1, unit=minutes, do=minute_check, args=(), kwargs={})
2026-09-14 21:01:23,179 - schedule - DEBUG - Running job Job(interval=1, unit=minutes, do=minute_check, args=(), kwargs={})
2026-09-14 21:01:30,505 - schedule - DEBUG - Running job Job(interval=1, unit=minutes, do=minute_check, args=(), kwargs={})
2026-09-14 21:02:23,200 - schedule - DEBUG - Running job Job(interval=1, unit=minutes, do=minute_check, args=(), kwargs={})
2026-09-14 21:02:30,526 - schedule - DEBUG - Running job Job(interval=1, unit=minutes, do=minute_check, args=(), kwargs={})
2026-09-14 21:03:23,221 - schedule - DEBUG - Running job Job(interval=1, unit=minutes, do=minute_check, args=(), kwargs={})
2026-09-14 21:03:30,547 - schedule - DEBUG - Running job Job(interval=1, unit=minutes, do=minute_check, args=(), kwargs={})
2026-09-14 21:04:23,241 - schedule - DEBUG - Running job Job(interval=1, unit=minutes, do=minute_check, args=(), kwargs={})
2026-09-14 21:04:30,567 - schedule - DEBUG - Running job Job(interval=1, unit=minutes, do=minute_check, args=(), kwargs={})
2026-09-14 21:05:23,261 - schedule - DEBUG - Running job Job(interval=1, unit=minutes, do=minute_check, args=(), kwargs={})
2026-09-14 21:05:30,588 - schedule - DEBUG - Running job Job(interval=1, unit=minutes, do=minute_check, args=(), kwargs={})
2026-09-14 21:06:23,282 - schedule - DEBUG - Running job Job(interval=1, unit=minutes, do=minute_check, args=(), kwargs={})
2026-09-14 21:06:30,608 - schedule - DEBUG - Running job Job(interval=1, unit=minutes, do=minute_check, args=(), kwargs={})
2026-09-14 21:07:23,302 - schedule - DEBUG - Running job Job(interval=1, unit=minutes, do=minute_check, args=(), kwargs={})
2026-09-14 21:07:30,629 - schedule - DEBUG - Running job Job(interval=1, unit=minutes, do=minute_check, args=(), kwargs={})
2026-09-14 21:08:23,323 - schedule - DEBUG - Running job Job(interval=1, unit=minutes, do=minute_check, args=(), kwargs={})
2026-09-14 21:08:30,649 - schedule - DEBUG - Running job Job(interval=1, unit=minutes, do=minute_check, args=(), kwargs={})
2026-09-14 21:09:23,343 - schedule - DEBUG - Running job Job(interval=1, unit=minutes, do=minute_check, args=(), kwargs={})
2026-09-14 21:09:30,670 - schedule - DEBUG - Running job Job(interval=1, unit=minutes, do=minute_check, args=(), kwargs={})
2026-09-14 21:10:23,364 - schedule - DEBUG - Running job Job(interval=1, unit=minutes, do=minute_check, args=(), kwargs={})
2026-09-14 21:10:30,690 - schedule - DEBUG - Running job Job(interval=1, unit=minutes, do=minute_check, args=(), kwargs={})
2026-09-14 21:11:23,384 - schedule - DEBUG - Running job Job(interval=1, unit=minutes, do=minute_check, args=(), kwargs={})
2026-09-14 21:11:30,711 - schedule - DEBUG - Running job Job(interval=1, unit=minutes, do=minute_check, args=(), kwargs={})
2026-09-14 21:12:23,405 - schedule - DEBUG - Running job Job(interval=1, unit=minutes, do=minute_check, args=(), kwargs={})
2026-09-14 21:12:30,731 - schedule - DEBUG - Running job Job(interval=1, unit=minutes, do=minute_check, args=(), kwargs={})
2026-09-14 21:13:23,426 - schedule - DEBUG - Running job Job(interval=1, unit=minutes, do=minute_check, args=(), kwargs={})
2026-09-14 21:13:30,752 - schedule - DEBUG - Running job Job(interval=1, unit=minutes, do=minute_check, args=(), kwargs={})
2026-09-14 21:14:23,446 - schedule - DEBUG - Running job Job(interval=1, unit=minutes, do=minute_check, args=(), kwargs={})
2026-09-14 21:14:30,773 - schedule - DEBUG - Running job Job(interval=1, unit=minutes, do=minute_check, args=(), kwargs={})
2026-09-14 21:15:23,467 - schedule - DEBUG - Running job Job(interval=1, unit=minutes, do=minute_check, args=(), kwargs={})
2026-09-14 21:15:30,793 - schedule - DEBUG - Running job Job(interval=1, unit=minutes, do=minute_check, args=(), kwargs={})
2026-09-14 21:16:23,487 - schedule - DEBUG - Running job Job(interval=1, unit=minutes, do=minute_check, args=(), kwargs={})
2026-09-14 21:16:30,814 - schedule - DEBUG - Running job Job(interval=1, unit=minutes, do=minute_check, args=(), kwargs={})
2026-09-14 21:17:23,508 - schedule - DEBUG - Running job Job(interval=1, unit=minutes, do=minute_check, args=(), kwargs={})
2026-09-14 21:17:30,834 - schedule - DEBUG - Running job Job(interval=1, unit=minutes, do=minute_check, args=(), kwargs={})
2026-09-14 21:18:23,528 - schedule - DEBUG - Running job Job(interval=1, unit=minutes, do=minute_check, args=(), kwargs={})
2026-09-14 21:18:30,855 - schedule - DEBUG - Running job Job(interval=1, unit=minutes, do=minute_check, args=(), kwargs={})
2026-09-14 21:19:23,549 - schedule - DEBUG - Running job Job(interval=1, unit=minutes, do=minute_check, args=(), kwargs={})
2026-09-14 21:19:30,875 - schedule - DEBUG - Running job Job(interval=1, unit=minutes, do=minute_check, args=(), kwargs={})
2026-09-14 21:20:23,569 - schedule - DEBUG - Running job Job(interval=1, unit=minutes, do=minute_check, args=(), kwargs={})
2026-09-14 21:20:30,896 - schedule - DEBUG - Running job Job(interval=1, unit=minutes, do=minute_check, args=(), kwargs={})
2026-09-14 21:21:23,590 - schedule - DEBUG - Running job Job(interval=1, unit=minutes, do=minute_check, args=(), kwargs={})
2026-09-14 21:21:30,916 - schedule - DEBUG - Running job Job(interval=1, unit=minutes, do=minute_check, args=(), kwargs={})
2026-09-14 21:22:23,610 - schedule - DEBUG - Running job Job(interval=1, unit=minutes, do=minute_check, args=(), kwargs={})
2026-09-14 21:22:30,937 - schedule - DEBUG - Running job Job(interval=1, unit=minutes, do=minute_check, args=(), kwargs={})
2026-09-14 21:23:23,631 - schedule - DEBUG - Running job Job(interval=1, unit=minutes, do=minute_check, args=(), kwargs={})
2026-09-14 21:23:30,957 - schedule - DEBUG - Running job Job(interval=1, unit=minutes, do=minute_check, args=(), kwargs={})
2026-09-14 21:24:23,652 - schedule - DEBUG - Running job Job(interval=1, unit=minutes, do=minute_check, args=(), kwargs={})
2026-09-14 21:24:30,978 - schedule - DEBUG - Running job Job(interval=1, unit=minutes, do=minute_check, args=(), kwargs={})
2026-09-14 21:25:23,672 - schedule - DEBUG - Running job Job(interval=1, unit=minutes, do=minute_check, args=(), kwargs={})
2026-09-14 21:25:30,998 - schedule - DEBUG - Running job Job(interval=1, unit=minutes, do=minute_check, args=(), kwargs={})
2026-09-14 21:26:23,693 - schedule - DEBUG - Running job Job(interval=1, unit=minutes, do=minute_check, args=(), kwargs={})
2026-09-14 21:26:31,019 - schedule - DEBUG - Running job Job(interval=1, unit=minutes, do=minute_check, args=(), kwargs={})
2026-09-14 21:27:23,713 - schedule - DEBUG - Running job Job(interval=1, unit=minutes, do=minute_check, args=(), kwargs={})
2026-09-14 21:27:31,040 - schedule - DEBUG - Running job Job(interval=1, unit=minutes, do=minute_check, args=(), kwargs={})
2026-09-14 21:28:23,734 - schedule - DEBUG - Running job Job(interval=1, unit=minutes, do=minute_check, args=(), kwargs={})
2026-09-14 21:28:31,060 - schedule - DEBUG - Running job Job(interval=1, unit=minutes, do=minute_check, args=(), kwargs={})
2026-09-14 21:29:23,754 - schedule - DEBUG - Running job Job(interval=1, unit=minutes, do=minute_check, args=(), kwargs={})
2026-09-14 21:29:31,081 - schedule - DEBUG - Running job Job(interval=1, unit=minutes, do=minute_check, args=(), kwargs={})
2026-09-14 21:30:23,775 - schedule - DEBUG - Running job Job(interval=1, unit=minutes, do=minute_check, args=(), kwargs={})
2026-09-14 21:30:31,101 - schedule - DEBUG - Running job Job(interval=1, unit=minutes, do=minute_check, args=(), kwargs={})
2026-09-14 21:31:23,795 - schedule - DEBUG - Running job Job(interval=1, unit=minutes, do=minute_check, args=(), kwargs={})
2026-09-14 21:31:31,122 - schedule - DEBUG - Running job Job(interval=1, unit=minutes, do=minute_check, args=(), kwargs={})
2026-09-14 21:32:23,816 - schedule - DEBUG - Running job Job(interval=1, unit=minutes, do=minute_check, args=(), kwargs={})
2026-09-14 21:32:31,141 - schedule - DEBUG - Running job Job(interval=1, unit=minutes, do=minute_check, args=(), kwargs={})
2026-09-14 21:33:23,837 - schedule - DEBUG - Running job Job(interval=1, unit=minutes, do=minute_check, args=(), kwargs={})
2026-09-14 21:33:31,162 - schedule - DEBUG - Running job Job(interval=1, unit=minutes, do=minute_check, args=(), kwargs={})
2026-09-14 21:34:23,858 - schedule - DEBUG - Running job Job(interval=1, unit=minutes, do=minute_check, args=(), kwargs={})
2026-09-14 21:34:31,182 - schedule - DEBUG - Running job Job(interval=1, unit=minutes, do=minute_check, args=(), kwargs={})
2026-09-14 21:35:23,880 - schedule - DEBUG - Running job Job(interval=1, unit=minutes, do=minute_check, args=(), kwargs={})
2026-09-14 21:35:31,203 - schedule - DEBUG - Running job Job(interval=1, unit=minutes, do=minute_check, args=(), kwargs={})
2026-09-14 21:36:23,900 - schedule - DEBUG - Running job Job(interval=1, unit=minutes, do=minute_check, args=(), kwargs={})
2026-09-14 21:36:31,223 - schedule - DEBUG - Running job Job(interval=1, unit=minutes, do=minute_check, args=(), kwargs={})
2026-09-14 21:37:23,922 - schedule - DEBUG - Running job Job(interval=1, unit=minutes, do=minute_check, args=(), kwargs={})
2026-09-14 21:37:31,244 - schedule - DEBUG - Running job Job(interval=1, unit=minutes, do=minute_check, args=(), kwargs={})
2026-09-14 21:38:23,942 - schedule - DEBUG - Running job Job(interval=1, unit=minutes, do=minute_check, args=(), kwargs={})
2026-09-14 21:38:31,264 - schedule - DEBUG - Running job Job(interval=1, unit=minutes, do=minute_check, args=(), kwargs={})
2026-09-14 21:39:23,963 - schedule - DEBUG - Running job Job(interval=1, unit=minutes, do=minute_check, args=(), kwargs={})
2026-09-14 21:39:31,285 - schedule - DEBUG - Running job Job(interval=1, unit=minutes, do=minute_check, args=(), kwargs={})
2026-09-14 21:40:23,983 - schedule - DEBUG - Running job Job(interval=1, unit=minutes, do=minute_check, args=(), kwargs={})
2026-09-14 21:40:31,306 - schedule - DEBUG - Running job Job(interval=1, unit=minutes, do=minute_check, args=(), kwargs={})
2026-09-14 21:41:24,005 - schedule - DEBUG - Running job Job(interval=1, unit=minutes, do=minute_check, args=(), kwargs={})
2026-09-14 21:41:31,326 - schedule - DEBUG - Running job Job(interval=1, unit=minutes, do=minute_check, args=(), kwargs={})
2026-09-14 21:42:24,025 - schedule - DEBUG - Running job Job(interval=1, unit=minutes, do=minute_check, args=(), kwargs={})
2026-09-14 21:42:31,347 - schedule - DEBUG - Running job Job(interval=1, unit=minutes, do=minute_check, args=(), kwargs={})
2026-09-14 21:43:24,046 - schedule - DEBUG - Running job Job(interval=1, unit=minutes, do=minute_check, args=(), kwargs={})
2026-09-14 21:43:31,367 - schedule - DEBUG - Running job Job(interval=1, unit=minutes, do=minute_check, args=(), kwargs={})
2026-09-14 21:44:24,066 - schedule - DEBUG - Running job Job(interval=1, unit=minutes, do=minute_check, args=(), kwargs={})
2026-09-14 21:44:31,388 - schedule - DEBUG - Running job Job(interval=1, unit=minutes, do=minute_check, args=(), kwargs={})
2026-09-14 21:45:24,087 - schedule - DEBUG - Running job Job(interval=1, unit=minutes, do=minute_check, args=(), kwargs={})
2026-09-14 21:45:31,408 - schedule - DEBUG - Running job Job(interval=1, unit=minutes, do=minute_check, args=(), kwargs={})
2026-09-14 21:46:24,107 - schedule - DEBUG - Running job Job(interval=1, unit=minutes, do=minute_check, args=(), kwargs={})
2026-09-14 21:46:31,429 - schedule - DEBUG - Running job Job(interval=1, unit=minutes, do=minute_check, args=(), kwargs={})
2026-09-14 21:47:24,129 - schedule - DEBUG - Running job Job(interval=1, unit=minutes, do=minute_check, args=(), kwargs={})
2026-09-14 21:47:31,454 - schedule - DEBUG - Running job Job(interval=1, unit=minutes, do=minute_check, args=(), kwargs={})
2026-09-14 21:48:24,150 - schedule - DEBUG - Running job Job(interval=1, unit=minutes, do=minute_check, args=(), kwargs={})
2026-09-14 21:48:31,475 - schedule - DEBUG - Running job Job(interval=1, unit=minutes, do=minute_check, args=(), kwargs={})
2026-09-14 21:49:24,171 - schedule - DEBUG - Running job Job(interval=1, unit=minutes, do=minute_check, args=(), kwargs={})
2026-09-14 21:49:31,495 - schedule - DEBUG - Running job Job(interval=1, unit=minutes, do=minute_check, args=(), kwargs={})
2026-09-14 21:50:24,192 - schedule - DEBUG - Running job Job(interval=1, unit=minutes, do=minute_check, args=(), kwargs={})
2026-09-14 21:50:31,519 - schedule - DEBUG - Running job Job(interval=1, unit=minutes, do=minute_check, args=(), kwargs={})
2026-09-14 21:51:24,212 - schedule - DEBUG - Running job Job(interval=1, unit=minutes, do=minute_check, args=(), kwargs={})
2026-09-14 21:51:31,542 - schedule - DEBUG - Running job Job(interval=1, unit=minutes, do=minute_check, args=(), kwargs={})
2026-09-14 21:52:24,233 - schedule - DEBUG - Running job Job(interval=1, unit=minutes, do=minute_check, args=(), kwargs={})
2026-09-14 21:52:31,562 - schedule - DEBUG - Running job Job(interval=1, unit=minutes, do=minute_check, args=(), kwargs={})
2026-09-14 21:53:24,254 - schedule - DEBUG - Running job Job(interval=1, unit=minutes, do=minute_check, args=(), kwargs={})
2026-09-14 21:53:31,583 - schedule - DEBUG - Running job Job(interval=1, unit=minutes, do=minute_check, args=(), kwargs={})
2026-09-14 21:54:24,275 - schedule - DEBUG - Running job Job(interval=1, unit=minutes, do=minute_check, args=(), kwargs={})
2026-09-14 21:54:31,603 - schedule - DEBUG - Running job Job(interval=1, unit=minutes, do=minute_check, args=(), kwargs={})
2026-09-14 21:55:24,295 - schedule - DEBUG - Running job Job(interval=1, unit=minutes, do=minute_check, args=(), kwargs={})
2026-09-14 21:55:31,624 - schedule - DEBUG - Running job Job(interval=1, unit=minutes, do=minute_check, args=(), kwargs={})
2026-09-14 21:56:24,316 - schedule - DEBUG - Running job Job(interval=1, unit=minutes, do=minute_check, args=(), kwargs={})
2026-09-14 21:56:31,644 - schedule - DEBUG - Running job Job(interval=1, unit=minutes, do=minute_check, args=(), kwargs={})
2026-09-14 21:57:24,336 - schedule - DEBUG - Running job Job(interval=1, unit=minutes, do=minute_check, args=(), kwargs={})
2026-09-14 21:57:31,666 - schedule - DEBUG - Running job Job(interval=1, unit=minutes, do=minute_check, args=(), kwargs={})
2026-09-14 21:58:24,357 - schedule - DEBUG - Running job Job(interval=1, unit=minutes, do=minute_check, args=(), kwargs={})
2026-09-14 21:58:31,686 - schedule - DEBUG - Running job Job(interval=1, unit=minutes, do=minute_check, args=(), kwargs={})
2026-09-14 21:59:24,377 - schedule - DEBUG - Running job Job(interval=1, unit=minutes, do=minute_check, args=(), kwargs={})
2026-09-14 21:59:31,707 - schedule - DEBUG - Running job Job(interval=1, unit=minutes, do=minute_check, args=(), kwargs={})
2026-09-14 22:00:24,398 - schedule - DEBUG - Running job Job(interval=1, unit=minutes, do=minute_check, args=(), kwargs={})
2026-09-14 22:00:31,727 - schedule - DEBUG - Running job Job(interval=1, unit=minutes, do=minute_check, args=(), kwargs={})
2026-09-14 22:01:24,422 - schedule - DEBUG - Running job Job(interval=1, unit=minutes, do=minute_check, args=(), kwargs={})
2026-09-14 22:01:31,748 - schedule - DEBUG - Running job Job(interval=1, unit=minutes, do=minute_check, args=(), kwargs={})
2026-09-14 22:02:24,443 - schedule - DEBUG - Running job Job(interval=1, unit=minutes, do=minute_check, args=(), kwargs={})
2026-09-14 22:02:31,768 - schedule - DEBUG - Running job Job(interval=1, unit=minutes, do=minute_check, args=(), kwargs={})
2026-09-14 22:03:24,464 - schedule - DEBUG - Running job Job(interval=1, unit=minutes, do=minute_check, args=(), kwargs={})
2026-09-14 22:03:31,788 - schedule - DEBUG - Running job Job(interval=1, unit=minutes, do=minute_check, args=(), kwargs={})
2026-09-14 22:04:24,484 - schedule - DEBUG - Running job Job(interval=1, unit=minutes, do=minute_check, args=(), kwargs={})
2026-09-14 22:04:31,809 - schedule - DEBUG - Running job Job(interval=1, unit=minutes, do=minute_check, args=(), kwargs={})
2026-09-14 22:05:24,505 - schedule - DEBUG - Running job Job(interval=1, unit=minutes, do=minute_check, args=(), kwargs={})
2026-09-14 22:05:31,829 - schedule - DEBUG - Running job Job(interval=1, unit=minutes, do=minute_check, args=(), kwargs={})
2026-09-14 22:06:24,525 - schedule - DEBUG - Running job Job(interval=1, unit=minutes, do=minute_check, args=(), kwargs={})
2026-09-14 22:06:31,850 - schedule - DEBUG - Running job Job(interval=1, unit=minutes, do=minute_check, args=(), kwargs={})
2026-09-14 22:07:24,546 - schedule - DEBUG - Running job Job(interval=1, unit=minutes, do=minute_check, args=(), kwargs={})
2026-09-14 22:07:31,871 - schedule - DEBUG - Running job Job(interval=1, unit=minutes, do=minute_check, args=(), kwargs={})
2026-09-14 22:08:24,567 - schedule - DEBUG - Running job Job(interval=1, unit=minutes, do=minute_check, args=(), kwargs={})
2026-09-14 22:08:31,893 - schedule - DEBUG - Running job Job(interval=1, unit=minutes, do=minute_check, args=(), kwargs={})
2026-09-14 22:09:24,589 - schedule - DEBUG - Running job Job(interval=1, unit=minutes, do=minute_check, args=(), kwargs={})
2026-09-14 22:09:31,913 - schedule - DEBUG - Running job Job(interval=1, unit=minutes, do=minute_check, args=(), kwargs={})
2026-09-14 22:10:24,609 - schedule - DEBUG - Running job Job(interval=1, unit=minutes, do=minute_check, args=(), kwargs={})
2026-09-14 22:10:31,934 - schedule - DEBUG - Running job Job(interval=1, unit=minutes, do=minute_check, args=(), kwargs={})
2026-09-14 22:11:24,630 - schedule - DEBUG - Running job Job(interval=1, unit=minutes, do=minute_check, args=(), kwargs={})
2026-09-14 22:11:31,954 - schedule - DEBUG - Running job Job(interval=1, unit=minutes, do=minute_check, args=(), kwargs={})
2026-09-14 22:12:24,650 - schedule - DEBUG - Running job Job(interval=1, unit=minutes, do=minute_check, args=(), kwargs={})
2026-09-14 22:12:31,975 - schedule - DEBUG - Running job Job(interval=1, unit=minutes, do=minute_check, args=(), kwargs={})
2026-09-14 22:13:24,671 - schedule - DEBUG - Running job Job(interval=1, unit=minutes, do=minute_check, args=(), kwargs={})
2026-09-14 22:13:31,995 - schedule - DEBUG - Running job Job(interval=1, unit=minutes, do=minute_check, args=(), kwargs={})
2026-09-14 22:14:24,691 - schedule - DEBUG - Running job Job(interval=1, unit=minutes, do=minute_check, args=(), kwargs={})
2026-09-14 22:14:32,016 - schedule - DEBUG - Running job Job(interval=1, unit=minutes, do=minute_check, args=(), kwargs={})
2026-09-14 22:15:24,712 - schedule - DEBUG - Running job Job(interval=1, unit=minutes, do=minute_check, args=(), kwargs={})
2026-09-14 22:15:32,036 - schedule - DEBUG - Running job Job(interval=1, unit=minutes, do=minute_check, args=(), kwargs={})
2026-09-14 22:16:24,733 - schedule - DEBUG - Running job Job(interval=1, unit=minutes, do=minute_check, args=(), kwargs={})
2026-09-14 22:16:32,057 - schedule - DEBUG - Running job Job(interval=1, unit=minutes, do=minute_check, args=(), kwargs={})
2026-09-14 22:17:24,753 - schedule - DEBUG - Running job Job(interval=1, unit=minutes, do=minute_check, args=(), kwargs={})
2026-09-14 22:17:32,078 - schedule - DEBUG - Running job Job(interval=1, unit=minutes, do=minute_check, args=(), kwargs={})
2026-09-14 22:18:24,775 - schedule - DEBUG - Running job Job(interval=1, unit=minutes, do=minute_check, args=(), kwargs={})
2026-09-14 22:18:32,098 - schedule - DEBUG - Running job Job(interval=1, unit=minutes, do=minute_check, args=(), kwargs={})
2026-09-14 22:19:24,795 - schedule - DEBUG - Running job Job(interval=1, unit=minutes, do=minute_check, args=(), kwargs={})
2026-09-14 22:19:32,119 - schedule - DEBUG - Running job Job(interval=1, unit=minutes, do=minute_check, args=(), kwargs={})
2026-09-14 22:20:24,816 - schedule - DEBUG - Running job Job(interval=1, unit=minutes, do=minute_check, args=(), kwargs={})
2026-09-14 22:20:32,139 - schedule - DEBUG - Running job Job(interval=1, unit=minutes, do=minute_check, args=(), kwargs={})
2026-09-14 22:21:24,836 - schedule - DEBUG - Running job Job(interval=1, unit=minutes, do=minute_check, args=(), kwargs={})
2026-09-14 22:21:32,160 - schedule - DEBUG - Running job Job(interval=1, unit=minutes, do=minute_check, args=(), kwargs={})
2026-09-14 22:22:24,857 - schedule - DEBUG - Running job Job(interval=1, unit=minutes, do=minute_check, args=(), kwargs={})
2026-09-14 22:22:32,180 - schedule - DEBUG - Running job Job(interval=1, unit=minutes, do=minute_check, args=(), kwargs={})
2026-09-14 22:23:24,877 - schedule - DEBUG - Running job Job(interval=1, unit=minutes, do=minute_check, args=(), kwargs={})
2026-09-14 22:23:32,201 - schedule - DEBUG - Running job Job(interval=1, unit=minutes, do=minute_check, args=(), kwargs={})
2026-09-14 22:24:24,898 - schedule - DEBUG - Running job Job(interval=1, unit=minutes, do=minute_check, args=(), kwargs={})
2026-09-14 22:24:32,221 - schedule - DEBUG - Running job Job(interval=1, unit=minutes, do=minute_check, args=(), kwargs={})
2026-09-14 22:25:24,918 - schedule - DEBUG - Running job Job(interval=1, unit=minutes, do=minute_check, args=(), kwargs={})
2026-09-14 22:25:32,242 - schedule - DEBUG - Running job Job(interval=1, unit=minutes, do=minute_check, args=(), kwargs={})
2026-09-14 22:26:24,939 - schedule - DEBUG - Running job Job(interval=1, unit=minutes, do=minute_check, args=(), kwargs={})
2026-09-14 22:26:32,262 - schedule - DEBUG - Running job Job(interval=1, unit=minutes, do=minute_check, args=(), kwargs={})
2026-09-14 22:27:24,959 - schedule - DEBUG - Running job Job(interval=1, unit=minutes, do=minute_check, args=(), kwargs={})
2026-09-14 22:27:32,283 - schedule - DEBUG - Running job Job(interval=1, unit=minutes, do=minute_check, args=(), kwargs={})
2026-09-14 22:28:24,980 - schedule - DEBUG - Running job Job(interval=1, unit=minutes, do=minute_check, args=(), kwargs={})
2026-09-14 22:28:32,303 - schedule - DEBUG - Running job Job(interval=1, unit=minutes, do=minute_check, args=(), kwargs={})
2026-09-14 22:29:25,001 - schedule - DEBUG - Running job Job(interval=1, unit=minutes, do=minute_check, args=(), kwargs={})
2026-09-14 22:29:32,324 - schedule - DEBUG - Running job Job(interval=1, unit=minutes, do=minute_check, args=(), kwargs={})
2026-09-14 22:30:25,022 - schedule - DEBUG - Running job Job(interval=1, unit=minutes, do=minute_check, args=(), kwargs={})
2026-09-14 22:30:32,344 - schedule - DEBUG - Running job Job(interval=1, unit=minutes, do=minute_check, args=(), kwargs={})
2026-09-14 22:31:25,043 - schedule - DEBUG - Running job Job(interval=1, unit=minutes, do=minute_check, args=(), kwargs={})
2026-09-14 22:31:32,365 - schedule - DEBUG - Running job Job(interval=1, unit=minutes, do=minute_check, args=(), kwargs={})
2026-09-14 22:32:25,063 - schedule - DEBUG - Running job Job(interval=1, unit=minutes, do=minute_check, args=(), kwargs={})
2026-09-14 22:32:32,386 - schedule - DEBUG - Running job Job(interval=1, unit=minutes, do=minute_check, args=(), kwargs={})
2026-09-14 22:33:25,084 - schedule - DEBUG - Running job Job(interval=1, unit=minutes, do=minute_check, args=(), kwargs={})
2026-09-14 22:33:32,406 - schedule - DEBUG - Running job Job(interval=1, unit=minutes, do=minute_check, args=(), kwargs={})
2026-09-14 22:34:25,104 - schedule - DEBUG - Running job Job(interval=1, unit=minutes, do=minute_check, args=(), kwargs={})
2026-09-14 22:34:32,427 - schedule - DEBUG - Running job Job(interval=1, unit=minutes, do=minute_check, args=(), kwargs={})
2026-09-14 22:35:25,125 - schedule - DEBUG - Running job Job(interval=1, unit=minutes, do=minute_check, args=(), kwargs={})
2026-09-14 22:35:32,448 - schedule - DEBUG - Running job Job(interval=1, unit=minutes, do=minute_check, args=(), kwargs={})
2026-09-14 22:36:25,145 - schedule - DEBUG - Running job Job(interval=1, unit=minutes, do=minute_check, args=(), kwargs={})
2026-09-14 22:36:32,469 - schedule - DEBUG - Running job Job(interval=1, unit=minutes, do=minute_check, args=(), kwargs={})
2026-09-14 22:37:25,166 - schedule - DEBUG - Running job Job(interval=1, unit=minutes, do=minute_check, args=(), kwargs={})
2026-09-14 22:37:32,489 - schedule - DEBUG - Running job Job(interval=1, unit=minutes, do=minute_check, args=(), kwargs={})
2026-09-14 22:38:25,187 - schedule - DEBUG - Running job Job(interval=1, unit=minutes, do=minute_check, args=(), kwargs={})
2026-09-14 22:38:32,510 - schedule - DEBUG - Running job Job(interval=1, unit=minutes, do=minute_check, args=(), kwargs={})
2026-09-14 22:39:25,208 - schedule - DEBUG - Running job Job(interval=1, unit=minutes, do=minute_check, args=(), kwargs={})
2026-09-14 22:39:32,530 - schedule - DEBUG - Running job Job(interval=1, unit=minutes, do=minute_check, args=(), kwargs={})
2026-09-14 22:40:25,229 - schedule - DEBUG - Running job Job(interval=1, unit=minutes, do=minute_check, args=(), kwargs={})
2026-09-14 22:40:32,551 - schedule - DEBUG - Running job Job(interval=1, unit=minutes, do=minute_check, args=(), kwargs={})
2026-09-14 22:41:25,249 - schedule - DEBUG - Running job Job(interval=1, unit=minutes, do=minute_check, args=(), kwargs={})
2026-09-14 22:41:32,571 - schedule - DEBUG - Running job Job(interval=1, unit=minutes, do=minute_check, args=(), kwargs={})
2026-09-14 22:42:25,271 - schedule - DEBUG - Running job Job(interval=1, unit=minutes, do=minute_check, args=(), kwargs={})
2026-09-14 22:42:32,592 - schedule - DEBUG - Running job Job(interval=1, unit=minutes, do=minute_check, args=(), kwargs={})
2026-09-14 22:43:25,292 - schedule - DEBUG - Running job Job(interval=1, unit=minutes, do=minute_check, args=(), kwargs={})
2026-09-14 22:43:32,613 - schedule - DEBUG - Running job Job(interval=1, unit=minutes, do=minute_check, args=(), kwargs={})
2026-09-14 22:44:25,313 - schedule - DEBUG - Running job Job(interval=1, unit=minutes, do=minute_check, args=(), kwargs={})
2026-09-14 22:44:32,633 - schedule - DEBUG - Running job Job(interval=1, unit=minutes, do=minute_check, args=(), kwargs={})
2026-09-14 22:45:25,333 - schedule - DEBUG - Running job Job(interval=1, unit=minutes, do=minute_check, args=(), kwargs={})
2026-09-14 22:45:32,654 - schedule - DEBUG - Running job Job(interval=1, unit=minutes, do=minute_check, args=(), kwargs={})
2026-09-14 22:46:25,354 - schedule - DEBUG - Running job Job(interval=1, unit=minutes, do=minute_check, args=(), kwargs={})
2026-09-14 22:46:32,674 - schedule - DEBUG - Running job Job(interval=1, unit=minutes, do=minute_check, args=(), kwargs={})
2026-09-14 22:47:25,374 - schedule - DEBUG - Running job Job(interval=1, unit=minutes, do=minute_check, args=(), kwargs={})
2026-09-14 22:47:32,695 - schedule - DEBUG - Running job Job(interval=1, unit=minutes, do=minute_check, args=(), kwargs={})
2026-09-14 22:48:25,396 - schedule - DEBUG - Running job Job(interval=1, unit=minutes, do=minute_check, args=(), kwargs={})
2026-09-14 22:48:32,716 - schedule - DEBUG - Running job Job(interval=1, unit=minutes, do=minute_check, args=(), kwargs={})
2026-09-14 22:49:25,416 - schedule - DEBUG - Running job Job(interval=1, unit=minutes, do=minute_check, args=(), kwargs={})
2026-09-14 22:49:32,737 - schedule - DEBUG - Running job Job(interval=1, unit=minutes, do=minute_check, args=(), kwargs={})
2026-09-14 22:50:25,438 - schedule - DEBUG - Running job Job(interval=1, unit=minutes, do=minute_check, args=(), kwargs={})
2026-09-14 22:50:32,757 - schedule - DEBUG - Running job Job(interval=1, unit=minutes, do=minute_check, args=(), kwargs={})
2026-09-14 22:51:25,459 - schedule - DEBUG - Running job Job(interval=1, unit=minutes, do=minute_check, args=(), kwargs={})
2026-09-14 22:51:32,778 - schedule - DEBUG - Running job Job(interval=1, unit=minutes, do=minute_check, args=(), kwargs={})
2026-09-14 22:52:25,480 - schedule - DEBUG - Running job Job(interval=1, unit=minutes, do=minute_check, args=(), kwargs={})
2026-09-14 22:52:32,798 - schedule - DEBUG - Running job Job(interval=1, unit=minutes, do=minute_check, args=(), kwargs={})
2026-09-14 22:53:25,501 - schedule - DEBUG - Running job Job(interval=1, unit=minutes, do=minute_check, args=(), kwargs={})
2026-09-14 22:53:32,819 - schedule - DEBUG - Running job Job(interval=1, unit=minutes, do=minute_check, args=(), kwargs={})
2026-09-14 22:54:25,521 - schedule - DEBUG - Running job Job(interval=1, unit=minutes, do=minute_check, args=(), kwargs={})
2026-09-14 22:54:32,841 - schedule - DEBUG - Running job Job(interval=1, unit=minutes, do=minute_check, args=(), kwargs={})
2026-09-14 22:55:25,543 - schedule - DEBUG - Running job Job(interval=1, unit=minutes, do=minute_check, args=(), kwargs={})
2026-09-14 22:55:32,861 - schedule - DEBUG - Running job Job(interval=1, unit=minutes, do=minute_check, args=(), kwargs={})
2026-09-14 22:56:25,563 - schedule - DEBUG - Running job Job(interval=1, unit=minutes, do=minute_check, args=(), kwargs={})
2026-09-14 22:56:32,883 - schedule - DEBUG - Running job Job(interval=1, unit=minutes, do=minute_check, args=(), kwargs={})
2026-09-14 22:57:25,584 - schedule - DEBUG - Running job Job(interval=1, unit=minutes, do=minute_check, args=(), kwargs={})
2026-09-14 22:57:32,903 - schedule - DEBUG - Running job Job(interval=1, unit=minutes, do=minute_check, args=(), kwargs={})
2026-09-14 22:58:25,604 - schedule - DEBUG - Running job Job(interval=1, unit=minutes, do=minute_check, args=(), kwargs={})
2026-09-14 22:58:32,924 - schedule - DEBUG - Running job Job(interval=1, unit=minutes, do=minute_check, args=(), kwargs={})
2026-09-14 22:59:25,625 - schedule - DEBUG - Running job Job(interval=1, unit=minutes, do=minute_check, args=(), kwargs={})
2026-09-14 22:59:32,944 - schedule - DEBUG - Running job Job(interval=1, unit=minutes, do=minute_check, args=(), kwargs={})
2026-09-14 23:00:25,645 - schedule - DEBUG - Running job Job(interval=1, unit=minutes, do=minute_check, args=(), kwargs={})
2026-09-14 23:00:32,966 - schedule - DEBUG - Running job Job(interval=1, unit=minutes, do=minute_check, args=(), kwargs={})
2026-09-14 23:01:25,666 - schedule - DEBUG - Running job Job(interval=1, unit=minutes, do=minute_check, args=(), kwargs={})
2026-09-14 23:01:32,986 - schedule - DEBUG - Running job Job(interval=1, unit=minutes, do=minute_check, args=(), kwargs={})
2026-09-14 23:02:25,686 - schedule - DEBUG - Running job Job(interval=1, unit=minutes, do=minute_check, args=(), kwargs={})
2026-09-14 23:02:33,007 - schedule - DEBUG - Running job Job(interval=1, unit=minutes, do=minute_check, args=(), kwargs={})
2026-09-14 23:03:25,707 - schedule - DEBUG - Running job Job(interval=1, unit=minutes, do=minute_check, args=(), kwargs={})
2026-09-14 23:03:33,027 - schedule - DEBUG - Running job Job(interval=1, unit=minutes, do=minute_check, args=(), kwargs={})
2026-09-14 23:04:25,727 - schedule - DEBUG - Running job Job(interval=1, unit=minutes, do=minute_check, args=(), kwargs={})
2026-09-14 23:04:33,048 - schedule - DEBUG - Running job Job(interval=1, unit=minutes, do=minute_check, args=(), kwargs={})
2026-09-14 23:05:25,748 - schedule - DEBUG - Running job Job(interval=1, unit=minutes, do=minute_check, args=(), kwargs={})
2026-09-14 23:05:33,068 - schedule - DEBUG - Running job Job(interval=1, unit=minutes, do=minute_check, args=(), kwargs={})
2026-09-14 23:06:25,769 - schedule - DEBUG - Running job Job(interval=1, unit=minutes, do=minute_check, args=(), kwargs={})
2026-09-14 23:06:33,090 - schedule - DEBUG - Running job Job(interval=1, unit=minutes, do=minute_check, args=(), kwargs={})
2026-09-14 23:07:25,789 - schedule - DEBUG - Running job Job(interval=1, unit=minutes, do=minute_check, args=(), kwargs={})
2026-09-14 23:07:33,111 - schedule - DEBUG - Running job Job(interval=1, unit=minutes, do=minute_check, args=(), kwargs={})
2026-09-14 23:08:25,810 - schedule - DEBUG - Running job Job(interval=1, unit=minutes, do=minute_check, args=(), kwargs={})
2026-09-14 23:08:33,131 - schedule - DEBUG - Running job Job(interval=1, unit=minutes, do=minute_check, args=(), kwargs={})
2026-09-14 23:09:25,830 - schedule - DEBUG - Running job Job(interval=1, unit=minutes, do=minute_check, args=(), kwargs={})
2026-09-14 23:09:33,152 - schedule - DEBUG - Running job Job(interval=1, unit=minutes, do=minute_check, args=(), kwargs={})
2026-09-14 23:10:25,851 - schedule - DEBUG - Running job Job(interval=1, unit=minutes, do=minute_check, args=(), kwargs={})
2026-09-14 23:10:33,172 - schedule - DEBUG - Running job Job(interval=1, unit=minutes, do=minute_check, args=(), kwargs={})
2026-09-14 23:11:25,871 - schedule - DEBUG - Running job Job(interval=1, unit=minutes, do=minute_check, args=(), kwargs={})
2026-09-14 23:11:33,193 - schedule - DEBUG - Running job Job(interval=1, unit=minutes, do=minute_check, args=(), kwargs={})
2026-09-14 23:12:25,892 - schedule - DEBUG - Running job Job(interval=1, unit=minutes, do=minute_check, args=(), kwargs={})
2026-09-14 23:12:33,213 - schedule - DEBUG - Running job Job(interval=1, unit=minutes, do=minute_check, args=(), kwargs={})
2026-09-14 23:13:25,912 - schedule - DEBUG - Running job Job(interval=1, unit=minutes, do=minute_check, args=(), kwargs={})
2026-09-14 23:13:33,234 - schedule - DEBUG - Running job Job(interval=1, unit=minutes, do=minute_check, args=(), kwargs={})
2026-09-14 23:14:25,933 - schedule - DEBUG - Running job Job(interval=1, unit=minutes, do=minute_check, args=(), kwargs={})
2026-09-14 23:14:33,254 - schedule - DEBUG - Running job Job(interval=1, unit=minutes, do=minute_check, args=(), kwargs={})
2026-09-14 23:15:25,953 - schedule - DEBUG - Running job Job(interval=1, unit=minutes, do=minute_check, args=(), kwargs={})
2026-09-14 23:15:33,275 - schedule - DEBUG - Running job Job(interval=1, unit=minutes, do=minute_check, args=(), kwargs={})
2026-09-14 23:16:25,974 - schedule - DEBUG - Running job Job(interval=1, unit=minutes, do=minute_check, args=(), kwargs={})
2026-09-14 23:16:33,295 - schedule - DEBUG - Running job Job(interval=1, unit=minutes, do=minute_check, args=(), kwargs={})
2026-09-14 23:17:25,995 - schedule - DEBUG - Running job Job(interval=1, unit=minutes, do=minute_check, args=(), kwargs={})
2026-09-14 23:17:33,316 - schedule - DEBUG - Running job Job(interval=1, unit=minutes, do=minute_check, args=(), kwargs={})
2026-09-14 23:18:26,016 - schedule - DEBUG - Running job Job(interval=1, unit=minutes, do=minute_check, args=(), kwargs={})
2026-09-14 23:18:33,336 - schedule - DEBUG - Running job Job(interval=1, unit=minutes, do=minute_check, args=(), kwargs={})
2026-09-14 23:19:26,037 - schedule - DEBUG - Running job Job(interval=1, unit=minutes, do=minute_check, args=(), kwargs={})
2026-09-14 23:19:33,357 - schedule - DEBUG - Running job Job(interval=1, unit=minutes, do=minute_check, args=(), kwargs={})
2026-09-14 23:20:26,057 - schedule - DEBUG - Running job Job(interval=1, unit=minutes, do=minute_check, args=(), kwargs={})
2026-09-14 23:20:33,378 - schedule - DEBUG - Running job Job(interval=1, unit=minutes, do=minute_check, args=(), kwargs={})
2026-09-14 23:21:26,078 - schedule - DEBUG - Running job Job(interval=1, unit=minutes, do=minute_check, args=(), kwargs={})
2026-09-14 23:21:33,398 - schedule - DEBUG - Running job Job(interval=1, unit=minutes, do=minute_check, args=(), kwargs={})
2026-09-14 23:22:26,098 - schedule - DEBUG - Running job Job(interval=1, unit=minutes, do=minute_check, args=(), kwargs={})
2026-09-14 23:22:33,419 - schedule - DEBUG - Running job Job(interval=1, unit=minutes, do=minute_check, args=(), kwargs={})
2026-09-14 23:23:26,119 - schedule - DEBUG - Running job Job(interval=1, unit=minutes, do=minute_check, args=(), kwargs={})
2026-09-14 23:23:33,439 - schedule - DEBUG - Running job Job(interval=1, unit=minutes, do=minute_check, args=(), kwargs={})
2026-09-14 23:24:26,139 - schedule - DEBUG - Running job Job(interval=1, unit=minutes, do=minute_check, args=(), kwargs={})
2026-09-14 23:24:33,460 - schedule - DEBUG - Running job Job(interval=1, unit=minutes, do=minute_check, args=(), kwargs={})
2026-09-14 23:25:26,160 - schedule - DEBUG - Running job Job(interval=1, unit=minutes, do=minute_check, args=(), kwargs={})
2026-09-14 23:25:33,480 - schedule - DEBUG - Running job Job(interval=1, unit=minutes, do=minute_check, args=(), kwargs={})
2026-09-14 23:26:26,180 - schedule - DEBUG - Running job Job(interval=1, unit=minutes, do=minute_check, args=(), kwargs={})
2026-09-14 23:26:33,501 - schedule - DEBUG - Running job Job(interval=1, unit=minutes, do=minute_check, args=(), kwargs={})
2026-09-14 23:27:26,201 - schedule - DEBUG - Running job Job(interval=1, unit=minutes, do=minute_check, args=(), kwargs={})
2026-09-14 23:27:33,521 - schedule - DEBUG - Running job Job(interval=1, unit=minutes, do=minute_check, args=(), kwargs={})
2026-09-14 23:28:26,221 - schedule - DEBUG - Running job Job(interval=1, unit=minutes, do=minute_check, args=(), kwargs={})
2026-09-14 23:28:33,542 - schedule - DEBUG - Running job Job(interval=1, unit=minutes, do=minute_check, args=(), kwargs={})
2026-09-14 23:29:26,242 - schedule - DEBUG - Running job Job(interval=1, unit=minutes, do=minute_check, args=(), kwargs={})
2026-09-14 23:29:33,562 - schedule - DEBUG - Running job Job(interval=1, unit=minutes, do=minute_check, args=(), kwargs={})
2026-09-14 23:30:26,263 - schedule - DEBUG - Running job Job(interval=1, unit=minutes, do=minute_check, args=(), kwargs={})
2026-09-14 23:30:33,583 - schedule - DEBUG - Running job Job(interval=1, unit=minutes, do=minute_check, args=(), kwargs={})
2026-09-14 23:31:26,284 - schedule - DEBUG - Running job Job(interval=1, unit=minutes, do=minute_check, args=(), kwargs={})
2026-09-14 23:31:33,604 - schedule - DEBUG - Running job Job(interval=1, unit=minutes, do=minute_check, args=(), kwargs={})
2026-09-14 23:32:26,305 - schedule - DEBUG - Running job Job(interval=1, unit=minutes, do=minute_check, args=(), kwargs={})
2026-09-14 23:32:33,624 - schedule - DEBUG - Running job Job(interval=1, unit=minutes, do=minute_check, args=(), kwargs={})
2026-09-14 23:33:26,325 - schedule - DEBUG - Running job Job(interval=1, unit=minutes, do=minute_check, args=(), kwargs={})
2026-09-14 23:33:33,645 - schedule - DEBUG - Running job Job(interval=1, unit=minutes, do=minute_check, args=(), kwargs={})
2026-09-14 23:34:26,346 - schedule - DEBUG - Running job Job(interval=1, unit=minutes, do=minute_check, args=(), kwargs={})
2026-09-14 23:34:33,665 - schedule - DEBUG - Running job Job(interval=1, unit=minutes, do=minute_check, args=(), kwargs={})
2026-09-14 23:35:26,366 - schedule - DEBUG - Running job Job(interval=1, unit=minutes, do=minute_check, args=(), kwargs={})
2026-09-14 23:35:33,686 - schedule - DEBUG - Running job Job(interval=1, unit=minutes, do=minute_check, args=(), kwargs={})
2026-09-14 23:36:26,387 - schedule - DEBUG - Running job Job(interval=1, unit=minutes, do=minute_check, args=(), kwargs={})
2026-09-14 23:36:33,706 - schedule - DEBUG - Running job Job(interval=1, unit=minutes, do=minute_check, args=(), kwargs={})
2026-09-14 23:37:26,407 - schedule - DEBUG - Running job Job(interval=1, unit=minutes, do=minute_check, args=(), kwargs={})
2026-09-14 23:37:33,727 - schedule - DEBUG - Running job Job(interval=1, unit=minutes, do=minute_check, args=(), kwargs={})
2026-09-14 23:38:26,428 - schedule - DEBUG - Running job Job(interval=1, unit=minutes, do=minute_check, args=(), kwargs={})
2026-09-14 23:38:33,747 - schedule - DEBUG - Running job Job(interval=1, unit=minutes, do=minute_check, args=(), kwargs={})
2026-09-14 23:39:26,448 - schedule - DEBUG - Running job Job(interval=1, unit=minutes, do=minute_check, args=(), kwargs={})
2026-09-14 23:39:33,768 - schedule - DEBUG - Running job Job(interval=1, unit=minutes, do=minute_check, args=(), kwargs={})
2026-09-14 23:40:26,469 - schedule - DEBUG - Running job Job(interval=1, unit=minutes, do=minute_check, args=(), kwargs={})
2026-09-14 23:40:33,788 - schedule - DEBUG - Running job Job(interval=1, unit=minutes, do=minute_check, args=(), kwargs={})
2026-09-14 23:41:26,489 - schedule - DEBUG - Running job Job(interval=1, unit=minutes, do=minute_check, args=(), kwargs={})
2026-09-14 23:41:33,809 - schedule - DEBUG - Running job Job(interval=1, unit=minutes, do=minute_check, args=(), kwargs={})
2026-09-14 23:42:26,510 - schedule - DEBUG - Running job Job(interval=1, unit=minutes, do=minute_check, args=(), kwargs={})
2026-09-14 23:42:33,829 - schedule - DEBUG - Running job Job(interval=1, unit=minutes, do=minute_check, args=(), kwargs={})
2026-09-14 23:43:26,531 - schedule - DEBUG - Running job Job(interval=1, unit=minutes, do=minute_check, args=(), kwargs={})
2026-09-14 23:43:33,850 - schedule - DEBUG - Running job Job(interval=1, unit=minutes, do=minute_check, args=(), kwargs={})
2026-09-14 23:44:26,551 - schedule - DEBUG - Running job Job(interval=1, unit=minutes, do=minute_check, args=(), kwargs={})
2026-09-14 23:44:33,871 - schedule - DEBUG - Running job Job(interval=1, unit=minutes, do=minute_check, args=(), kwargs={})
2026-09-14 23:45:26,572 - schedule - DEBUG - Running job Job(interval=1, unit=minutes, do=minute_check, args=(), kwargs={})
2026-09-14 23:45:33,891 - schedule - DEBUG - Running job Job(interval=1, unit=minutes, do=minute_check, args=(), kwargs={})
2026-09-14 23:46:26,592 - schedule - DEBUG - Running job Job(interval=1, unit=minutes, do=minute_check, args=(), kwargs={})
2026-09-14 23:46:33,912 - schedule - DEBUG - Running job Job(interval=1, unit=minutes, do=minute_check, args=(), kwargs={})
2026-09-14 23:47:26,613 - schedule - DEBUG - Running job Job(interval=1, unit=minutes, do=minute_check, args=(), kwargs={})
2026-09-14 23:47:33,932 - schedule - DEBUG - Running job Job(interval=1, unit=minutes, do=minute_check, args=(), kwargs={})
2026-09-14 23:48:26,633 - schedule - DEBUG - Running job Job(interval=1, unit=minutes, do=minute_check, args=(), kwargs={})
2026-09-14 23:48:33,953 - schedule - DEBUG - Running job Job(interval=1, unit=minutes, do=minute_check, args=(), kwargs={})
2026-09-14 23:49:26,654 - schedule - DEBUG - Running job Job(interval=1, unit=minutes, do=minute_check, args=(), kwargs={})
2026-09-14 23:49:33,973 - schedule - DEBUG - Running job Job(interval=1, unit=minutes, do=minute_check, args=(), kwargs={})
2026-09-14 23:50:26,674 - schedule - DEBUG - Running job Job(interval=1, unit=minutes, do=minute_check, args=(), kwargs={})
2026-09-14 23:50:33,994 - schedule - DEBUG - Running job Job(interval=1, unit=minutes, do=minute_check, args=(), kwargs={})
2026-09-14 23:51:26,696 - schedule - DEBUG - Running job Job(interval=1, unit=minutes, do=minute_check, args=(), kwargs={})
2026-09-14 23:51:34,014 - schedule - DEBUG - Running job Job(interval=1, unit=minutes, do=minute_check, args=(), kwargs={})
2026-09-14 23:52:26,716 - schedule - DEBUG - Running job Job(interval=1, unit=minutes, do=minute_check, args=(), kwargs={})
2026-09-14 23:52:34,035 - schedule - DEBUG - Running job Job(interval=1, unit=minutes, do=minute_check, args=(), kwargs={})
2026-09-14 23:53:26,737 - schedule - DEBUG - Running job Job(interval=1, unit=minutes, do=minute_check, args=(), kwargs={})
2026-09-14 23:53:34,055 - schedule - DEBUG - Running job Job(interval=1, unit=minutes, do=minute_check, args=(), kwargs={})
2026-09-14 23:54:26,759 - schedule - DEBUG - Running job Job(interval=1, unit=minutes, do=minute_check, args=(), kwargs={})
2026-09-14 23:54:34,076 - schedule - DEBUG - Running job Job(interval=1, unit=minutes, do=minute_check, args=(), kwargs={})
2026-09-14 23:55:26,779 - schedule - DEBUG - Running job Job(interval=1, unit=minutes, do=minute_check, args=(), kwargs={})
2026-09-14 23:55:34,096 - schedule - DEBUG - Running job Job(interval=1, unit=minutes, do=minute_check, args=(), kwargs={})
2026-09-14 23:56:26,800 - schedule - DEBUG - Running job Job(interval=1, unit=minutes, do=minute_check, args=(), kwargs={})
2026-09-14 23:56:34,117 - schedule - DEBUG - Running job Job(interval=1, unit=minutes, do=minute_check, args=(), kwargs={})
2026-09-14 23:57:26,820 - schedule - DEBUG - Running job Job(interval=1, unit=minutes, do=minute_check, args=(), kwargs={})
2026-09-14 23:57:34,138 - schedule - DEBUG - Running job Job(interval=1, unit=minutes, do=minute_check, args=(), kwargs={})
2026-09-14 23:58:26,841 - schedule - DEBUG - Running job Job(interval=1, unit=minutes, do=minute_check, args=(), kwargs={})
2026-09-14 23:58:34,158 - schedule - DEBUG - Running job Job(interval=1, unit=minutes, do=minute_check, args=(), kwargs={})
2026-09-14 23:59:26,862 - schedule - DEBUG - Running job Job(interval=1, unit=minutes, do=minute_check, args=(), kwargs={})
2026-09-14 23:59:34,179 - schedule - DEBUG - Running job Job(interval=1, unit=minutes, do=minute_check, args=(), kwargs={})
2026-09-15 00:00:26,883 - schedule - DEBUG - Running job Job(interval=1, unit=minutes, do=minute_check, args=(), kwargs={})
2026-09-15 00:00:34,199 - schedule - DEBUG - Running job Job(interval=1, unit=minutes, do=minute_check, args=(), kwargs={})
2026-09-15 00:01:26,903 - schedule - DEBUG - Running job Job(interval=1, unit=minutes, do=minute_check, args=(), kwargs={})
2026-09-15 00:01:34,220 - schedule - DEBUG - Running job Job(interval=1, unit=minutes, do=minute_check, args=(), kwargs={})
2026-09-15 00:02:26,924 - schedule - DEBUG - Running job Job(interval=1, unit=minutes, do=minute_check, args=(), kwargs={})
2026-09-15 00:02:34,240 - schedule - DEBUG - Running job Job(interval=1, unit=minutes, do=minute_check, args=(), kwargs={})
2026-09-15 00:03:26,944 - schedule - DEBUG - Running job Job(interval=1, unit=minutes, do=minute_check, args=(), kwargs={})
2026-09-15 00:03:34,261 - schedule - DEBUG - Running job Job(interval=1, unit=minutes, do=minute_check, args=(), kwargs={})
2026-09-15 00:04:26,965 - schedule - DEBUG - Running job Job(interval=1, unit=minutes, do=minute_check, args=(), kwargs={})
2026-09-15 00:04:34,281 - schedule - DEBUG - Running job Job(interval=1, unit=minutes, do=minute_check, args=(), kwargs={})
2026-09-15 00:05:26,985 - schedule - DEBUG - Running job Job(interval=1, unit=minutes, do=minute_check, args=(), kwargs={})
2026-09-15 00:05:34,302 - schedule - DEBUG - Running job Job(interval=1, unit=minutes, do=minute_check, args=(), kwargs={})
2026-09-15 00:06:27,006 - schedule - DEBUG - Running job Job(interval=1, unit=minutes, do=minute_check, args=(), kwargs={})
2026-09-15 00:06:34,322 - schedule - DEBUG - Running job Job(interval=1, unit=minutes, do=minute_check, args=(), kwargs={})
2026-09-15 00:07:27,027 - schedule - DEBUG - Running job Job(interval=1, unit=minutes, do=minute_check, args=(), kwargs={})
2026-09-15 00:07:34,343 - schedule - DEBUG - Running job Job(interval=1, unit=minutes, do=minute_check, args=(), kwargs={})
2026-09-15 00:08:27,047 - schedule - DEBUG - Running job Job(interval=1, unit=minutes, do=minute_check, args=(), kwargs={})
2026-09-15 00:08:34,364 - schedule - DEBUG - Running job Job(interval=1, unit=minutes, do=minute_check, args=(), kwargs={})
2026-09-15 00:09:27,068 - schedule - DEBUG - Running job Job(interval=1, unit=minutes, do=minute_check, args=(), kwargs={})
2026-09-15 00:09:34,384 - schedule - DEBUG - Running job Job(interval=1, unit=minutes, do=minute_check, args=(), kwargs={})
2026-09-15 00:10:27,088 - schedule - DEBUG - Running job Job(interval=1, unit=minutes, do=minute_check, args=(), kwargs={})
2026-09-15 00:10:34,405 - schedule - DEBUG - Running job Job(interval=1, unit=minutes, do=minute_check, args=(), kwargs={})
2026-09-15 00:11:27,109 - schedule - DEBUG - Running job Job(interval=1, unit=minutes, do=minute_check, args=(), kwargs={})
2026-09-15 00:11:34,425 - schedule - DEBUG - Running job Job(interval=1, unit=minutes, do=minute_check, args=(), kwargs={})
2026-09-15 00:12:27,129 - schedule - DEBUG - Running job Job(interval=1, unit=minutes, do=minute_check, args=(), kwargs={})
2026-09-15 00:12:34,446 - schedule - DEBUG - Running job Job(interval=1, unit=minutes, do=minute_check, args=(), kwargs={})
2026-09-15 00:13:27,150 - schedule - DEBUG - Running job Job(interval=1, unit=minutes, do=minute_check, args=(), kwargs={})
2026-09-15 00:13:34,466 - schedule - DEBUG - Running job Job(interval=1, unit=minutes, do=minute_check, args=(), kwargs={})
2026-09-15 00:14:27,170 - schedule - DEBUG - Running job Job(interval=1, unit=minutes, do=minute_check, args=(), kwargs={})
2026-09-15 00:14:34,487 - schedule - DEBUG - Running job Job(interval=1, unit=minutes, do=minute_check, args=(), kwargs={})
2026-09-15 00:15:27,191 - schedule - DEBUG - Running job Job(interval=1, unit=minutes, do=minute_check, args=(), kwargs={})
2026-09-15 00:15:34,507 - schedule - DEBUG - Running job Job(interval=1, unit=minutes, do=minute_check, args=(), kwargs={})
2026-09-15 00:16:27,211 - schedule - DEBUG - Running job Job(interval=1, unit=minutes, do=minute_check, args=(), kwargs={})
2026-09-15 00:16:34,528 - schedule - DEBUG - Running job Job(interval=1, unit=minutes, do=minute_check, args=(), kwargs={})
2026-09-15 00:17:27,232 - schedule - DEBUG - Running job Job(interval=1, unit=minutes, do=minute_check, args=(), kwargs={})
2026-09-15 00:17:34,548 - schedule - DEBUG - Running job Job(interval=1, unit=minutes, do=minute_check, args=(), kwargs={})
2026-09-15 00:18:27,252 - schedule - DEBUG - Running job Job(interval=1, unit=minutes, do=minute_check, args=(), kwargs={})
2026-09-15 00:18:34,569 - schedule - DEBUG - Running job Job(interval=1, unit=minutes, do=minute_check, args=(), kwargs={})
2026-09-15 00:19:27,273 - schedule - DEBUG - Running job Job(interval=1, unit=minutes, do=minute_check, args=(), kwargs={})
2026-09-15 00:19:34,589 - schedule - DEBUG - Running job Job(interval=1, unit=minutes, do=minute_check, args=(), kwargs={})
2026-09-15 00:20:27,294 - schedule - DEBUG - Running job Job(interval=1, unit=minutes, do=minute_check, args=(), kwargs={})
2026-09-15 00:20:34,610 - schedule - DEBUG - Running job Job(interval=1, unit=minutes, do=minute_check, args=(), kwargs={})
2026-09-15 00:21:27,315 - schedule - DEBUG - Running job Job(interval=1, unit=minutes, do=minute_check, args=(), kwargs={})
2026-09-15 00:21:34,631 - schedule - DEBUG - Running job Job(interval=1, unit=minutes, do=minute_check, args=(), kwargs={})
2026-09-15 00:22:27,336 - schedule - DEBUG - Running job Job(interval=1, unit=minutes, do=minute_check, args=(), kwargs={})
2026-09-15 00:22:34,651 - schedule - DEBUG - Running job Job(interval=1, unit=minutes, do=minute_check, args=(), kwargs={})
2026-09-15 00:23:27,358 - schedule - DEBUG - Running job Job(interval=1, unit=minutes, do=minute_check, args=(), kwargs={})
2026-09-15 00:23:34,672 - schedule - DEBUG - Running job Job(interval=1, unit=minutes, do=minute_check, args=(), kwargs={})
2026-09-15 00:24:27,379 - schedule - DEBUG - Running job Job(interval=1, unit=minutes, do=minute_check, args=(), kwargs={})
2026-09-15 00:24:34,692 - schedule - DEBUG - Running job Job(interval=1, unit=minutes, do=minute_check, args=(), kwargs={})
2026-09-15 00:25:27,399 - schedule - DEBUG - Running job Job(interval=1, unit=minutes, do=minute_check, args=(), kwargs={})
2026-09-15 00:25:34,713 - schedule - DEBUG - Running job Job(interval=1, unit=minutes, do=minute_check, args=(), kwargs={})
2026-09-15 00:26:27,420 - schedule - DEBUG - Running job Job(interval=1, unit=minutes, do=minute_check, args=(), kwargs={})
2026-09-15 00:26:34,733 - schedule - DEBUG - Running job Job(interval=1, unit=minutes, do=minute_check, args=(), kwargs={})
2026-09-15 00:27:27,440 - schedule - DEBUG - Running job Job(interval=1, unit=minutes, do=minute_check, args=(), kwargs={})
2026-09-15 00:27:34,754 - schedule - DEBUG - Running job Job(interval=1, unit=minutes, do=minute_check, args=(), kwargs={})
2026-09-15 00:28:27,461 - schedule - DEBUG - Running job Job(interval=1, unit=minutes, do=minute_check, args=(), kwargs={})
2026-09-15 00:28:34,775 - schedule - DEBUG - Running job Job(interval=1, unit=minutes, do=minute_check, args=(), kwargs={})
2026-09-15 00:29:27,481 - schedule - DEBUG - Running job Job(interval=1, unit=minutes, do=minute_check, args=(), kwargs={})
2026-09-15 00:29:34,796 - schedule - DEBUG - Running job Job(interval=1, unit=minutes, do=minute_check, args=(), kwargs={})
2026-09-15 00:30:27,502 - schedule - DEBUG - Running job Job(interval=1, unit=minutes, do=minute_check, args=(), kwargs={})
2026-09-15 00:30:34,816 - schedule - DEBUG - Running job Job(interval=1, unit=minutes, do=minute_check, args=(), kwargs={})
2026-09-15 00:31:27,522 - schedule - DEBUG - Running job Job(interval=1, unit=minutes, do=minute_check, args=(), kwargs={})
2026-09-15 00:31:34,837 - schedule - DEBUG - Running job Job(interval=1, unit=minutes, do=minute_check, args=(), kwargs={})
2026-09-15 00:32:27,543 - schedule - DEBUG - Running job Job(interval=1, unit=minutes, do=minute_check, args=(), kwargs={})
2026-09-15 00:32:34,857 - schedule - DEBUG - Running job Job(interval=1, unit=minutes, do=minute_check, args=(), kwargs={})
2026-09-15 00:33:27,564 - schedule - DEBUG - Running job Job(interval=1, unit=minutes, do=minute_check, args=(), kwargs={})
2026-09-15 00:33:34,878 - schedule - DEBUG - Running job Job(interval=1, unit=minutes, do=minute_check, args=(), kwargs={})
2026-09-15 00:34:27,584 - schedule - DEBUG - Running job Job(interval=1, unit=minutes, do=minute_check, args=(), kwargs={})
2026-09-15 00:34:34,899 - schedule - DEBUG - Running job Job(interval=1, unit=minutes, do=minute_check, args=(), kwargs={})
2026-09-15 00:35:27,605 - schedule - DEBUG - Running job Job(interval=1, unit=minutes, do=minute_check, args=(), kwargs={})
2026-09-15 00:35:34,919 - schedule - DEBUG - Running job Job(interval=1, unit=minutes, do=minute_check, args=(), kwargs={})
2026-09-15 00:36:27,625 - schedule - DEBUG - Running job Job(interval=1, unit=minutes, do=minute_check, args=(), kwargs={})
2026-09-15 00:36:34,940 - schedule - DEBUG - Running job Job(interval=1, unit=minutes, do=minute_check, args=(), kwargs={})
2026-09-15 00:37:27,646 - schedule - DEBUG - Running job Job(interval=1, unit=minutes, do=minute_check, args=(), kwargs={})
2026-09-15 00:37:34,960 - schedule - DEBUG - Running job Job(interval=1, unit=minutes, do=minute_check, args=(), kwargs={})
2026-09-15 00:38:27,666 - schedule - DEBUG - Running job Job(interval=1, unit=minutes, do=minute_check, args=(), kwargs={})
2026-09-15 00:38:34,981 - schedule - DEBUG - Running job Job(interval=1, unit=minutes, do=minute_check, args=(), kwargs={})
2026-09-15 00:39:27,687 - schedule - DEBUG - Running job Job(interval=1, unit=minutes, do=minute_check, args=(), kwargs={})
2026-09-15 00:39:35,001 - schedule - DEBUG - Running job Job(interval=1, unit=minutes, do=minute_check, args=(), kwargs={})
2026-09-15 00:40:27,707 - schedule - DEBUG - Running job Job(interval=1, unit=minutes, do=minute_check, args=(), kwargs={})
2026-09-15 00:40:35,022 - schedule - DEBUG - Running job Job(interval=1, unit=minutes, do=minute_check, args=(), kwargs={})
2026-09-15 00:41:27,728 - schedule - DEBUG - Running job Job(interval=1, unit=minutes, do=minute_check, args=(), kwargs={})
2026-09-15 00:41:35,042 - schedule - DEBUG - Running job Job(interval=1, unit=minutes, do=minute_check, args=(), kwargs={})
2026-09-15 00:42:27,748 - schedule - DEBUG - Running job Job(interval=1, unit=minutes, do=minute_check, args=(), kwargs={})
2026-09-15 00:42:35,063 - schedule - DEBUG - Running job Job(interval=1, unit=minutes, do=minute_check, args=(), kwargs={})
2026-09-15 00:43:27,769 - schedule - DEBUG - Running job Job(interval=1, unit=minutes, do=minute_check, args=(), kwargs={})
2026-09-15 00:43:35,083 - schedule - DEBUG - Running job Job(interval=1, unit=minutes, do=minute_check, args=(), kwargs={})
2026-09-15 00:44:27,813 - schedule - DEBUG - Running job Job(interval=1, unit=minutes, do=minute_check, args=(), kwargs={})
2026-09-15 00:44:35,104 - schedule - DEBUG - Running job Job(interval=1, unit=minutes, do=minute_check, args=(), kwargs={})
2026-09-15 00:45:27,834 - schedule - DEBUG - Running job Job(interval=1, unit=minutes, do=minute_check, args=(), kwargs={})
2026-09-15 00:45:35,125 - schedule - DEBUG - Running job Job(interval=1, unit=minutes, do=minute_check, args=(), kwargs={})
2026-09-15 00:46:27,855 - schedule - DEBUG - Running job Job(interval=1, unit=minutes, do=minute_check, args=(), kwargs={})
2026-09-15 00:46:35,146 - schedule - DEBUG - Running job Job(interval=1, unit=minutes, do=minute_check, args=(), kwargs={})
2026-09-15 00:47:27,875 - schedule - DEBUG - Running job Job(interval=1, unit=minutes, do=minute_check, args=(), kwargs={})
2026-09-15 00:47:35,167 - schedule - DEBUG - Running job Job(interval=1, unit=minutes, do=minute_check, args=(), kwargs={})
2026-09-15 00:48:27,896 - schedule - DEBUG - Running job Job(interval=1, unit=minutes, do=minute_check, args=(), kwargs={})
2026-09-15 00:48:35,187 - schedule - DEBUG - Running job Job(interval=1, unit=minutes, do=minute_check, args=(), kwargs={})
2026-09-15 00:49:27,917 - schedule - DEBUG - Running job Job(interval=1, unit=minutes, do=minute_check, args=(), kwargs={})
2026-09-15 00:49:35,209 - schedule - DEBUG - Running job Job(interval=1, unit=minutes, do=minute_check, args=(), kwargs={})
2026-09-15 00:50:27,938 - schedule - DEBUG - Running job Job(interval=1, unit=minutes, do=minute_check, args=(), kwargs={})
2026-09-15 00:50:35,229 - schedule - DEBUG - Running job Job(interval=1, unit=minutes, do=minute_check, args=(), kwargs={})
2026-09-15 00:51:27,959 - schedule - DEBUG - Running job Job(interval=1, unit=minutes, do=minute_check, args=(), kwargs={})
2026-09-15 00:51:35,250 - schedule - DEBUG - Running job Job(interval=1, unit=minutes, do=minute_check, args=(), kwargs={})
2026-09-15 00:52:27,980 - schedule - DEBUG - Running job Job(interval=1, unit=minutes, do=minute_check, args=(), kwargs={})
2026-09-15 00:52:35,270 - schedule - DEBUG - Running job Job(interval=1, unit=minutes, do=minute_check, args=(), kwargs={})
2026-09-15 00:53:28,000 - schedule - DEBUG - Running job Job(interval=1, unit=minutes, do=minute_check, args=(), kwargs={})
2026-09-15 00:53:35,291 - schedule - DEBUG - Running job Job(interval=1, unit=minutes, do=minute_check, args=(), kwargs={})
2026-09-15 00:54:28,021 - schedule - DEBUG - Running job Job(interval=1, unit=minutes, do=minute_check, args=(), kwargs={})
2026-09-15 00:54:35,311 - schedule - DEBUG - Running job Job(interval=1, unit=minutes, do=minute_check, args=(), kwargs={})
2026-09-15 00:55:28,041 - schedule - DEBUG - Running job Job(interval=1, unit=minutes, do=minute_check, args=(), kwargs={})
2026-09-15 00:55:35,332 - schedule - DEBUG - Running job Job(interval=1, unit=minutes, do=minute_check, args=(), kwargs={})
2026-09-15 00:56:28,062 - schedule - DEBUG - Running job Job(interval=1, unit=minutes, do=minute_check, args=(), kwargs={})
2026-09-15 00:56:35,352 - schedule - DEBUG - Running job Job(interval=1, unit=minutes, do=minute_check, args=(), kwargs={})
2026-09-15 00:57:28,082 - schedule - DEBUG - Running job Job(interval=1, unit=minutes, do=minute_check, args=(), kwargs={})
2026-09-15 00:57:35,373 - schedule - DEBUG - Running job Job(interval=1, unit=minutes, do=minute_check, args=(), kwargs={})
2026-09-15 00:58:28,103 - schedule - DEBUG - Running job Job(interval=1, unit=minutes, do=minute_check, args=(), kwargs={})
2026-09-15 00:58:35,393 - schedule - DEBUG - Running job Job(interval=1, unit=minutes, do=minute_check, args=(), kwargs={})
2026-09-15 00:59:28,124 - schedule - DEBUG - Running job Job(interval=1, unit=minutes, do=minute_check, args=(), kwargs={})
2026-09-15 00:59:35,414 - schedule - DEBUG - Running job Job(interval=1, unit=minutes, do=minute_check, args=(), kwargs={})
2026-09-15 01:00:28,144 - schedule - DEBUG - Running job Job(interval=1, unit=minutes, do=minute_check, args=(), kwargs={})
2026-09-15 01:00:35,435 - schedule - DEBUG - Running job Job(interval=1, unit=minutes, do=minute_check, args=(), kwargs={})
2026-09-15 01:01:28,165 - schedule - DEBUG - Running job Job(interval=1, unit=minutes, do=minute_check, args=(), kwargs={})
2026-09-15 01:01:35,455 - schedule - DEBUG - Running job Job(interval=1, unit=minutes, do=minute_check, args=(), kwargs={})
2026-09-15 01:02:28,185 - schedule - DEBUG - Running job Job(interval=1, unit=minutes, do=minute_check, args=(), kwargs={})
2026-09-15 01:02:35,476 - schedule - DEBUG - Running job Job(interval=1, unit=minutes, do=minute_check, args=(), kwargs={})
2026-09-15 01:03:28,206 - schedule - DEBUG - Running job Job(interval=1, unit=minutes, do=minute_check, args=(), kwargs={})
2026-09-15 01:03:35,496 - schedule - DEBUG - Running job Job(interval=1, unit=minutes, do=minute_check, args=(), kwargs={})
2026-09-15 01:04:28,226 - schedule - DEBUG - Running job Job(interval=1, unit=minutes, do=minute_check, args=(), kwargs={})
2026-09-15 01:04:35,524 - schedule - DEBUG - Running job Job(interval=1, unit=minutes, do=minute_check, args=(), kwargs={})
2026-09-15 01:05:28,247 - schedule - DEBUG - Running job Job(interval=1, unit=minutes, do=minute_check, args=(), kwargs={})
2026-09-15 01:05:35,544 - schedule - DEBUG - Running job Job(interval=1, unit=minutes, do=minute_check, args=(), kwargs={})
2026-09-15 01:06:28,267 - schedule - DEBUG - Running job Job(interval=1, unit=minutes, do=minute_check, args=(), kwargs={})
2026-09-15 01:06:35,565 - schedule - DEBUG - Running job Job(interval=1, unit=minutes, do=minute_check, args=(), kwargs={})
2026-09-15 01:07:28,288 - schedule - DEBUG - Running job Job(interval=1, unit=minutes, do=minute_check, args=(), kwargs={})
2026-09-15 01:07:35,585 - schedule - DEBUG - Running job Job(interval=1, unit=minutes, do=minute_check, args=(), kwargs={})
2026-09-15 01:08:28,308 - schedule - DEBUG - Running job Job(interval=1, unit=minutes, do=minute_check, args=(), kwargs={})
2026-09-15 01:08:35,606 - schedule - DEBUG - Running job Job(interval=1, unit=minutes, do=minute_check, args=(), kwargs={})
2026-09-15 01:09:28,329 - schedule - DEBUG - Running job Job(interval=1, unit=minutes, do=minute_check, args=(), kwargs={})
2026-09-15 01:09:35,626 - schedule - DEBUG - Running job Job(interval=1, unit=minutes, do=minute_check, args=(), kwargs={})
2026-09-15 01:10:28,350 - schedule - DEBUG - Running job Job(interval=1, unit=minutes, do=minute_check, args=(), kwargs={})
2026-09-15 01:10:35,647 - schedule - DEBUG - Running job Job(interval=1, unit=minutes, do=minute_check, args=(), kwargs={})
2026-09-15 01:11:28,370 - schedule - DEBUG - Running job Job(interval=1, unit=minutes, do=minute_check, args=(), kwargs={})
2026-09-15 01:11:35,668 - schedule - DEBUG - Running job Job(interval=1, unit=minutes, do=minute_check, args=(), kwargs={})
2026-09-15 01:12:28,391 - schedule - DEBUG - Running job Job(interval=1, unit=minutes, do=minute_check, args=(), kwargs={})
2026-09-15 01:12:35,688 - schedule - DEBUG - Running job Job(interval=1, unit=minutes, do=minute_check, args=(), kwargs={})
2026-09-15 01:13:28,411 - schedule - DEBUG - Running job Job(interval=1, unit=minutes, do=minute_check, args=(), kwargs={})
2026-09-15 01:13:35,709 - schedule - DEBUG - Running job Job(interval=1, unit=minutes, do=minute_check, args=(), kwargs={})
2026-09-15 01:14:28,432 - schedule - DEBUG - Running job Job(interval=1, unit=minutes, do=minute_check, args=(), kwargs={})
2026-09-15 01:14:35,729 - schedule - DEBUG - Running job Job(interval=1, unit=minutes, do=minute_check, args=(), kwargs={})
2026-09-15 01:15:28,452 - schedule - DEBUG - Running job Job(interval=1, unit=minutes, do=minute_check, args=(), kwargs={})
2026-09-15 01:15:35,750 - schedule - DEBUG - Running job Job(interval=1, unit=minutes, do=minute_check, args=(), kwargs={})
2026-09-15 01:16:28,473 - schedule - DEBUG - Running job Job(interval=1, unit=minutes, do=minute_check, args=(), kwargs={})
2026-09-15 01:16:35,770 - schedule - DEBUG - Running job Job(interval=1, unit=minutes, do=minute_check, args=(), kwargs={})
2026-09-15 01:17:28,493 - schedule - DEBUG - Running job Job(interval=1, unit=minutes, do=minute_check, args=(), kwargs={})
2026-09-15 01:17:35,791 - schedule - DEBUG - Running job Job(interval=1, unit=minutes, do=minute_check, args=(), kwargs={})
2026-09-15 01:18:28,514 - schedule - DEBUG - Running job Job(interval=1, unit=minutes, do=minute_check, args=(), kwargs={})
2026-09-15 01:18:35,811 - schedule - DEBUG - Running job Job(interval=1, unit=minutes, do=minute_check, args=(), kwargs={})
2026-09-15 01:19:28,534 - schedule - DEBUG - Running job Job(interval=1, unit=minutes, do=minute_check, args=(), kwargs={})
2026-09-15 01:19:35,832 - schedule - DEBUG - Running job Job(interval=1, unit=minutes, do=minute_check, args=(), kwargs={})
2026-09-15 01:20:28,555 - schedule - DEBUG - Running job Job(interval=1, unit=minutes, do=minute_check, args=(), kwargs={})
2026-09-15 01:20:35,852 - schedule - DEBUG - Running job Job(interval=1, unit=minutes, do=minute_check, args=(), kwargs={})
2026-09-15 01:21:28,576 - schedule - DEBUG - Running job Job(interval=1, unit=minutes, do=minute_check, args=(), kwargs={})
2026-09-15 01:21:35,873 - schedule - DEBUG - Running job Job(interval=1, unit=minutes, do=minute_check, args=(), kwargs={})
2026-09-15 01:22:28,597 - schedule - DEBUG - Running job Job(interval=1, unit=minutes, do=minute_check, args=(), kwargs={})
2026-09-15 01:22:35,893 - schedule - DEBUG - Running job Job(interval=1, unit=minutes, do=minute_check, args=(), kwargs={})
2026-09-15 01:23:28,618 - schedule - DEBUG - Running job Job(interval=1, unit=minutes, do=minute_check, args=(), kwargs={})
2026-09-15 01:23:35,914 - schedule - DEBUG - Running job Job(interval=1, unit=minutes, do=minute_check, args=(), kwargs={})
2026-09-15 01:24:28,639 - schedule - DEBUG - Running job Job(interval=1, unit=minutes, do=minute_check, args=(), kwargs={})
2026-09-15 01:24:35,935 - schedule - DEBUG - Running job Job(interval=1, unit=minutes, do=minute_check, args=(), kwargs={})
2026-09-15 01:25:28,660 - schedule - DEBUG - Running job Job(interval=1, unit=minutes, do=minute_check, args=(), kwargs={})
2026-09-15 01:25:35,955 - schedule - DEBUG - Running job Job(interval=1, unit=minutes, do=minute_check, args=(), kwargs={})
2026-09-15 01:26:28,681 - schedule - DEBUG - Running job Job(interval=1, unit=minutes, do=minute_check, args=(), kwargs={})
2026-09-15 01:26:35,976 - schedule - DEBUG - Running job Job(interval=1, unit=minutes, do=minute_check, args=(), kwargs={})
2026-09-15 01:27:28,702 - schedule - DEBUG - Running job Job(interval=1, unit=minutes, do=minute_check, args=(), kwargs={})
2026-09-15 01:27:35,996 - schedule - DEBUG - Running job Job(interval=1, unit=minutes, do=minute_check, args=(), kwargs={})
2026-09-15 01:28:28,722 - schedule - DEBUG - Running job Job(interval=1, unit=minutes, do=minute_check, args=(), kwargs={})
2026-09-15 01:28:36,017 - schedule - DEBUG - Running job Job(interval=1, unit=minutes, do=minute_check, args=(), kwargs={})
2026-09-15 01:29:28,743 - schedule - DEBUG - Running job Job(interval=1, unit=minutes, do=minute_check, args=(), kwargs={})
2026-09-15 01:29:36,037 - schedule - DEBUG - Running job Job(interval=1, unit=minutes, do=minute_check, args=(), kwargs={})
2026-09-15 01:30:28,763 - schedule - DEBUG - Running job Job(interval=1, unit=minutes, do=minute_check, args=(), kwargs={})
2026-09-15 01:30:36,058 - schedule - DEBUG - Running job Job(interval=1, unit=minutes, do=minute_check, args=(), kwargs={})
2026-09-15 01:31:28,784 - schedule - DEBUG - Running job Job(interval=1, unit=minutes, do=minute_check, args=(), kwargs={})
2026-09-15 01:31:36,078 - schedule - DEBUG - Running job Job(interval=1, unit=minutes, do=minute_check, args=(), kwargs={})
2026-09-15 01:32:28,804 - schedule - DEBUG - Running job Job(interval=1, unit=minutes, do=minute_check, args=(), kwargs={})
2026-09-15 01:32:36,099 - schedule - DEBUG - Running job Job(interval=1, unit=minutes, do=minute_check, args=(), kwargs={})
2026-09-15 01:33:28,825 - schedule - DEBUG - Running job Job(interval=1, unit=minutes, do=minute_check, args=(), kwargs={})
2026-09-15 01:33:36,119 - schedule - DEBUG - Running job Job(interval=1, unit=minutes, do=minute_check, args=(), kwargs={})
2026-09-15 01:34:28,845 - schedule - DEBUG - Running job Job(interval=1, unit=minutes, do=minute_check, args=(), kwargs={})
2026-09-15 01:34:36,141 - schedule - DEBUG - Running job Job(interval=1, unit=minutes, do=minute_check, args=(), kwargs={})
2026-09-15 01:35:28,866 - schedule - DEBUG - Running job Job(interval=1, unit=minutes, do=minute_check, args=(), kwargs={})
2026-09-15 01:35:36,163 - schedule - DEBUG - Running job Job(interval=1, unit=minutes, do=minute_check, args=(), kwargs={})
2026-09-15 01:36:28,887 - schedule - DEBUG - Running job Job(interval=1, unit=minutes, do=minute_check, args=(), kwargs={})
2026-09-15 01:36:36,183 - schedule - DEBUG - Running job Job(interval=1, unit=minutes, do=minute_check, args=(), kwargs={})
2026-09-15 01:37:28,907 - schedule - DEBUG - Running job Job(interval=1, unit=minutes, do=minute_check, args=(), kwargs={})
2026-09-15 01:37:36,204 - schedule - DEBUG - Running job Job(interval=1, unit=minutes, do=minute_check, args=(), kwargs={})
2026-09-15 01:38:28,928 - schedule - DEBUG - Running job Job(interval=1, unit=minutes, do=minute_check, args=(), kwargs={})
2026-09-15 01:38:36,224 - schedule - DEBUG - Running job Job(interval=1, unit=minutes, do=minute_check, args=(), kwargs={})
2026-09-15 01:39:28,948 - schedule - DEBUG - Running job Job(interval=1, unit=minutes, do=minute_check, args=(), kwargs={})
2026-09-15 01:39:36,245 - schedule - DEBUG - Running job Job(interval=1, unit=minutes, do=minute_check, args=(), kwargs={})
2026-09-15 01:40:28,970 - schedule - DEBUG - Running job Job(interval=1, unit=minutes, do=minute_check, args=(), kwargs={})
2026-09-15 01:40:36,265 - schedule - DEBUG - Running job Job(interval=1, unit=minutes, do=minute_check, args=(), kwargs={})
2026-09-15 01:41:28,990 - schedule - DEBUG - Running job Job(interval=1, unit=minutes, do=minute_check, args=(), kwargs={})
2026-09-15 01:41:36,286 - schedule - DEBUG - Running job Job(interval=1, unit=minutes, do=minute_check, args=(), kwargs={})
2026-09-15 01:42:29,011 - schedule - DEBUG - Running job Job(interval=1, unit=minutes, do=minute_check, args=(), kwargs={})
2026-09-15 01:42:36,306 - schedule - DEBUG - Running job Job(interval=1, unit=minutes, do=minute_check, args=(), kwargs={})
2026-09-15 01:43:29,031 - schedule - DEBUG - Running job Job(interval=1, unit=minutes, do=minute_check, args=(), kwargs={})
2026-09-15 01:43:36,327 - schedule - DEBUG - Running job Job(interval=1, unit=minutes, do=minute_check, args=(), kwargs={})
2026-09-15 01:44:29,052 - schedule - DEBUG - Running job Job(interval=1, unit=minutes, do=minute_check, args=(), kwargs={})
2026-09-15 01:44:36,347 - schedule - DEBUG - Running job Job(interval=1, unit=minutes, do=minute_check, args=(), kwargs={})
2026-09-15 01:45:29,073 - schedule - DEBUG - Running job Job(interval=1, unit=minutes, do=minute_check, args=(), kwargs={})
2026-09-15 01:45:36,368 - schedule - DEBUG - Running job Job(interval=1, unit=minutes, do=minute_check, args=(), kwargs={})
2026-09-15 01:46:29,095 - schedule - DEBUG - Running job Job(interval=1, unit=minutes, do=minute_check, args=(), kwargs={})
2026-09-15 01:46:36,388 - schedule - DEBUG - Running job Job(interval=1, unit=minutes, do=minute_check, args=(), kwargs={})
2026-09-15 01:47:29,115 - schedule - DEBUG - Running job Job(interval=1, unit=minutes, do=minute_check, args=(), kwargs={})
2026-09-15 01:47:36,409 - schedule - DEBUG - Running job Job(interval=1, unit=minutes, do=minute_check, args=(), kwargs={})
2026-09-15 01:48:29,137 - schedule - DEBUG - Running job Job(interval=1, unit=minutes, do=minute_check, args=(), kwargs={})
2026-09-15 01:48:36,430 - schedule - DEBUG - Running job Job(interval=1, unit=minutes, do=minute_check, args=(), kwargs={})
2026-09-15 01:49:29,158 - schedule - DEBUG - Running job Job(interval=1, unit=minutes, do=minute_check, args=(), kwargs={})
2026-09-15 01:49:36,450 - schedule - DEBUG - Running job Job(interval=1, unit=minutes, do=minute_check, args=(), kwargs={})
2026-09-15 01:50:29,178 - schedule - DEBUG - Running job Job(interval=1, unit=minutes, do=minute_check, args=(), kwargs={})
2026-09-15 01:50:36,471 - schedule - DEBUG - Running job Job(interval=1, unit=minutes, do=minute_check, args=(), kwargs={})
2026-09-15 01:51:29,199 - schedule - DEBUG - Running job Job(interval=1, unit=minutes, do=minute_check, args=(), kwargs={})
2026-09-15 01:51:36,491 - schedule - DEBUG - Running job Job(interval=1, unit=minutes, do=minute_check, args=(), kwargs={})
2026-09-15 01:52:29,219 - schedule - DEBUG - Running job Job(interval=1, unit=minutes, do=minute_check, args=(), kwargs={})
2026-09-15 01:52:36,512 - schedule - DEBUG - Running job Job(interval=1, unit=minutes, do=minute_check, args=(), kwargs={})
2026-09-15 01:53:29,241 - schedule - DEBUG - Running job Job(interval=1, unit=minutes, do=minute_check, args=(), kwargs={})
2026-09-15 01:53:36,532 - schedule - DEBUG - Running job Job(interval=1, unit=minutes, do=minute_check, args=(), kwargs={})
2026-09-15 01:54:29,261 - schedule - DEBUG - Running job Job(interval=1, unit=minutes, do=minute_check, args=(), kwargs={})
2026-09-15 01:54:36,553 - schedule - DEBUG - Running job Job(interval=1, unit=minutes, do=minute_check, args=(), kwargs={})
2026-09-15 01:55:29,282 - schedule - DEBUG - Running job Job(interval=1, unit=minutes, do=minute_check, args=(), kwargs={})
2026-09-15 01:55:36,573 - schedule - DEBUG - Running job Job(interval=1, unit=minutes, do=minute_check, args=(), kwargs={})
2026-09-15 01:56:29,302 - schedule - DEBUG - Running job Job(interval=1, unit=minutes, do=minute_check, args=(), kwargs={})
2026-09-15 01:56:36,594 - schedule - DEBUG - Running job Job(interval=1, unit=minutes, do=minute_check, args=(), kwargs={})
2026-09-15 01:57:29,323 - schedule - DEBUG - Running job Job(interval=1, unit=minutes, do=minute_check, args=(), kwargs={})
2026-09-15 01:57:36,614 - schedule - DEBUG - Running job Job(interval=1, unit=minutes, do=minute_check, args=(), kwargs={})
2026-09-15 01:58:29,345 - schedule - DEBUG - Running job Job(interval=1, unit=minutes, do=minute_check, args=(), kwargs={})
2026-09-15 01:58:36,635 - schedule - DEBUG - Running job Job(interval=1, unit=minutes, do=minute_check, args=(), kwargs={})
2026-09-15 01:59:29,366 - schedule - DEBUG - Running job Job(interval=1, unit=minutes, do=minute_check, args=(), kwargs={})
2026-09-15 01:59:36,655 - schedule - DEBUG - Running job Job(interval=1, unit=minutes, do=minute_check, args=(), kwargs={})
2026-09-15 02:00:29,387 - schedule - DEBUG - Running job Job(interval=1, unit=minutes, do=minute_check, args=(), kwargs={})
2026-09-15 02:00:36,676 - schedule - DEBUG - Running job Job(interval=1, unit=minutes, do=minute_check, args=(), kwargs={})
2026-09-15 02:01:29,407 - schedule - DEBUG - Running job Job(interval=1, unit=minutes, do=minute_check, args=(), kwargs={})
2026-09-15 02:01:36,697 - schedule - DEBUG - Running job Job(interval=1, unit=minutes, do=minute_check, args=(), kwargs={})
2026-09-15 02:02:29,427 - schedule - DEBUG - Running job Job(interval=1, unit=minutes, do=minute_check, args=(), kwargs={})
2026-09-15 02:02:36,717 - schedule - DEBUG - Running job Job(interval=1, unit=minutes, do=minute_check, args=(), kwargs={})
2026-09-15 02:03:29,447 - schedule - DEBUG - Running job Job(interval=1, unit=minutes, do=minute_check, args=(), kwargs={})
2026-09-15 02:03:36,737 - schedule - DEBUG - Running job Job(interval=1, unit=minutes, do=minute_check, args=(), kwargs={})
2026-09-15 02:04:29,468 - schedule - DEBUG - Running job Job(interval=1, unit=minutes, do=minute_check, args=(), kwargs={})
2026-09-15 02:04:36,757 - schedule - DEBUG - Running job Job(interval=1, unit=minutes, do=minute_check, args=(), kwargs={})
2026-09-15 02:05:29,488 - schedule - DEBUG - Running job Job(interval=1, unit=minutes, do=minute_check, args=(), kwargs={})
2026-09-15 02:05:36,778 - schedule - DEBUG - Running job Job(interval=1, unit=minutes, do=minute_check, args=(), kwargs={})
2026-09-15 02:06:29,509 - schedule - DEBUG - Running job Job(interval=1, unit=minutes, do=minute_check, args=(), kwargs={})
2026-09-15 02:06:36,798 - schedule - DEBUG - Running job Job(interval=1, unit=minutes, do=minute_check, args=(), kwargs={})
2026-09-15 02:07:29,529 - schedule - DEBUG - Running job Job(interval=1, unit=minutes, do=minute_check, args=(), kwargs={})
2026-09-15 02:07:36,819 - schedule - DEBUG - Running job Job(interval=1, unit=minutes, do=minute_check, args=(), kwargs={})
2026-09-15 02:08:29,550 - schedule - DEBUG - Running job Job(interval=1, unit=minutes, do=minute_check, args=(), kwargs={})
2026-09-15 02:08:36,839 - schedule - DEBUG - Running job Job(interval=1, unit=minutes, do=minute_check, args=(), kwargs={})
2026-09-15 02:09:29,570 - schedule - DEBUG - Running job Job(interval=1, unit=minutes, do=minute_check, args=(), kwargs={})
2026-09-15 02:09:36,860 - schedule - DEBUG - Running job Job(interval=1, unit=minutes, do=minute_check, args=(), kwargs={})
2026-09-15 02:10:29,592 - schedule - DEBUG - Running job Job(interval=1, unit=minutes, do=minute_check, args=(), kwargs={})
2026-09-15 02:10:36,880 - schedule - DEBUG - Running job Job(interval=1, unit=minutes, do=minute_check, args=(), kwargs={})
2026-09-15 02:11:29,612 - schedule - DEBUG - Running job Job(interval=1, unit=minutes, do=minute_check, args=(), kwargs={})
2026-09-15 02:11:36,901 - schedule - DEBUG - Running job Job(interval=1, unit=minutes, do=minute_check, args=(), kwargs={})
2026-09-15 02:12:29,633 - schedule - DEBUG - Running job Job(interval=1, unit=minutes, do=minute_check, args=(), kwargs={})
2026-09-15 02:12:36,922 - schedule - DEBUG - Running job Job(interval=1, unit=minutes, do=minute_check, args=(), kwargs={})
2026-09-15 02:13:29,654 - schedule - DEBUG - Running job Job(interval=1, unit=minutes, do=minute_check, args=(), kwargs={})
2026-09-15 02:13:36,942 - schedule - DEBUG - Running job Job(interval=1, unit=minutes, do=minute_check, args=(), kwargs={})
2026-09-15 02:14:29,674 - schedule - DEBUG - Running job Job(interval=1, unit=minutes, do=minute_check, args=(), kwargs={})
2026-09-15 02:14:36,963 - schedule - DEBUG - Running job Job(interval=1, unit=minutes, do=minute_check, args=(), kwargs={})
2026-09-15 02:15:29,695 - schedule - DEBUG - Running job Job(interval=1, unit=minutes, do=minute_check, args=(), kwargs={})
2026-09-15 02:15:36,983 - schedule - DEBUG - Running job Job(interval=1, unit=minutes, do=minute_check, args=(), kwargs={})
2026-09-15 02:16:29,715 - schedule - DEBUG - Running job Job(interval=1, unit=minutes, do=minute_check, args=(), kwargs={})
2026-09-15 02:16:37,004 - schedule - DEBUG - Running job Job(interval=1, unit=minutes, do=minute_check, args=(), kwargs={})
2026-09-15 02:17:29,736 - schedule - DEBUG - Running job Job(interval=1, unit=minutes, do=minute_check, args=(), kwargs={})
2026-09-15 02:17:37,024 - schedule - DEBUG - Running job Job(interval=1, unit=minutes, do=minute_check, args=(), kwargs={})
2026-09-15 02:18:29,756 - schedule - DEBUG - Running job Job(interval=1, unit=minutes, do=minute_check, args=(), kwargs={})
2026-09-15 02:18:37,045 - schedule - DEBUG - Running job Job(interval=1, unit=minutes, do=minute_check, args=(), kwargs={})
2026-09-15 02:19:29,778 - schedule - DEBUG - Running job Job(interval=1, unit=minutes, do=minute_check, args=(), kwargs={})
2026-09-15 02:19:37,065 - schedule - DEBUG - Running job Job(interval=1, unit=minutes, do=minute_check, args=(), kwargs={})
2026-09-15 02:20:29,798 - schedule - DEBUG - Running job Job(interval=1, unit=minutes, do=minute_check, args=(), kwargs={})
2026-09-15 02:20:37,086 - schedule - DEBUG - Running job Job(interval=1, unit=minutes, do=minute_check, args=(), kwargs={})
2026-09-15 02:21:29,820 - schedule - DEBUG - Running job Job(interval=1, unit=minutes, do=minute_check, args=(), kwargs={})
2026-09-15 02:21:37,105 - schedule - DEBUG - Running job Job(interval=1, unit=minutes, do=minute_check, args=(), kwargs={})
2026-09-15 02:22:29,840 - schedule - DEBUG - Running job Job(interval=1, unit=minutes, do=minute_check, args=(), kwargs={})
2026-09-15 02:22:37,126 - schedule - DEBUG - Running job Job(interval=1, unit=minutes, do=minute_check, args=(), kwargs={})
2026-09-15 02:23:29,861 - schedule - DEBUG - Running job Job(interval=1, unit=minutes, do=minute_check, args=(), kwargs={})
2026-09-15 02:23:37,146 - schedule - DEBUG - Running job Job(interval=1, unit=minutes, do=minute_check, args=(), kwargs={})
2026-09-15 02:24:29,882 - schedule - DEBUG - Running job Job(interval=1, unit=minutes, do=minute_check, args=(), kwargs={})
2026-09-15 02:24:37,167 - schedule - DEBUG - Running job Job(interval=1, unit=minutes, do=minute_check, args=(), kwargs={})
2026-09-15 02:25:29,902 - schedule - DEBUG - Running job Job(interval=1, unit=minutes, do=minute_check, args=(), kwargs={})
2026-09-15 02:25:37,189 - schedule - DEBUG - Running job Job(interval=1, unit=minutes, do=minute_check, args=(), kwargs={})
2026-09-15 02:26:29,923 - schedule - DEBUG - Running job Job(interval=1, unit=minutes, do=minute_check, args=(), kwargs={})
2026-09-15 02:26:37,209 - schedule - DEBUG - Running job Job(interval=1, unit=minutes, do=minute_check, args=(), kwargs={})
2026-09-15 02:27:29,943 - schedule - DEBUG - Running job Job(interval=1, unit=minutes, do=minute_check, args=(), kwargs={})
2026-09-15 02:27:37,230 - schedule - DEBUG - Running job Job(interval=1, unit=minutes, do=minute_check, args=(), kwargs={})
2026-09-15 02:28:29,964 - schedule - DEBUG - Running job Job(interval=1, unit=minutes, do=minute_check, args=(), kwargs={})
2026-09-15 02:28:37,250 - schedule - DEBUG - Running job Job(interval=1, unit=minutes, do=minute_check, args=(), kwargs={})
2026-09-15 02:29:29,984 - schedule - DEBUG - Running job Job(interval=1, unit=minutes, do=minute_check, args=(), kwargs={})
2026-09-15 02:29:37,271 - schedule - DEBUG - Running job Job(interval=1, unit=minutes, do=minute_check, args=(), kwargs={})
2026-09-15 02:30:30,005 - schedule - DEBUG - Running job Job(interval=1, unit=minutes, do=minute_check, args=(), kwargs={})
2026-09-15 02:30:37,291 - schedule - DEBUG - Running job Job(interval=1, unit=minutes, do=minute_check, args=(), kwargs={})
2026-09-15 02:31:30,025 - schedule - DEBUG - Running job Job(interval=1, unit=minutes, do=minute_check, args=(), kwargs={})
2026-09-15 02:31:37,312 - schedule - DEBUG - Running job Job(interval=1, unit=minutes, do=minute_check, args=(), kwargs={})
2026-09-15 02:32:30,046 - schedule - DEBUG - Running job Job(interval=1, unit=minutes, do=minute_check, args=(), kwargs={})
2026-09-15 02:32:37,332 - schedule - DEBUG - Running job Job(interval=1, unit=minutes, do=minute_check, args=(), kwargs={})
2026-09-15 02:33:30,067 - schedule - DEBUG - Running job Job(interval=1, unit=minutes, do=minute_check, args=(), kwargs={})
2026-09-15 02:33:37,353 - schedule - DEBUG - Running job Job(interval=1, unit=minutes, do=minute_check, args=(), kwargs={})
2026-09-15 02:34:30,088 - schedule - DEBUG - Running job Job(interval=1, unit=minutes, do=minute_check, args=(), kwargs={})
2026-09-15 02:34:37,373 - schedule - DEBUG - Running job Job(interval=1, unit=minutes, do=minute_check, args=(), kwargs={})
2026-09-15 02:35:30,108 - schedule - DEBUG - Running job Job(interval=1, unit=minutes, do=minute_check, args=(), kwargs={})
2026-09-15 02:35:37,394 - schedule - DEBUG - Running job Job(interval=1, unit=minutes, do=minute_check, args=(), kwargs={})
2026-09-15 02:36:30,130 - schedule - DEBUG - Running job Job(interval=1, unit=minutes, do=minute_check, args=(), kwargs={})
2026-09-15 02:36:37,414 - schedule - DEBUG - Running job Job(interval=1, unit=minutes, do=minute_check, args=(), kwargs={})
2026-09-15 02:37:30,150 - schedule - DEBUG - Running job Job(interval=1, unit=minutes, do=minute_check, args=(), kwargs={})
2026-09-15 02:37:37,435 - schedule - DEBUG - Running job Job(interval=1, unit=minutes, do=minute_check, args=(), kwargs={})
2026-09-15 02:38:30,171 - schedule - DEBUG - Running job Job(interval=1, unit=minutes, do=minute_check, args=(), kwargs={})
2026-09-15 02:38:37,456 - schedule - DEBUG - Running job Job(interval=1, unit=minutes, do=minute_check, args=(), kwargs={})
2026-09-15 02:39:30,191 - schedule - DEBUG - Running job Job(interval=1, unit=minutes, do=minute_check, args=(), kwargs={})
2026-09-15 02:39:37,476 - schedule - DEBUG - Running job Job(interval=1, unit=minutes, do=minute_check, args=(), kwargs={})
2026-09-15 02:40:30,211 - schedule - DEBUG - Running job Job(interval=1, unit=minutes, do=minute_check, args=(), kwargs={})
2026-09-15 02:40:37,498 - schedule - DEBUG - Running job Job(interval=1, unit=minutes, do=minute_check, args=(), kwargs={})
2026-09-15 02:41:30,232 - schedule - DEBUG - Running job Job(interval=1, unit=minutes, do=minute_check, args=(), kwargs={})
2026-09-15 02:41:37,518 - schedule - DEBUG - Running job Job(interval=1, unit=minutes, do=minute_check, args=(), kwargs={})
2026-09-15 02:42:30,252 - schedule - DEBUG - Running job Job(interval=1, unit=minutes, do=minute_check, args=(), kwargs={})
2026-09-15 02:42:37,539 - schedule - DEBUG - Running job Job(interval=1, unit=minutes, do=minute_check, args=(), kwargs={})
2026-09-15 02:43:30,274 - schedule - DEBUG - Running job Job(interval=1, unit=minutes, do=minute_check, args=(), kwargs={})
2026-09-15 02:43:37,559 - schedule - DEBUG - Running job Job(interval=1, unit=minutes, do=minute_check, args=(), kwargs={})
2026-09-15 02:44:30,294 - schedule - DEBUG - Running job Job(interval=1, unit=minutes, do=minute_check, args=(), kwargs={})
2026-09-15 02:44:37,581 - schedule - DEBUG - Running job Job(interval=1, unit=minutes, do=minute_check, args=(), kwargs={})
2026-09-15 02:45:30,315 - schedule - DEBUG - Running job Job(interval=1, unit=minutes, do=minute_check, args=(), kwargs={})
2026-09-15 02:45:37,601 - schedule - DEBUG - Running job Job(interval=1, unit=minutes, do=minute_check, args=(), kwargs={})
2026-09-15 02:46:30,335 - schedule - DEBUG - Running job Job(interval=1, unit=minutes, do=minute_check, args=(), kwargs={})
2026-09-15 02:46:37,622 - schedule - DEBUG - Running job Job(interval=1, unit=minutes, do=minute_check, args=(), kwargs={})
2026-09-15 02:47:30,357 - schedule - DEBUG - Running job Job(interval=1, unit=minutes, do=minute_check, args=(), kwargs={})
2026-09-15 02:47:37,642 - schedule - DEBUG - Running job Job(interval=1, unit=minutes, do=minute_check, args=(), kwargs={})
2026-09-15 02:48:30,377 - schedule - DEBUG - Running job Job(interval=1, unit=minutes, do=minute_check, args=(), kwargs={})
2026-09-15 02:48:37,663 - schedule - DEBUG - Running job Job(interval=1, unit=minutes, do=minute_check, args=(), kwargs={})
2026-09-15 02:49:30,398 - schedule - DEBUG - Running job Job(interval=1, unit=minutes, do=minute_check, args=(), kwargs={})
2026-09-15 02:49:37,684 - schedule - DEBUG - Running job Job(interval=1, unit=minutes, do=minute_check, args=(), kwargs={})
2026-09-15 02:50:30,418 - schedule - DEBUG - Running job Job(interval=1, unit=minutes, do=minute_check, args=(), kwargs={})
2026-09-15 02:50:37,704 - schedule - DEBUG - Running job Job(interval=1, unit=minutes, do=minute_check, args=(), kwargs={})
2026-09-15 02:51:30,439 - schedule - DEBUG - Running job Job(interval=1, unit=minutes, do=minute_check, args=(), kwargs={})
2026-09-15 02:51:37,725 - schedule - DEBUG - Running job Job(interval=1, unit=minutes, do=minute_check, args=(), kwargs={})
2026-09-15 02:52:30,460 - schedule - DEBUG - Running job Job(interval=1, unit=minutes, do=minute_check, args=(), kwargs={})
2026-09-15 02:52:37,745 - schedule - DEBUG - Running job Job(interval=1, unit=minutes, do=minute_check, args=(), kwargs={})
2026-09-15 02:53:30,480 - schedule - DEBUG - Running job Job(interval=1, unit=minutes, do=minute_check, args=(), kwargs={})
2026-09-15 02:53:37,766 - schedule - DEBUG - Running job Job(interval=1, unit=minutes, do=minute_check, args=(), kwargs={})
2026-09-15 02:54:30,501 - schedule - DEBUG - Running job Job(interval=1, unit=minutes, do=minute_check, args=(), kwargs={})
2026-09-15 02:54:37,786 - schedule - DEBUG - Running job Job(interval=1, unit=minutes, do=minute_check, args=(), kwargs={})
2026-09-15 02:55:30,521 - schedule - DEBUG - Running job Job(interval=1, unit=minutes, do=minute_check, args=(), kwargs={})
2026-09-15 02:55:37,807 - schedule - DEBUG - Running job Job(interval=1, unit=minutes, do=minute_check, args=(), kwargs={})
2026-09-15 02:56:30,543 - schedule - DEBUG - Running job Job(interval=1, unit=minutes, do=minute_check, args=(), kwargs={})
2026-09-15 02:56:37,827 - schedule - DEBUG - Running job Job(interval=1, unit=minutes, do=minute_check, args=(), kwargs={})
2026-09-15 02:57:30,563 - schedule - DEBUG - Running job Job(interval=1, unit=minutes, do=minute_check, args=(), kwargs={})
2026-09-15 02:57:37,849 - schedule - DEBUG - Running job Job(interval=1, unit=minutes, do=minute_check, args=(), kwargs={})
2026-09-15 02:58:30,584 - schedule - DEBUG - Running job Job(interval=1, unit=minutes, do=minute_check, args=(), kwargs={})
2026-09-15 02:58:37,869 - schedule - DEBUG - Running job Job(interval=1, unit=minutes, do=minute_check, args=(), kwargs={})
2026-09-15 02:59:30,604 - schedule - DEBUG - Running job Job(interval=1, unit=minutes, do=minute_check, args=(), kwargs={})
2026-09-15 02:59:37,889 - schedule - DEBUG - Running job Job(interval=1, unit=minutes, do=minute_check, args=(), kwargs={})
2026-09-15 03:00:30,625 - schedule - DEBUG - Running job Job(interval=1, unit=minutes, do=minute_check, args=(), kwargs={})
2026-09-15 03:00:37,911 - schedule - DEBUG - Running job Job(interval=1, unit=minutes, do=minute_check, args=(), kwargs={})
2026-09-15 03:01:30,645 - schedule - DEBUG - Running job Job(interval=1, unit=minutes, do=minute_check, args=(), kwargs={})
2026-09-15 03:01:37,932 - schedule - DEBUG - Running job Job(interval=1, unit=minutes, do=minute_check, args=(), kwargs={})
2026-09-15 03:02:30,666 - schedule - DEBUG - Running job Job(interval=1, unit=minutes, do=minute_check, args=(), kwargs={})
2026-09-15 03:02:37,952 - schedule - DEBUG - Running job Job(interval=1, unit=minutes, do=minute_check, args=(), kwargs={})
2026-09-15 03:03:30,687 - schedule - DEBUG - Running job Job(interval=1, unit=minutes, do=minute_check, args=(), kwargs={})
2026-09-15 03:03:37,973 - schedule - DEBUG - Running job Job(interval=1, unit=minutes, do=minute_check, args=(), kwargs={})
2026-09-15 03:04:30,707 - schedule - DEBUG - Running job Job(interval=1, unit=minutes, do=minute_check, args=(), kwargs={})
2026-09-15 03:04:37,994 - schedule - DEBUG - Running job Job(interval=1, unit=minutes, do=minute_check, args=(), kwargs={})
2026-09-15 03:05:30,728 - schedule - DEBUG - Running job Job(interval=1, unit=minutes, do=minute_check, args=(), kwargs={})
2026-09-15 03:05:38,014 - schedule - DEBUG - Running job Job(interval=1, unit=minutes, do=minute_check, args=(), kwargs={})
2026-09-15 03:06:30,748 - schedule - DEBUG - Running job Job(interval=1, unit=minutes, do=minute_check, args=(), kwargs={})
2026-09-15 03:06:38,035 - schedule - DEBUG - Running job Job(interval=1, unit=minutes, do=minute_check, args=(), kwargs={})
2026-09-15 03:07:30,769 - schedule - DEBUG - Running job Job(interval=1, unit=minutes, do=minute_check, args=(), kwargs={})
2026-09-15 03:07:38,055 - schedule - DEBUG - Running job Job(interval=1, unit=minutes, do=minute_check, args=(), kwargs={})
2026-09-15 03:08:30,789 - schedule - DEBUG - Running job Job(interval=1, unit=minutes, do=minute_check, args=(), kwargs={})
2026-09-15 03:08:38,076 - schedule - DEBUG - Running job Job(interval=1, unit=minutes, do=minute_check, args=(), kwargs={})
2026-09-15 03:09:30,810 - schedule - DEBUG - Running job Job(interval=1, unit=minutes, do=minute_check, args=(), kwargs={})
2026-09-15 03:09:38,096 - schedule - DEBUG - Running job Job(interval=1, unit=minutes, do=minute_check, args=(), kwargs={})
2026-09-15 03:10:30,830 - schedule - DEBUG - Running job Job(interval=1, unit=minutes, do=minute_check, args=(), kwargs={})
2026-09-15 03:10:38,117 - schedule - DEBUG - Running job Job(interval=1, unit=minutes, do=minute_check, args=(), kwargs={})
2026-09-15 03:11:30,851 - schedule - DEBUG - Running job Job(interval=1, unit=minutes, do=minute_check, args=(), kwargs={})
2026-09-15 03:11:38,139 - schedule - DEBUG - Running job Job(interval=1, unit=minutes, do=minute_check, args=(), kwargs={})
2026-09-15 03:12:30,872 - schedule - DEBUG - Running job Job(interval=1, unit=minutes, do=minute_check, args=(), kwargs={})
2026-09-15 03:12:38,160 - schedule - DEBUG - Running job Job(interval=1, unit=minutes, do=minute_check, args=(), kwargs={})
2026-09-15 03:13:30,893 - schedule - DEBUG - Running job Job(interval=1, unit=minutes, do=minute_check, args=(), kwargs={})
2026-09-15 03:13:38,180 - schedule - DEBUG - Running job Job(interval=1, unit=minutes, do=minute_check, args=(), kwargs={})
2026-09-15 03:14:30,913 - schedule - DEBUG - Running job Job(interval=1, unit=minutes, do=minute_check, args=(), kwargs={})
2026-09-15 03:14:38,201 - schedule - DEBUG - Running job Job(interval=1, unit=minutes, do=minute_check, args=(), kwargs={})
2026-09-15 03:15:30,934 - schedule - DEBUG - Running job Job(interval=1, unit=minutes, do=minute_check, args=(), kwargs={})
2026-09-15 03:15:38,222 - schedule - DEBUG - Running job Job(interval=1, unit=minutes, do=minute_check, args=(), kwargs={})
2026-09-15 03:16:30,954 - schedule - DEBUG - Running job Job(interval=1, unit=minutes, do=minute_check, args=(), kwargs={})
2026-09-15 03:16:38,242 - schedule - DEBUG - Running job Job(interval=1, unit=minutes, do=minute_check, args=(), kwargs={})
2026-09-15 03:17:30,975 - schedule - DEBUG - Running job Job(interval=1, unit=minutes, do=minute_check, args=(), kwargs={})
2026-09-15 03:17:38,264 - schedule - DEBUG - Running job Job(interval=1, unit=minutes, do=minute_check, args=(), kwargs={})
2026-09-15 03:18:30,996 - schedule - DEBUG - Running job Job(interval=1, unit=minutes, do=minute_check, args=(), kwargs={})
2026-09-15 03:18:38,284 - schedule - DEBUG - Running job Job(interval=1, unit=minutes, do=minute_check, args=(), kwargs={})
2026-09-15 03:19:31,016 - schedule - DEBUG - Running job Job(interval=1, unit=minutes, do=minute_check, args=(), kwargs={})
2026-09-15 03:19:38,305 - schedule - DEBUG - Running job Job(interval=1, unit=minutes, do=minute_check, args=(), kwargs={})
2026-09-15 03:20:31,037 - schedule - DEBUG - Running job Job(interval=1, unit=minutes, do=minute_check, args=(), kwargs={})
2026-09-15 03:20:38,325 - schedule - DEBUG - Running job Job(interval=1, unit=minutes, do=minute_check, args=(), kwargs={})
2026-09-15 03:21:31,057 - schedule - DEBUG - Running job Job(interval=1, unit=minutes, do=minute_check, args=(), kwargs={})
2026-09-15 03:21:38,346 - schedule - DEBUG - Running job Job(interval=1, unit=minutes, do=minute_check, args=(), kwargs={})
2026-09-15 03:22:31,078 - schedule - DEBUG - Running job Job(interval=1, unit=minutes, do=minute_check, args=(), kwargs={})
2026-09-15 03:22:38,367 - schedule - DEBUG - Running job Job(interval=1, unit=minutes, do=minute_check, args=(), kwargs={})
2026-09-15 03:23:31,099 - schedule - DEBUG - Running job Job(interval=1, unit=minutes, do=minute_check, args=(), kwargs={})
2026-09-15 03:23:38,388 - schedule - DEBUG - Running job Job(interval=1, unit=minutes, do=minute_check, args=(), kwargs={})
2026-09-15 03:24:31,120 - schedule - DEBUG - Running job Job(interval=1, unit=minutes, do=minute_check, args=(), kwargs={})
2026-09-15 03:24:38,409 - schedule - DEBUG - Running job Job(interval=1, unit=minutes, do=minute_check, args=(), kwargs={})
2026-09-15 03:25:31,141 - schedule - DEBUG - Running job Job(interval=1, unit=minutes, do=minute_check, args=(), kwargs={})
2026-09-15 03:25:38,430 - schedule - DEBUG - Running job Job(interval=1, unit=minutes, do=minute_check, args=(), kwargs={})
2026-09-15 03:26:31,162 - schedule - DEBUG - Running job Job(interval=1, unit=minutes, do=minute_check, args=(), kwargs={})
2026-09-15 03:26:38,450 - schedule - DEBUG - Running job Job(interval=1, unit=minutes, do=minute_check, args=(), kwargs={})
2026-09-15 03:27:31,183 - schedule - DEBUG - Running job Job(interval=1, unit=minutes, do=minute_check, args=(), kwargs={})
2026-09-15 03:27:38,471 - schedule - DEBUG - Running job Job(interval=1, unit=minutes, do=minute_check, args=(), kwargs={})
2026-09-15 03:28:31,203 - schedule - DEBUG - Running job Job(interval=1, unit=minutes, do=minute_check, args=(), kwargs={})
2026-09-15 03:28:38,492 - schedule - DEBUG - Running job Job(interval=1, unit=minutes, do=minute_check, args=(), kwargs={})
2026-09-15 03:29:31,224 - schedule - DEBUG - Running job Job(interval=1, unit=minutes, do=minute_check, args=(), kwargs={})
2026-09-15 03:29:38,512 - schedule - DEBUG - Running job Job(interval=1, unit=minutes, do=minute_check, args=(), kwargs={})
2026-09-15 03:30:31,244 - schedule - DEBUG - Running job Job(interval=1, unit=minutes, do=minute_check, args=(), kwargs={})
2026-09-15 03:30:38,533 - schedule - DEBUG - Running job Job(interval=1, unit=minutes, do=minute_check, args=(), kwargs={})
2026-09-15 03:31:31,266 - schedule - DEBUG - Running job Job(interval=1, unit=minutes, do=minute_check, args=(), kwargs={})
2026-09-15 03:31:38,554 - schedule - DEBUG - Running job Job(interval=1, unit=minutes, do=minute_check, args=(), kwargs={})
2026-09-15 03:32:31,286 - schedule - DEBUG - Running job Job(interval=1, unit=minutes, do=minute_check, args=(), kwargs={})
2026-09-15 03:32:38,575 - schedule - DEBUG - Running job Job(interval=1, unit=minutes, do=minute_check, args=(), kwargs={})
2026-09-15 03:33:31,307 - schedule - DEBUG - Running job Job(interval=1, unit=minutes, do=minute_check, args=(), kwargs={})
2026-09-15 03:33:38,594 - schedule - DEBUG - Running job Job(interval=1, unit=minutes, do=minute_check, args=(), kwargs={})
2026-09-15 03:34:31,327 - schedule - DEBUG - Running job Job(interval=1, unit=minutes, do=minute_check, args=(), kwargs={})
2026-09-15 03:34:38,615 - schedule - DEBUG - Running job Job(interval=1, unit=minutes, do=minute_check, args=(), kwargs={})
2026-09-15 03:35:31,349 - schedule - DEBUG - Running job Job(interval=1, unit=minutes, do=minute_check, args=(), kwargs={})
2026-09-15 03:35:38,635 - schedule - DEBUG - Running job Job(interval=1, unit=minutes, do=minute_check, args=(), kwargs={})
2026-09-15 03:36:31,369 - schedule - DEBUG - Running job Job(interval=1, unit=minutes, do=minute_check, args=(), kwargs={})
2026-09-15 03:36:38,656 - schedule - DEBUG - Running job Job(interval=1, unit=minutes, do=minute_check, args=(), kwargs={})
2026-09-15 03:37:31,389 - schedule - DEBUG - Running job Job(interval=1, unit=minutes, do=minute_check, args=(), kwargs={})
2026-09-15 03:37:38,675 - schedule - DEBUG - Running job Job(interval=1, unit=minutes, do=minute_check, args=(), kwargs={})
2026-09-15 03:38:31,409 - schedule - DEBUG - Running job Job(interval=1, unit=minutes, do=minute_check, args=(), kwargs={})
2026-09-15 03:38:38,695 - schedule - DEBUG - Running job Job(interval=1, unit=minutes, do=minute_check, args=(), kwargs={})
2026-09-15 03:39:31,430 - schedule - DEBUG - Running job Job(interval=1, unit=minutes, do=minute_check, args=(), kwargs={})
2026-09-15 03:39:38,716 - schedule - DEBUG - Running job Job(interval=1, unit=minutes, do=minute_check, args=(), kwargs={})
2026-09-15 03:40:31,451 - schedule - DEBUG - Running job Job(interval=1, unit=minutes, do=minute_check, args=(), kwargs={})
2026-09-15 03:40:38,736 - schedule - DEBUG - Running job Job(interval=1, unit=minutes, do=minute_check, args=(), kwargs={})
2026-09-15 03:41:31,471 - schedule - DEBUG - Running job Job(interval=1, unit=minutes, do=minute_check, args=(), kwargs={})
2026-09-15 03:41:38,757 - schedule - DEBUG - Running job Job(interval=1, unit=minutes, do=minute_check, args=(), kwargs={})
2026-09-15 03:42:31,492 - schedule - DEBUG - Running job Job(interval=1, unit=minutes, do=minute_check, args=(), kwargs={})
2026-09-15 03:42:38,777 - schedule - DEBUG - Running job Job(interval=1, unit=minutes, do=minute_check, args=(), kwargs={})
2026-09-15 03:43:31,512 - schedule - DEBUG - Running job Job(interval=1, unit=minutes, do=minute_check, args=(), kwargs={})
2026-09-15 03:43:38,798 - schedule - DEBUG - Running job Job(interval=1, unit=minutes, do=minute_check, args=(), kwargs={})
2026-09-15 03:44:31,533 - schedule - DEBUG - Running job Job(interval=1, unit=minutes, do=minute_check, args=(), kwargs={})
2026-09-15 03:44:38,818 - schedule - DEBUG - Running job Job(interval=1, unit=minutes, do=minute_check, args=(), kwargs={})
2026-09-15 03:45:31,553 - schedule - DEBUG - Running job Job(interval=1, unit=minutes, do=minute_check, args=(), kwargs={})
2026-09-15 03:45:38,839 - schedule - DEBUG - Running job Job(interval=1, unit=minutes, do=minute_check, args=(), kwargs={})
2026-09-15 03:46:31,574 - schedule - DEBUG - Running job Job(interval=1, unit=minutes, do=minute_check, args=(), kwargs={})
2026-09-15 03:46:38,859 - schedule - DEBUG - Running job Job(interval=1, unit=minutes, do=minute_check, args=(), kwargs={})
2026-09-15 03:47:31,595 - schedule - DEBUG - Running job Job(interval=1, unit=minutes, do=minute_check, args=(), kwargs={})
2026-09-15 03:47:38,880 - schedule - DEBUG - Running job Job(interval=1, unit=minutes, do=minute_check, args=(), kwargs={})
2026-09-15 03:48:31,616 - schedule - DEBUG - Running job Job(interval=1, unit=minutes, do=minute_check, args=(), kwargs={})
2026-09-15 03:48:38,899 - schedule - DEBUG - Running job Job(interval=1, unit=minutes, do=minute_check, args=(), kwargs={})
2026-09-15 03:49:31,636 - schedule - DEBUG - Running job Job(interval=1, unit=minutes, do=minute_check, args=(), kwargs={})
2026-09-15 03:49:38,920 - schedule - DEBUG - Running job Job(interval=1, unit=minutes, do=minute_check, args=(), kwargs={})
2026-09-15 03:50:31,657 - schedule - DEBUG - Running job Job(interval=1, unit=minutes, do=minute_check, args=(), kwargs={})
2026-09-15 03:50:38,940 - schedule - DEBUG - Running job Job(interval=1, unit=minutes, do=minute_check, args=(), kwargs={})
2026-09-15 03:51:31,677 - schedule - DEBUG - Running job Job(interval=1, unit=minutes, do=minute_check, args=(), kwargs={})
2026-09-15 03:51:38,961 - schedule - DEBUG - Running job Job(interval=1, unit=minutes, do=minute_check, args=(), kwargs={})
2026-09-15 03:52:31,698 - schedule - DEBUG - Running job Job(interval=1, unit=minutes, do=minute_check, args=(), kwargs={})
2026-09-15 03:52:38,982 - schedule - DEBUG - Running job Job(interval=1, unit=minutes, do=minute_check, args=(), kwargs={})
2026-09-15 03:53:31,719 - schedule - DEBUG - Running job Job(interval=1, unit=minutes, do=minute_check, args=(), kwargs={})
2026-09-15 03:53:39,002 - schedule - DEBUG - Running job Job(interval=1, unit=minutes, do=minute_check, args=(), kwargs={})
2026-09-15 03:54:31,739 - schedule - DEBUG - Running job Job(interval=1, unit=minutes, do=minute_check, args=(), kwargs={})
2026-09-15 03:54:39,023 - schedule - DEBUG - Running job Job(interval=1, unit=minutes, do=minute_check, args=(), kwargs={})
2026-09-15 03:55:31,760 - schedule - DEBUG - Running job Job(interval=1, unit=minutes, do=minute_check, args=(), kwargs={})
2026-09-15 03:55:39,044 - schedule - DEBUG - Running job Job(interval=1, unit=minutes, do=minute_check, args=(), kwargs={})
2026-09-15 03:56:31,780 - schedule - DEBUG - Running job Job(interval=1, unit=minutes, do=minute_check, args=(), kwargs={})
2026-09-15 03:56:39,065 - schedule - DEBUG - Running job Job(interval=1, unit=minutes, do=minute_check, args=(), kwargs={})
2026-09-15 03:57:31,801 - schedule - DEBUG - Running job Job(interval=1, unit=minutes, do=minute_check, args=(), kwargs={})
2026-09-15 03:57:39,085 - schedule - DEBUG - Running job Job(interval=1, unit=minutes, do=minute_check, args=(), kwargs={})
2026-09-15 03:58:31,822 - schedule - DEBUG - Running job Job(interval=1, unit=minutes, do=minute_check, args=(), kwargs={})
2026-09-15 03:58:39,106 - schedule - DEBUG - Running job Job(interval=1, unit=minutes, do=minute_check, args=(), kwargs={})
2026-09-15 03:59:31,843 - schedule - DEBUG - Running job Job(interval=1, unit=minutes, do=minute_check, args=(), kwargs={})
2026-09-15 03:59:39,126 - schedule - DEBUG - Running job Job(interval=1, unit=minutes, do=minute_check, args=(), kwargs={})
2026-09-15 04:00:31,863 - schedule - DEBUG - Running job Job(interval=1, unit=minutes, do=minute_check, args=(), kwargs={})
2026-09-15 04:00:39,147 - schedule - DEBUG - Running job Job(interval=1, unit=minutes, do=minute_check, args=(), kwargs={})
2026-09-15 04:01:31,884 - schedule - DEBUG - Running job Job(interval=1, unit=minutes, do=minute_check, args=(), kwargs={})
2026-09-15 04:01:39,167 - schedule - DEBUG - Running job Job(interval=1, unit=minutes, do=minute_check, args=(), kwargs={})
2026-09-15 04:02:31,905 - schedule - DEBUG - Running job Job(interval=1, unit=minutes, do=minute_check, args=(), kwargs={})
2026-09-15 04:02:39,188 - schedule - DEBUG - Running job Job(interval=1, unit=minutes, do=minute_check, args=(), kwargs={})
2026-09-15 04:03:31,925 - schedule - DEBUG - Running job Job(interval=1, unit=minutes, do=minute_check, args=(), kwargs={})
2026-09-15 04:03:39,208 - schedule - DEBUG - Running job Job(interval=1, unit=minutes, do=minute_check, args=(), kwargs={})
2026-09-15 04:04:31,946 - schedule - DEBUG - Running job Job(interval=1, unit=minutes, do=minute_check, args=(), kwargs={})
2026-09-15 04:04:39,229 - schedule - DEBUG - Running job Job(interval=1, unit=minutes, do=minute_check, args=(), kwargs={})
2026-09-15 04:05:31,966 - schedule - DEBUG - Running job Job(interval=1, unit=minutes, do=minute_check, args=(), kwargs={})
2026-09-15 04:05:39,250 - schedule - DEBUG - Running job Job(interval=1, unit=minutes, do=minute_check, args=(), kwargs={})
2026-09-15 04:06:31,987 - schedule - DEBUG - Running job Job(interval=1, unit=minutes, do=minute_check, args=(), kwargs={})
2026-09-15 04:06:39,270 - schedule - DEBUG - Running job Job(interval=1, unit=minutes, do=minute_check, args=(), kwargs={})
2026-09-15 04:07:32,007 - schedule - DEBUG - Running job Job(interval=1, unit=minutes, do=minute_check, args=(), kwargs={})
2026-09-15 04:07:39,291 - schedule - DEBUG - Running job Job(interval=1, unit=minutes, do=minute_check, args=(), kwargs={})
2026-09-15 04:08:32,028 - schedule - DEBUG - Running job Job(interval=1, unit=minutes, do=minute_check, args=(), kwargs={})
2026-09-15 04:08:39,311 - schedule - DEBUG - Running job Job(interval=1, unit=minutes, do=minute_check, args=(), kwargs={})
2026-09-15 04:09:32,048 - schedule - DEBUG - Running job Job(interval=1, unit=minutes, do=minute_check, args=(), kwargs={})
2026-09-15 04:09:39,332 - schedule - DEBUG - Running job Job(interval=1, unit=minutes, do=minute_check, args=(), kwargs={})
2026-09-15 04:10:32,069 - schedule - DEBUG - Running job Job(interval=1, unit=minutes, do=minute_check, args=(), kwargs={})
2026-09-15 04:10:39,352 - schedule - DEBUG - Running job Job(interval=1, unit=minutes, do=minute_check, args=(), kwargs={})
2026-09-15 04:11:32,090 - schedule - DEBUG - Running job Job(interval=1, unit=minutes, do=minute_check, args=(), kwargs={})
2026-09-15 04:11:39,373 - schedule - DEBUG - Running job Job(interval=1, unit=minutes, do=minute_check, args=(), kwargs={})
2026-09-15 04:12:32,111 - schedule - DEBUG - Running job Job(interval=1, unit=minutes, do=minute_check, args=(), kwargs={})
2026-09-15 04:12:39,393 - schedule - DEBUG - Running job Job(interval=1, unit=minutes, do=minute_check, args=(), kwargs={})
2026-09-15 04:13:32,131 - schedule - DEBUG - Running job Job(interval=1, unit=minutes, do=minute_check, args=(), kwargs={})
2026-09-15 04:13:39,414 - schedule - DEBUG - Running job Job(interval=1, unit=minutes, do=minute_check, args=(), kwargs={})
2026-09-15 04:14:32,153 - schedule - DEBUG - Running job Job(interval=1, unit=minutes, do=minute_check, args=(), kwargs={})
2026-09-15 04:14:39,434 - schedule - DEBUG - Running job Job(interval=1, unit=minutes, do=minute_check, args=(), kwargs={})
2026-09-15 04:15:32,173 - schedule - DEBUG - Running job Job(interval=1, unit=minutes, do=minute_check, args=(), kwargs={})
2026-09-15 04:15:39,455 - schedule - DEBUG - Running job Job(interval=1, unit=minutes, do=minute_check, args=(), kwargs={})
2026-09-15 04:16:32,194 - schedule - DEBUG - Running job Job(interval=1, unit=minutes, do=minute_check, args=(), kwargs={})
2026-09-15 04:16:39,476 - schedule - DEBUG - Running job Job(interval=1, unit=minutes, do=minute_check, args=(), kwargs={})
2026-09-15 04:17:32,215 - schedule - DEBUG - Running job Job(interval=1, unit=minutes, do=minute_check, args=(), kwargs={})
2026-09-15 04:17:39,496 - schedule - DEBUG - Running job Job(interval=1, unit=minutes, do=minute_check, args=(), kwargs={})
2026-09-15 04:18:32,235 - schedule - DEBUG - Running job Job(interval=1, unit=minutes, do=minute_check, args=(), kwargs={})
2026-09-15 04:18:39,517 - schedule - DEBUG - Running job Job(interval=1, unit=minutes, do=minute_check, args=(), kwargs={})
2026-09-15 04:19:32,257 - schedule - DEBUG - Running job Job(interval=1, unit=minutes, do=minute_check, args=(), kwargs={})
2026-09-15 04:19:39,537 - schedule - DEBUG - Running job Job(interval=1, unit=minutes, do=minute_check, args=(), kwargs={})
2026-09-15 04:20:32,277 - schedule - DEBUG - Running job Job(interval=1, unit=minutes, do=minute_check, args=(), kwargs={})
2026-09-15 04:20:39,558 - schedule - DEBUG - Running job Job(interval=1, unit=minutes, do=minute_check, args=(), kwargs={})
2026-09-15 04:21:32,299 - schedule - DEBUG - Running job Job(interval=1, unit=minutes, do=minute_check, args=(), kwargs={})
2026-09-15 04:21:39,578 - schedule - DEBUG - Running job Job(interval=1, unit=minutes, do=minute_check, args=(), kwargs={})
2026-09-15 04:22:32,319 - schedule - DEBUG - Running job Job(interval=1, unit=minutes, do=minute_check, args=(), kwargs={})
2026-09-15 04:22:39,599 - schedule - DEBUG - Running job Job(interval=1, unit=minutes, do=minute_check, args=(), kwargs={})
2026-09-15 04:23:32,340 - schedule - DEBUG - Running job Job(interval=1, unit=minutes, do=minute_check, args=(), kwargs={})
2026-09-15 04:23:39,619 - schedule - DEBUG - Running job Job(interval=1, unit=minutes, do=minute_check, args=(), kwargs={})
2026-09-15 04:24:32,360 - schedule - DEBUG - Running job Job(interval=1, unit=minutes, do=minute_check, args=(), kwargs={})
2026-09-15 04:24:39,640 - schedule - DEBUG - Running job Job(interval=1, unit=minutes, do=minute_check, args=(), kwargs={})
2026-09-15 04:25:32,382 - schedule - DEBUG - Running job Job(interval=1, unit=minutes, do=minute_check, args=(), kwargs={})
2026-09-15 04:25:39,660 - schedule - DEBUG - Running job Job(interval=1, unit=minutes, do=minute_check, args=(), kwargs={})
2026-09-15 04:26:32,402 - schedule - DEBUG - Running job Job(interval=1, unit=minutes, do=minute_check, args=(), kwargs={})
2026-09-15 04:26:39,681 - schedule - DEBUG - Running job Job(interval=1, unit=minutes, do=minute_check, args=(), kwargs={})
2026-09-15 04:27:32,423 - schedule - DEBUG - Running job Job(interval=1, unit=minutes, do=minute_check, args=(), kwargs={})
2026-09-15 04:27:39,701 - schedule - DEBUG - Running job Job(interval=1, unit=minutes, do=minute_check, args=(), kwargs={})
2026-09-15 04:28:32,443 - schedule - DEBUG - Running job Job(interval=1, unit=minutes, do=minute_check, args=(), kwargs={})
2026-09-15 04:28:39,722 - schedule - DEBUG - Running job Job(interval=1, unit=minutes, do=minute_check, args=(), kwargs={})
2026-09-15 04:29:32,464 - schedule - DEBUG - Running job Job(interval=1, unit=minutes, do=minute_check, args=(), kwargs={})
2026-09-15 04:29:39,743 - schedule - DEBUG - Running job Job(interval=1, unit=minutes, do=minute_check, args=(), kwargs={})
2026-09-15 04:30:32,485 - schedule - DEBUG - Running job Job(interval=1, unit=minutes, do=minute_check, args=(), kwargs={})
2026-09-15 04:30:39,764 - schedule - DEBUG - Running job Job(interval=1, unit=minutes, do=minute_check, args=(), kwargs={})
2026-09-15 04:31:32,505 - schedule - DEBUG - Running job Job(interval=1, unit=minutes, do=minute_check, args=(), kwargs={})
2026-09-15 04:31:39,786 - schedule - DEBUG - Running job Job(interval=1, unit=minutes, do=minute_check, args=(), kwargs={})
2026-09-15 04:32:32,526 - schedule - DEBUG - Running job Job(interval=1, unit=minutes, do=minute_check, args=(), kwargs={})
2026-09-15 04:32:39,806 - schedule - DEBUG - Running job Job(interval=1, unit=minutes, do=minute_check, args=(), kwargs={})
2026-09-15 04:33:32,546 - schedule - DEBUG - Running job Job(interval=1, unit=minutes, do=minute_check, args=(), kwargs={})
2026-09-15 04:33:39,827 - schedule - DEBUG - Running job Job(interval=1, unit=minutes, do=minute_check, args=(), kwargs={})
2026-09-15 04:34:32,567 - schedule - DEBUG - Running job Job(interval=1, unit=minutes, do=minute_check, args=(), kwargs={})
2026-09-15 04:34:39,847 - schedule - DEBUG - Running job Job(interval=1, unit=minutes, do=minute_check, args=(), kwargs={})
2026-09-15 04:35:32,587 - schedule - DEBUG - Running job Job(interval=1, unit=minutes, do=minute_check, args=(), kwargs={})
2026-09-15 04:35:39,868 - schedule - DEBUG - Running job Job(interval=1, unit=minutes, do=minute_check, args=(), kwargs={})
2026-09-15 04:36:32,608 - schedule - DEBUG - Running job Job(interval=1, unit=minutes, do=minute_check, args=(), kwargs={})
2026-09-15 04:36:39,889 - schedule - DEBUG - Running job Job(interval=1, unit=minutes, do=minute_check, args=(), kwargs={})
2026-09-15 04:37:32,629 - schedule - DEBUG - Running job Job(interval=1, unit=minutes, do=minute_check, args=(), kwargs={})
2026-09-15 04:37:39,910 - schedule - DEBUG - Running job Job(interval=1, unit=minutes, do=minute_check, args=(), kwargs={})
2026-09-15 04:38:32,650 - schedule - DEBUG - Running job Job(interval=1, unit=minutes, do=minute_check, args=(), kwargs={})
2026-09-15 04:38:39,930 - schedule - DEBUG - Running job Job(interval=1, unit=minutes, do=minute_check, args=(), kwargs={})
2026-09-15 04:39:32,670 - schedule - DEBUG - Running job Job(interval=1, unit=minutes, do=minute_check, args=(), kwargs={})
2026-09-15 04:39:39,952 - schedule - DEBUG - Running job Job(interval=1, unit=minutes, do=minute_check, args=(), kwargs={})
2026-09-15 04:40:32,692 - schedule - DEBUG - Running job Job(interval=1, unit=minutes, do=minute_check, args=(), kwargs={})
2026-09-15 04:40:39,972 - schedule - DEBUG - Running job Job(interval=1, unit=minutes, do=minute_check, args=(), kwargs={})
2026-09-15 04:41:32,713 - schedule - DEBUG - Running job Job(interval=1, unit=minutes, do=minute_check, args=(), kwargs={})
2026-09-15 04:41:39,993 - schedule - DEBUG - Running job Job(interval=1, unit=minutes, do=minute_check, args=(), kwargs={})
2026-09-15 04:42:32,733 - schedule - DEBUG - Running job Job(interval=1, unit=minutes, do=minute_check, args=(), kwargs={})
2026-09-15 04:42:40,014 - schedule - DEBUG - Running job Job(interval=1, unit=minutes, do=minute_check, args=(), kwargs={})
2026-09-15 04:43:32,754 - schedule - DEBUG - Running job Job(interval=1, unit=minutes, do=minute_check, args=(), kwargs={})
2026-09-15 04:43:40,034 - schedule - DEBUG - Running job Job(interval=1, unit=minutes, do=minute_check, args=(), kwargs={})
2026-09-15 04:44:32,774 - schedule - DEBUG - Running job Job(interval=1, unit=minutes, do=minute_check, args=(), kwargs={})
2026-09-15 04:44:40,055 - schedule - DEBUG - Running job Job(interval=1, unit=minutes, do=minute_check, args=(), kwargs={})
2026-09-15 04:45:32,795 - schedule - DEBUG - Running job Job(interval=1, unit=minutes, do=minute_check, args=(), kwargs={})
2026-09-15 04:45:40,075 - schedule - DEBUG - Running job Job(interval=1, unit=minutes, do=minute_check, args=(), kwargs={})
2026-09-15 04:46:32,815 - schedule - DEBUG - Running job Job(interval=1, unit=minutes, do=minute_check, args=(), kwargs={})
2026-09-15 04:46:40,096 - schedule - DEBUG - Running job Job(interval=1, unit=minutes, do=minute_check, args=(), kwargs={})
2026-09-15 04:47:32,836 - schedule - DEBUG - Running job Job(interval=1, unit=minutes, do=minute_check, args=(), kwargs={})
2026-09-15 04:47:40,116 - schedule - DEBUG - Running job Job(interval=1, unit=minutes, do=minute_check, args=(), kwargs={})
2026-09-15 04:48:32,856 - schedule - DEBUG - Running job Job(interval=1, unit=minutes, do=minute_check, args=(), kwargs={})
2026-09-15 04:48:40,138 - schedule - DEBUG - Running job Job(interval=1, unit=minutes, do=minute_check, args=(), kwargs={})
2026-09-15 04:49:32,877 - schedule - DEBUG - Running job Job(interval=1, unit=minutes, do=minute_check, args=(), kwargs={})
2026-09-15 04:49:40,158 - schedule - DEBUG - Running job Job(interval=1, unit=minutes, do=minute_check, args=(), kwargs={})
2026-09-15 04:50:32,897 - schedule - DEBUG - Running job Job(interval=1, unit=minutes, do=minute_check, args=(), kwargs={})
2026-09-15 04:50:40,179 - schedule - DEBUG - Running job Job(interval=1, unit=minutes, do=minute_check, args=(), kwargs={})
2026-09-15 04:51:32,918 - schedule - DEBUG - Running job Job(interval=1, unit=minutes, do=minute_check, args=(), kwargs={})
2026-09-15 04:51:40,200 - schedule - DEBUG - Running job Job(interval=1, unit=minutes, do=minute_check, args=(), kwargs={})
2026-09-15 04:52:32,938 - schedule - DEBUG - Running job Job(interval=1, unit=minutes, do=minute_check, args=(), kwargs={})
2026-09-15 04:52:40,220 - schedule - DEBUG - Running job Job(interval=1, unit=minutes, do=minute_check, args=(), kwargs={})
2026-09-15 04:53:32,959 - schedule - DEBUG - Running job Job(interval=1, unit=minutes, do=minute_check, args=(), kwargs={})
2026-09-15 04:53:40,241 - schedule - DEBUG - Running job Job(interval=1, unit=minutes, do=minute_check, args=(), kwargs={})
2026-09-15 04:54:32,980 - schedule - DEBUG - Running job Job(interval=1, unit=minutes, do=minute_check, args=(), kwargs={})
2026-09-15 04:54:40,261 - schedule - DEBUG - Running job Job(interval=1, unit=minutes, do=minute_check, args=(), kwargs={})
2026-09-15 04:55:33,000 - schedule - DEBUG - Running job Job(interval=1, unit=minutes, do=minute_check, args=(), kwargs={})
2026-09-15 04:55:40,282 - schedule - DEBUG - Running job Job(interval=1, unit=minutes, do=minute_check, args=(), kwargs={})
2026-09-15 04:56:33,021 - schedule - DEBUG - Running job Job(interval=1, unit=minutes, do=minute_check, args=(), kwargs={})
2026-09-15 04:56:40,302 - schedule - DEBUG - Running job Job(interval=1, unit=minutes, do=minute_check, args=(), kwargs={})
2026-09-15 04:57:33,041 - schedule - DEBUG - Running job Job(interval=1, unit=minutes, do=minute_check, args=(), kwargs={})
2026-09-15 04:57:40,323 - schedule - DEBUG - Running job Job(interval=1, unit=minutes, do=minute_check, args=(), kwargs={})
2026-09-15 04:58:33,062 - schedule - DEBUG - Running job Job(interval=1, unit=minutes, do=minute_check, args=(), kwargs={})
2026-09-15 04:58:40,343 - schedule - DEBUG - Running job Job(interval=1, unit=minutes, do=minute_check, args=(), kwargs={})
2026-09-15 04:59:33,082 - schedule - DEBUG - Running job Job(interval=1, unit=minutes, do=minute_check, args=(), kwargs={})
2026-09-15 04:59:40,364 - schedule - DEBUG - Running job Job(interval=1, unit=minutes, do=minute_check, args=(), kwargs={})
2026-09-15 05:00:33,103 - schedule - DEBUG - Running job Job(interval=1, unit=minutes, do=minute_check, args=(), kwargs={})
2026-09-15 05:00:40,384 - schedule - DEBUG - Running job Job(interval=1, unit=minutes, do=minute_check, args=(), kwargs={})
2026-09-15 05:01:33,123 - schedule - DEBUG - Running job Job(interval=1, unit=minutes, do=minute_check, args=(), kwargs={})
2026-09-15 05:01:40,405 - schedule - DEBUG - Running job Job(interval=1, unit=minutes, do=minute_check, args=(), kwargs={})
2026-09-15 05:02:33,144 - schedule - DEBUG - Running job Job(interval=1, unit=minutes, do=minute_check, args=(), kwargs={})
2026-09-15 05:02:40,425 - schedule - DEBUG - Running job Job(interval=1, unit=minutes, do=minute_check, args=(), kwargs={})
2026-09-15 05:03:33,164 - schedule - DEBUG - Running job Job(interval=1, unit=minutes, do=minute_check, args=(), kwargs={})
2026-09-15 05:03:40,446 - schedule - DEBUG - Running job Job(interval=1, unit=minutes, do=minute_check, args=(), kwargs={})
2026-09-15 05:04:33,185 - schedule - DEBUG - Running job Job(interval=1, unit=minutes, do=minute_check, args=(), kwargs={})
2026-09-15 05:04:40,466 - schedule - DEBUG - Running job Job(interval=1, unit=minutes, do=minute_check, args=(), kwargs={})
2026-09-15 05:05:33,205 - schedule - DEBUG - Running job Job(interval=1, unit=minutes, do=minute_check, args=(), kwargs={})
2026-09-15 05:05:40,487 - schedule - DEBUG - Running job Job(interval=1, unit=minutes, do=minute_check, args=(), kwargs={})
2026-09-15 05:06:33,228 - schedule - DEBUG - Running job Job(interval=1, unit=minutes, do=minute_check, args=(), kwargs={})
2026-09-15 05:06:40,508 - schedule - DEBUG - Running job Job(interval=1, unit=minutes, do=minute_check, args=(), kwargs={})
2026-09-15 05:07:33,249 - schedule - DEBUG - Running job Job(interval=1, unit=minutes, do=minute_check, args=(), kwargs={})
2026-09-15 05:07:40,528 - schedule - DEBUG - Running job Job(interval=1, unit=minutes, do=minute_check, args=(), kwargs={})
2026-09-15 05:08:33,269 - schedule - DEBUG - Running job Job(interval=1, unit=minutes, do=minute_check, args=(), kwargs={})
2026-09-15 05:08:40,549 - schedule - DEBUG - Running job Job(interval=1, unit=minutes, do=minute_check, args=(), kwargs={})
2026-09-15 05:09:33,290 - schedule - DEBUG - Running job Job(interval=1, unit=minutes, do=minute_check, args=(), kwargs={})
2026-09-15 05:09:40,569 - schedule - DEBUG - Running job Job(interval=1, unit=minutes, do=minute_check, args=(), kwargs={})
2026-09-15 05:10:33,310 - schedule - DEBUG - Running job Job(interval=1, unit=minutes, do=minute_check, args=(), kwargs={})
2026-09-15 05:10:40,590 - schedule - DEBUG - Running job Job(interval=1, unit=minutes, do=minute_check, args=(), kwargs={})
2026-09-15 05:11:33,331 - schedule - DEBUG - Running job Job(interval=1, unit=minutes, do=minute_check, args=(), kwargs={})
2026-09-15 05:11:40,610 - schedule - DEBUG - Running job Job(interval=1, unit=minutes, do=minute_check, args=(), kwargs={})
2026-09-15 05:12:33,351 - schedule - DEBUG - Running job Job(interval=1, unit=minutes, do=minute_check, args=(), kwargs={})
2026-09-15 05:12:40,631 - schedule - DEBUG - Running job Job(interval=1, unit=minutes, do=minute_check, args=(), kwargs={})
2026-09-15 05:13:33,372 - schedule - DEBUG - Running job Job(interval=1, unit=minutes, do=minute_check, args=(), kwargs={})
2026-09-15 05:13:40,651 - schedule - DEBUG - Running job Job(interval=1, unit=minutes, do=minute_check, args=(), kwargs={})
2026-09-15 05:14:33,392 - schedule - DEBUG - Running job Job(interval=1, unit=minutes, do=minute_check, args=(), kwargs={})
2026-09-15 05:14:40,672 - schedule - DEBUG - Running job Job(interval=1, unit=minutes, do=minute_check, args=(), kwargs={})
2026-09-15 05:15:33,413 - schedule - DEBUG - Running job Job(interval=1, unit=minutes, do=minute_check, args=(), kwargs={})
2026-09-15 05:15:40,692 - schedule - DEBUG - Running job Job(interval=1, unit=minutes, do=minute_check, args=(), kwargs={})
2026-09-15 05:16:33,434 - schedule - DEBUG - Running job Job(interval=1, unit=minutes, do=minute_check, args=(), kwargs={})
2026-09-15 05:16:40,712 - schedule - DEBUG - Running job Job(interval=1, unit=minutes, do=minute_check, args=(), kwargs={})
2026-09-15 05:17:33,455 - schedule - DEBUG - Running job Job(interval=1, unit=minutes, do=minute_check, args=(), kwargs={})
2026-09-15 05:17:40,732 - schedule - DEBUG - Running job Job(interval=1, unit=minutes, do=minute_check, args=(), kwargs={})
2026-09-15 05:18:33,476 - schedule - DEBUG - Running job Job(interval=1, unit=minutes, do=minute_check, args=(), kwargs={})
2026-09-15 05:18:40,753 - schedule - DEBUG - Running job Job(interval=1, unit=minutes, do=minute_check, args=(), kwargs={})
2026-09-15 05:19:33,497 - schedule - DEBUG - Running job Job(interval=1, unit=minutes, do=minute_check, args=(), kwargs={})
2026-09-15 05:19:40,774 - schedule - DEBUG - Running job Job(interval=1, unit=minutes, do=minute_check, args=(), kwargs={})
2026-09-15 05:20:33,518 - schedule - DEBUG - Running job Job(interval=1, unit=minutes, do=minute_check, args=(), kwargs={})
2026-09-15 05:20:40,794 - schedule - DEBUG - Running job Job(interval=1, unit=minutes, do=minute_check, args=(), kwargs={})
2026-09-15 05:21:33,538 - schedule - DEBUG - Running job Job(interval=1, unit=minutes, do=minute_check, args=(), kwargs={})
2026-09-15 05:21:40,816 - schedule - DEBUG - Running job Job(interval=1, unit=minutes, do=minute_check, args=(), kwargs={})
2026-09-15 05:22:33,558 - schedule - DEBUG - Running job Job(interval=1, unit=minutes, do=minute_check, args=(), kwargs={})
2026-09-15 05:22:40,836 - schedule - DEBUG - Running job Job(interval=1, unit=minutes, do=minute_check, args=(), kwargs={})
2026-09-15 05:23:33,578 - schedule - DEBUG - Running job Job(interval=1, unit=minutes, do=minute_check, args=(), kwargs={})
2026-09-15 05:23:40,857 - schedule - DEBUG - Running job Job(interval=1, unit=minutes, do=minute_check, args=(), kwargs={})
2026-09-15 05:24:33,599 - schedule - DEBUG - Running job Job(interval=1, unit=minutes, do=minute_check, args=(), kwargs={})
2026-09-15 05:24:40,877 - schedule - DEBUG - Running job Job(interval=1, unit=minutes, do=minute_check, args=(), kwargs={})
2026-09-15 05:25:33,619 - schedule - DEBUG - Running job Job(interval=1, unit=minutes, do=minute_check, args=(), kwargs={})
2026-09-15 05:25:40,899 - schedule - DEBUG - Running job Job(interval=1, unit=minutes, do=minute_check, args=(), kwargs={})
2026-09-15 05:26:33,640 - schedule - DEBUG - Running job Job(interval=1, unit=minutes, do=minute_check, args=(), kwargs={})
2026-09-15 05:26:40,919 - schedule - DEBUG - Running job Job(interval=1, unit=minutes, do=minute_check, args=(), kwargs={})
2026-09-15 05:27:33,660 - schedule - DEBUG - Running job Job(interval=1, unit=minutes, do=minute_check, args=(), kwargs={})
2026-09-15 05:27:40,940 - schedule - DEBUG - Running job Job(interval=1, unit=minutes, do=minute_check, args=(), kwargs={})
2026-09-15 05:28:33,681 - schedule - DEBUG - Running job Job(interval=1, unit=minutes, do=minute_check, args=(), kwargs={})
2026-09-15 05:28:40,960 - schedule - DEBUG - Running job Job(interval=1, unit=minutes, do=minute_check, args=(), kwargs={})
2026-09-15 05:29:33,701 - schedule - DEBUG - Running job Job(interval=1, unit=minutes, do=minute_check, args=(), kwargs={})
2026-09-15 05:29:40,981 - schedule - DEBUG - Running job Job(interval=1, unit=minutes, do=minute_check, args=(), kwargs={})
2026-09-15 05:30:33,722 - schedule - DEBUG - Running job Job(interval=1, unit=minutes, do=minute_check, args=(), kwargs={})
2026-09-15 05:30:41,002 - schedule - DEBUG - Running job Job(interval=1, unit=minutes, do=minute_check, args=(), kwargs={})
2026-09-15 05:31:33,743 - schedule - DEBUG - Running job Job(interval=1, unit=minutes, do=minute_check, args=(), kwargs={})
2026-09-15 05:31:41,022 - schedule - DEBUG - Running job Job(interval=1, unit=minutes, do=minute_check, args=(), kwargs={})
2026-09-15 05:32:33,782 - schedule - DEBUG - Running job Job(interval=1, unit=minutes, do=minute_check, args=(), kwargs={})
2026-09-15 05:32:41,043 - schedule - DEBUG - Running job Job(interval=1, unit=minutes, do=minute_check, args=(), kwargs={})
2026-09-15 05:33:33,803 - schedule - DEBUG - Running job Job(interval=1, unit=minutes, do=minute_check, args=(), kwargs={})
2026-09-15 05:33:41,063 - schedule - DEBUG - Running job Job(interval=1, unit=minutes, do=minute_check, args=(), kwargs={})
2026-09-15 05:34:33,823 - schedule - DEBUG - Running job Job(interval=1, unit=minutes, do=minute_check, args=(), kwargs={})
2026-09-15 05:34:41,084 - schedule - DEBUG - Running job Job(interval=1, unit=minutes, do=minute_check, args=(), kwargs={})
2026-09-15 05:35:33,845 - schedule - DEBUG - Running job Job(interval=1, unit=minutes, do=minute_check, args=(), kwargs={})
2026-09-15 05:35:41,104 - schedule - DEBUG - Running job Job(interval=1, unit=minutes, do=minute_check, args=(), kwargs={})
2026-09-15 05:36:33,866 - schedule - DEBUG - Running job Job(interval=1, unit=minutes, do=minute_check, args=(), kwargs={})
2026-09-15 05:36:41,125 - schedule - DEBUG - Running job Job(interval=1, unit=minutes, do=minute_check, args=(), kwargs={})
2026-09-15 05:37:33,887 - schedule - DEBUG - Running job Job(interval=1, unit=minutes, do=minute_check, args=(), kwargs={})
2026-09-15 05:37:41,145 - schedule - DEBUG - Running job Job(interval=1, unit=minutes, do=minute_check, args=(), kwargs={})
2026-09-15 05:38:33,907 - schedule - DEBUG - Running job Job(interval=1, unit=minutes, do=minute_check, args=(), kwargs={})
2026-09-15 05:38:41,167 - schedule - DEBUG - Running job Job(interval=1, unit=minutes, do=minute_check, args=(), kwargs={})
2026-09-15 05:39:33,928 - schedule - DEBUG - Running job Job(interval=1, unit=minutes, do=minute_check, args=(), kwargs={})
2026-09-15 05:39:41,188 - schedule - DEBUG - Running job Job(interval=1, unit=minutes, do=minute_check, args=(), kwargs={})
2026-09-15 05:40:33,948 - schedule - DEBUG - Running job Job(interval=1, unit=minutes, do=minute_check, args=(), kwargs={})
2026-09-15 05:40:41,209 - schedule - DEBUG - Running job Job(interval=1, unit=minutes, do=minute_check, args=(), kwargs={})
2026-09-15 05:41:33,969 - schedule - DEBUG - Running job Job(interval=1, unit=minutes, do=minute_check, args=(), kwargs={})
2026-09-15 05:41:41,229 - schedule - DEBUG - Running job Job(interval=1, unit=minutes, do=minute_check, args=(), kwargs={})
2026-09-15 05:42:33,990 - schedule - DEBUG - Running job Job(interval=1, unit=minutes, do=minute_check, args=(), kwargs={})
2026-09-15 05:42:41,250 - schedule - DEBUG - Running job Job(interval=1, unit=minutes, do=minute_check, args=(), kwargs={})
2026-09-15 05:43:34,011 - schedule - DEBUG - Running job Job(interval=1, unit=minutes, do=minute_check, args=(), kwargs={})
2026-09-15 05:43:41,271 - schedule - DEBUG - Running job Job(interval=1, unit=minutes, do=minute_check, args=(), kwargs={})
2026-09-15 05:44:34,031 - schedule - DEBUG - Running job Job(interval=1, unit=minutes, do=minute_check, args=(), kwargs={})
2026-09-15 05:44:41,291 - schedule - DEBUG - Running job Job(interval=1, unit=minutes, do=minute_check, args=(), kwargs={})
2026-09-15 05:45:34,052 - schedule - DEBUG - Running job Job(interval=1, unit=minutes, do=minute_check, args=(), kwargs={})
2026-09-15 05:45:41,313 - schedule - DEBUG - Running job Job(interval=1, unit=minutes, do=minute_check, args=(), kwargs={})
2026-09-15 05:46:34,073 - schedule - DEBUG - Running job Job(interval=1, unit=minutes, do=minute_check, args=(), kwargs={})
2026-09-15 05:46:41,333 - schedule - DEBUG - Running job Job(interval=1, unit=minutes, do=minute_check, args=(), kwargs={})
2026-09-15 05:47:34,093 - schedule - DEBUG - Running job Job(interval=1, unit=minutes, do=minute_check, args=(), kwargs={})
2026-09-15 05:47:41,354 - schedule - DEBUG - Running job Job(interval=1, unit=minutes, do=minute_check, args=(), kwargs={})
2026-09-15 05:48:34,114 - schedule - DEBUG - Running job Job(interval=1, unit=minutes, do=minute_check, args=(), kwargs={})
2026-09-15 05:48:41,374 - schedule - DEBUG - Running job Job(interval=1, unit=minutes, do=minute_check, args=(), kwargs={})
2026-09-15 05:49:34,134 - schedule - DEBUG - Running job Job(interval=1, unit=minutes, do=minute_check, args=(), kwargs={})
2026-09-15 05:49:41,395 - schedule - DEBUG - Running job Job(interval=1, unit=minutes, do=minute_check, args=(), kwargs={})
2026-09-15 05:50:34,156 - schedule - DEBUG - Running job Job(interval=1, unit=minutes, do=minute_check, args=(), kwargs={})
2026-09-15 05:50:41,415 - schedule - DEBUG - Running job Job(interval=1, unit=minutes, do=minute_check, args=(), kwargs={})
2026-09-15 05:51:34,176 - schedule - DEBUG - Running job Job(interval=1, unit=minutes, do=minute_check, args=(), kwargs={})
2026-09-15 05:51:41,437 - schedule - DEBUG - Running job Job(interval=1, unit=minutes, do=minute_check, args=(), kwargs={})
2026-09-15 05:52:34,197 - schedule - DEBUG - Running job Job(interval=1, unit=minutes, do=minute_check, args=(), kwargs={})
2026-09-15 05:52:41,457 - schedule - DEBUG - Running job Job(interval=1, unit=minutes, do=minute_check, args=(), kwargs={})
2026-09-15 05:53:34,217 - schedule - DEBUG - Running job Job(interval=1, unit=minutes, do=minute_check, args=(), kwargs={})
2026-09-15 05:53:41,478 - schedule - DEBUG - Running job Job(interval=1, unit=minutes, do=minute_check, args=(), kwargs={})
2026-09-15 05:54:34,238 - schedule - DEBUG - Running job Job(interval=1, unit=minutes, do=minute_check, args=(), kwargs={})
2026-09-15 05:54:41,499 - schedule - DEBUG - Running job Job(interval=1, unit=minutes, do=minute_check, args=(), kwargs={})
2026-09-15 05:55:34,258 - schedule - DEBUG - Running job Job(interval=1, unit=minutes, do=minute_check, args=(), kwargs={})
2026-09-15 05:55:41,519 - schedule - DEBUG - Running job Job(interval=1, unit=minutes, do=minute_check, args=(), kwargs={})
2026-09-15 05:56:34,279 - schedule - DEBUG - Running job Job(interval=1, unit=minutes, do=minute_check, args=(), kwargs={})
2026-09-15 05:56:41,540 - schedule - DEBUG - Running job Job(interval=1, unit=minutes, do=minute_check, args=(), kwargs={})
2026-09-15 05:57:34,299 - schedule - DEBUG - Running job Job(interval=1, unit=minutes, do=minute_check, args=(), kwargs={})
2026-09-15 05:57:41,560 - schedule - DEBUG - Running job Job(interval=1, unit=minutes, do=minute_check, args=(), kwargs={})
2026-09-15 05:58:34,320 - schedule - DEBUG - Running job Job(interval=1, unit=minutes, do=minute_check, args=(), kwargs={})
2026-09-15 05:58:41,581 - schedule - DEBUG - Running job Job(interval=1, unit=minutes, do=minute_check, args=(), kwargs={})
2026-09-15 05:59:34,341 - schedule - DEBUG - Running job Job(interval=1, unit=minutes, do=minute_check, args=(), kwargs={})
2026-09-15 05:59:41,602 - schedule - DEBUG - Running job Job(interval=1, unit=minutes, do=minute_check, args=(), kwargs={})
2026-09-15 06:00:34,361 - schedule - DEBUG - Running job Job(interval=1, unit=minutes, do=minute_check, args=(), kwargs={})
2026-09-15 06:00:41,623 - schedule - DEBUG - Running job Job(interval=1, unit=minutes, do=minute_check, args=(), kwargs={})
2026-09-15 06:01:34,382 - schedule - DEBUG - Running job Job(interval=1, unit=minutes, do=minute_check, args=(), kwargs={})
2026-09-15 06:01:41,643 - schedule - DEBUG - Running job Job(interval=1, unit=minutes, do=minute_check, args=(), kwargs={})
2026-09-15 06:02:34,402 - schedule - DEBUG - Running job Job(interval=1, unit=minutes, do=minute_check, args=(), kwargs={})
2026-09-15 06:02:41,665 - schedule - DEBUG - Running job Job(interval=1, unit=minutes, do=minute_check, args=(), kwargs={})
2026-09-15 06:03:34,423 - schedule - DEBUG - Running job Job(interval=1, unit=minutes, do=minute_check, args=(), kwargs={})
2026-09-15 06:03:41,685 - schedule - DEBUG - Running job Job(interval=1, unit=minutes, do=minute_check, args=(), kwargs={})
2026-09-15 06:04:34,443 - schedule - DEBUG - Running job Job(interval=1, unit=minutes, do=minute_check, args=(), kwargs={})
2026-09-15 06:04:41,706 - schedule - DEBUG - Running job Job(interval=1, unit=minutes, do=minute_check, args=(), kwargs={})
2026-09-15 06:05:34,464 - schedule - DEBUG - Running job Job(interval=1, unit=minutes, do=minute_check, args=(), kwargs={})
2026-09-15 06:05:41,726 - schedule - DEBUG - Running job Job(interval=1, unit=minutes, do=minute_check, args=(), kwargs={})
2026-09-15 06:06:34,485 - schedule - DEBUG - Running job Job(interval=1, unit=minutes, do=minute_check, args=(), kwargs={})
2026-09-15 06:06:41,747 - schedule - DEBUG - Running job Job(interval=1, unit=minutes, do=minute_check, args=(), kwargs={})
2026-09-15 06:07:34,506 - schedule - DEBUG - Running job Job(interval=1, unit=minutes, do=minute_check, args=(), kwargs={})
2026-09-15 06:07:41,767 - schedule - DEBUG - Running job Job(interval=1, unit=minutes, do=minute_check, args=(), kwargs={})
2026-09-15 06:08:34,526 - schedule - DEBUG - Running job Job(interval=1, unit=minutes, do=minute_check, args=(), kwargs={})
2026-09-15 06:08:41,788 - schedule - DEBUG - Running job Job(interval=1, unit=minutes, do=minute_check, args=(), kwargs={})
2026-09-15 06:09:34,547 - schedule - DEBUG - Running job Job(interval=1, unit=minutes, do=minute_check, args=(), kwargs={})
2026-09-15 06:09:41,808 - schedule - DEBUG - Running job Job(interval=1, unit=minutes, do=minute_check, args=(), kwargs={})
2026-09-15 06:10:34,568 - schedule - DEBUG - Running job Job(interval=1, unit=minutes, do=minute_check, args=(), kwargs={})
2026-09-15 06:10:41,829 - schedule - DEBUG - Running job Job(interval=1, unit=minutes, do=minute_check, args=(), kwargs={})
2026-09-15 06:11:34,589 - schedule - DEBUG - Running job Job(interval=1, unit=minutes, do=minute_check, args=(), kwargs={})
2026-09-15 06:11:41,850 - schedule - DEBUG - Running job Job(interval=1, unit=minutes, do=minute_check, args=(), kwargs={})
2026-09-15 06:12:34,610 - schedule - DEBUG - Running job Job(interval=1, unit=minutes, do=minute_check, args=(), kwargs={})
2026-09-15 06:12:41,870 - schedule - DEBUG - Running job Job(interval=1, unit=minutes, do=minute_check, args=(), kwargs={})
2026-09-15 06:13:34,630 - schedule - DEBUG - Running job Job(interval=1, unit=minutes, do=minute_check, args=(), kwargs={})
2026-09-15 06:13:41,891 - schedule - DEBUG - Running job Job(interval=1, unit=minutes, do=minute_check, args=(), kwargs={})
2026-09-15 06:14:34,651 - schedule - DEBUG - Running job Job(interval=1, unit=minutes, do=minute_check, args=(), kwargs={})
2026-09-15 06:14:41,911 - schedule - DEBUG - Running job Job(interval=1, unit=minutes, do=minute_check, args=(), kwargs={})
2026-09-15 06:15:34,671 - schedule - DEBUG - Running job Job(interval=1, unit=minutes, do=minute_check, args=(), kwargs={})
2026-09-15 06:15:41,932 - schedule - DEBUG - Running job Job(interval=1, unit=minutes, do=minute_check, args=(), kwargs={})
2026-09-15 06:16:34,692 - schedule - DEBUG - Running job Job(interval=1, unit=minutes, do=minute_check, args=(), kwargs={})
2026-09-15 06:16:41,952 - schedule - DEBUG - Running job Job(interval=1, unit=minutes, do=minute_check, args=(), kwargs={})
2026-09-15 06:17:34,713 - schedule - DEBUG - Running job Job(interval=1, unit=minutes, do=minute_check, args=(), kwargs={})
2026-09-15 06:17:41,973 - schedule - DEBUG - Running job Job(interval=1, unit=minutes, do=minute_check, args=(), kwargs={})
2026-09-15 06:18:34,735 - schedule - DEBUG - Running job Job(interval=1, unit=minutes, do=minute_check, args=(), kwargs={})
2026-09-15 06:18:41,993 - schedule - DEBUG - Running job Job(interval=1, unit=minutes, do=minute_check, args=(), kwargs={})
2026-09-15 06:19:34,755 - schedule - DEBUG - Running job Job(interval=1, unit=minutes, do=minute_check, args=(), kwargs={})
2026-09-15 06:19:42,014 - schedule - DEBUG - Running job Job(interval=1, unit=minutes, do=minute_check, args=(), kwargs={})
2026-09-15 06:20:34,776 - schedule - DEBUG - Running job Job(interval=1, unit=minutes, do=minute_check, args=(), kwargs={})
2026-09-15 06:20:42,035 - schedule - DEBUG - Running job Job(interval=1, unit=minutes, do=minute_check, args=(), kwargs={})
2026-09-15 06:21:34,796 - schedule - DEBUG - Running job Job(interval=1, unit=minutes, do=minute_check, args=(), kwargs={})
2026-09-15 06:21:42,055 - schedule - DEBUG - Running job Job(interval=1, unit=minutes, do=minute_check, args=(), kwargs={})
2026-09-15 06:22:34,817 - schedule - DEBUG - Running job Job(interval=1, unit=minutes, do=minute_check, args=(), kwargs={})
2026-09-15 06:22:42,076 - schedule - DEBUG - Running job Job(interval=1, unit=minutes, do=minute_check, args=(), kwargs={})
2026-09-15 06:23:34,838 - schedule - DEBUG - Running job Job(interval=1, unit=minutes, do=minute_check, args=(), kwargs={})
2026-09-15 06:23:42,096 - schedule - DEBUG - Running job Job(interval=1, unit=minutes, do=minute_check, args=(), kwargs={})
2026-09-15 06:24:34,858 - schedule - DEBUG - Running job Job(interval=1, unit=minutes, do=minute_check, args=(), kwargs={})
2026-09-15 06:24:42,117 - schedule - DEBUG - Running job Job(interval=1, unit=minutes, do=minute_check, args=(), kwargs={})
2026-09-15 06:25:34,879 - schedule - DEBUG - Running job Job(interval=1, unit=minutes, do=minute_check, args=(), kwargs={})
2026-09-15 06:25:42,137 - schedule - DEBUG - Running job Job(interval=1, unit=minutes, do=minute_check, args=(), kwargs={})
2026-09-15 06:26:34,899 - schedule - DEBUG - Running job Job(interval=1, unit=minutes, do=minute_check, args=(), kwargs={})
2026-09-15 06:26:42,158 - schedule - DEBUG - Running job Job(interval=1, unit=minutes, do=minute_check, args=(), kwargs={})
2026-09-15 06:27:34,920 - schedule - DEBUG - Running job Job(interval=1, unit=minutes, do=minute_check, args=(), kwargs={})
2026-09-15 06:27:42,178 - schedule - DEBUG - Running job Job(interval=1, unit=minutes, do=minute_check, args=(), kwargs={})
2026-09-15 06:28:34,940 - schedule - DEBUG - Running job Job(interval=1, unit=minutes, do=minute_check, args=(), kwargs={})
2026-09-15 06:28:42,199 - schedule - DEBUG - Running job Job(interval=1, unit=minutes, do=minute_check, args=(), kwargs={})
2026-09-15 06:29:34,961 - schedule - DEBUG - Running job Job(interval=1, unit=minutes, do=minute_check, args=(), kwargs={})
2026-09-15 06:29:42,219 - schedule - DEBUG - Running job Job(interval=1, unit=minutes, do=minute_check, args=(), kwargs={})
2026-09-15 06:30:34,982 - schedule - DEBUG - Running job Job(interval=1, unit=minutes, do=minute_check, args=(), kwargs={})
2026-09-15 06:30:42,240 - schedule - DEBUG - Running job Job(interval=1, unit=minutes, do=minute_check, args=(), kwargs={})
2026-09-15 06:31:35,003 - schedule - DEBUG - Running job Job(interval=1, unit=minutes, do=minute_check, args=(), kwargs={})
2026-09-15 06:31:42,260 - schedule - DEBUG - Running job Job(interval=1, unit=minutes, do=minute_check, args=(), kwargs={})
2026-09-15 06:32:35,023 - schedule - DEBUG - Running job Job(interval=1, unit=minutes, do=minute_check, args=(), kwargs={})
2026-09-15 06:32:42,281 - schedule - DEBUG - Running job Job(interval=1, unit=minutes, do=minute_check, args=(), kwargs={})
2026-09-15 06:33:35,045 - schedule - DEBUG - Running job Job(interval=1, unit=minutes, do=minute_check, args=(), kwargs={})
2026-09-15 06:33:42,302 - schedule - DEBUG - Running job Job(interval=1, unit=minutes, do=minute_check, args=(), kwargs={})
2026-09-15 06:34:35,065 - schedule - DEBUG - Running job Job(interval=1, unit=minutes, do=minute_check, args=(), kwargs={})
2026-09-15 06:34:42,322 - schedule - DEBUG - Running job Job(interval=1, unit=minutes, do=minute_check, args=(), kwargs={})
2026-09-15 06:35:35,086 - schedule - DEBUG - Running job Job(interval=1, unit=minutes, do=minute_check, args=(), kwargs={})
2026-09-15 06:35:42,343 - schedule - DEBUG - Running job Job(interval=1, unit=minutes, do=minute_check, args=(), kwargs={})
2026-09-15 06:36:35,107 - schedule - DEBUG - Running job Job(interval=1, unit=minutes, do=minute_check, args=(), kwargs={})
2026-09-15 06:36:42,363 - schedule - DEBUG - Running job Job(interval=1, unit=minutes, do=minute_check, args=(), kwargs={})
2026-09-15 06:37:35,127 - schedule - DEBUG - Running job Job(interval=1, unit=minutes, do=minute_check, args=(), kwargs={})
2026-09-15 06:37:42,385 - schedule - DEBUG - Running job Job(interval=1, unit=minutes, do=minute_check, args=(), kwargs={})
2026-09-15 06:38:35,148 - schedule - DEBUG - Running job Job(interval=1, unit=minutes, do=minute_check, args=(), kwargs={})
2026-09-15 06:38:42,405 - schedule - DEBUG - Running job Job(interval=1, unit=minutes, do=minute_check, args=(), kwargs={})
2026-09-15 06:39:35,168 - schedule - DEBUG - Running job Job(interval=1, unit=minutes, do=minute_check, args=(), kwargs={})
2026-09-15 06:39:42,426 - schedule - DEBUG - Running job Job(interval=1, unit=minutes, do=minute_check, args=(), kwargs={})
2026-09-15 06:40:35,189 - schedule - DEBUG - Running job Job(interval=1, unit=minutes, do=minute_check, args=(), kwargs={})
2026-09-15 06:40:42,446 - schedule - DEBUG - Running job Job(interval=1, unit=minutes, do=minute_check, args=(), kwargs={})
2026-09-15 06:41:35,209 - schedule - DEBUG - Running job Job(interval=1, unit=minutes, do=minute_check, args=(), kwargs={})
2026-09-15 06:41:42,467 - schedule - DEBUG - Running job Job(interval=1, unit=minutes, do=minute_check, args=(), kwargs={})
2026-09-15 06:42:35,230 - schedule - DEBUG - Running job Job(interval=1, unit=minutes, do=minute_check, args=(), kwargs={})
2026-09-15 06:42:42,487 - schedule - DEBUG - Running job Job(interval=1, unit=minutes, do=minute_check, args=(), kwargs={})
2026-09-15 06:43:35,250 - schedule - DEBUG - Running job Job(interval=1, unit=minutes, do=minute_check, args=(), kwargs={})
2026-09-15 06:43:42,508 - schedule - DEBUG - Running job Job(interval=1, unit=minutes, do=minute_check, args=(), kwargs={})
2026-09-15 06:44:35,271 - schedule - DEBUG - Running job Job(interval=1, unit=minutes, do=minute_check, args=(), kwargs={})
2026-09-15 06:44:42,528 - schedule - DEBUG - Running job Job(interval=1, unit=minutes, do=minute_check, args=(), kwargs={})
2026-09-15 06:45:35,291 - schedule - DEBUG - Running job Job(interval=1, unit=minutes, do=minute_check, args=(), kwargs={})
2026-09-15 06:45:42,549 - schedule - DEBUG - Running job Job(interval=1, unit=minutes, do=minute_check, args=(), kwargs={})
2026-09-15 06:46:35,312 - schedule - DEBUG - Running job Job(interval=1, unit=minutes, do=minute_check, args=(), kwargs={})
2026-09-15 06:46:42,570 - schedule - DEBUG - Running job Job(interval=1, unit=minutes, do=minute_check, args=(), kwargs={})
2026-09-15 06:47:35,333 - schedule - DEBUG - Running job Job(interval=1, unit=minutes, do=minute_check, args=(), kwargs={})
2026-09-15 06:47:42,590 - schedule - DEBUG - Running job Job(interval=1, unit=minutes, do=minute_check, args=(), kwargs={})
2026-09-15 06:48:35,353 - schedule - DEBUG - Running job Job(interval=1, unit=minutes, do=minute_check, args=(), kwargs={})
2026-09-15 06:48:42,611 - schedule - DEBUG - Running job Job(interval=1, unit=minutes, do=minute_check, args=(), kwargs={})
2026-09-15 06:49:35,409 - schedule - DEBUG - Running job Job(interval=1, unit=minutes, do=minute_check, args=(), kwargs={})
2026-09-15 06:49:42,634 - schedule - DEBUG - Running job Job(interval=1, unit=minutes, do=minute_check, args=(), kwargs={})
2026-09-15 06:50:35,434 - schedule - DEBUG - Running job Job(interval=1, unit=minutes, do=minute_check, args=(), kwargs={})
2026-09-15 06:50:42,655 - schedule - DEBUG - Running job Job(interval=1, unit=minutes, do=minute_check, args=(), kwargs={})
2026-09-15 06:51:35,455 - schedule - DEBUG - Running job Job(interval=1, unit=minutes, do=minute_check, args=(), kwargs={})
2026-09-15 06:51:42,676 - schedule - DEBUG - Running job Job(interval=1, unit=minutes, do=minute_check, args=(), kwargs={})
2026-09-15 06:52:35,476 - schedule - DEBUG - Running job Job(interval=1, unit=minutes, do=minute_check, args=(), kwargs={})
2026-09-15 06:52:42,696 - schedule - DEBUG - Running job Job(interval=1, unit=minutes, do=minute_check, args=(), kwargs={})
2026-09-15 06:53:35,496 - schedule - DEBUG - Running job Job(interval=1, unit=minutes, do=minute_check, args=(), kwargs={})
2026-09-15 06:53:42,717 - schedule - DEBUG - Running job Job(interval=1, unit=minutes, do=minute_check, args=(), kwargs={})
2026-09-15 06:54:35,517 - schedule - DEBUG - Running job Job(interval=1, unit=minutes, do=minute_check, args=(), kwargs={})
2026-09-15 06:54:42,738 - schedule - DEBUG - Running job Job(interval=1, unit=minutes, do=minute_check, args=(), kwargs={})
2026-09-15 06:55:35,538 - schedule - DEBUG - Running job Job(interval=1, unit=minutes, do=minute_check, args=(), kwargs={})
2026-09-15 06:55:42,759 - schedule - DEBUG - Running job Job(interval=1, unit=minutes, do=minute_check, args=(), kwargs={})
2026-09-15 06:56:35,560 - schedule - DEBUG - Running job Job(interval=1, unit=minutes, do=minute_check, args=(), kwargs={})
2026-09-15 06:56:42,780 - schedule - DEBUG - Running job Job(interval=1, unit=minutes, do=minute_check, args=(), kwargs={})
2026-09-15 06:57:35,580 - schedule - DEBUG - Running job Job(interval=1, unit=minutes, do=minute_check, args=(), kwargs={})
2026-09-15 06:57:42,800 - schedule - DEBUG - Running job Job(interval=1, unit=minutes, do=minute_check, args=(), kwargs={})
2026-09-15 06:58:35,601 - schedule - DEBUG - Running job Job(interval=1, unit=minutes, do=minute_check, args=(), kwargs={})
2026-09-15 06:58:42,824 - schedule - DEBUG - Running job Job(interval=1, unit=minutes, do=minute_check, args=(), kwargs={})
2026-09-15 06:59:35,622 - schedule - DEBUG - Running job Job(interval=1, unit=minutes, do=minute_check, args=(), kwargs={})
2026-09-15 06:59:42,844 - schedule - DEBUG - Running job Job(interval=1, unit=minutes, do=minute_check, args=(), kwargs={})
2026-09-15 07:00:35,643 - schedule - DEBUG - Running job Job(interval=1, unit=minutes, do=minute_check, args=(), kwargs={})
2026-09-15 07:00:42,866 - schedule - DEBUG - Running job Job(interval=1, unit=minutes, do=minute_check, args=(), kwargs={})
2026-09-15 07:01:35,665 - schedule - DEBUG - Running job Job(interval=1, unit=minutes, do=minute_check, args=(), kwargs={})
2026-09-15 07:01:42,892 - schedule - DEBUG - Running job Job(interval=1, unit=minutes, do=minute_check, args=(), kwargs={})
2026-09-15 07:02:35,686 - schedule - DEBUG - Running job Job(interval=1, unit=minutes, do=minute_check, args=(), kwargs={})
2026-09-15 07:02:42,922 - schedule - DEBUG - Running job Job(interval=1, unit=minutes, do=minute_check, args=(), kwargs={})
2026-09-15 07:03:35,707 - schedule - DEBUG - Running job Job(interval=1, unit=minutes, do=minute_check, args=(), kwargs={})
2026-09-15 07:03:42,943 - schedule - DEBUG - Running job Job(interval=1, unit=minutes, do=minute_check, args=(), kwargs={})
2026-09-15 07:04:35,728 - schedule - DEBUG - Running job Job(interval=1, unit=minutes, do=minute_check, args=(), kwargs={})
2026-09-15 07:04:42,966 - schedule - DEBUG - Running job Job(interval=1, unit=minutes, do=minute_check, args=(), kwargs={})
2026-09-15 07:05:35,749 - schedule - DEBUG - Running job Job(interval=1, unit=minutes, do=minute_check, args=(), kwargs={})
2026-09-15 07:05:42,987 - schedule - DEBUG - Running job Job(interval=1, unit=minutes, do=minute_check, args=(), kwargs={})
2026-09-15 07:06:35,770 - schedule - DEBUG - Running job Job(interval=1, unit=minutes, do=minute_check, args=(), kwargs={})
2026-09-15 07:06:43,008 - schedule - DEBUG - Running job Job(interval=1, unit=minutes, do=minute_check, args=(), kwargs={})
2026-09-15 07:07:35,794 - schedule - DEBUG - Running job Job(interval=1, unit=minutes, do=minute_check, args=(), kwargs={})
2026-09-15 07:07:43,028 - schedule - DEBUG - Running job Job(interval=1, unit=minutes, do=minute_check, args=(), kwargs={})
2026-09-15 07:08:35,814 - schedule - DEBUG - Running job Job(interval=1, unit=minutes, do=minute_check, args=(), kwargs={})
2026-09-15 07:08:43,049 - schedule - DEBUG - Running job Job(interval=1, unit=minutes, do=minute_check, args=(), kwargs={})
2026-09-15 07:09:35,835 - schedule - DEBUG - Running job Job(interval=1, unit=minutes, do=minute_check, args=(), kwargs={})
2026-09-15 07:09:43,069 - schedule - DEBUG - Running job Job(interval=1, unit=minutes, do=minute_check, args=(), kwargs={})
2026-09-15 07:10:35,855 - schedule - DEBUG - Running job Job(interval=1, unit=minutes, do=minute_check, args=(), kwargs={})
2026-09-15 07:10:43,090 - schedule - DEBUG - Running job Job(interval=1, unit=minutes, do=minute_check, args=(), kwargs={})
2026-09-15 07:11:35,877 - schedule - DEBUG - Running job Job(interval=1, unit=minutes, do=minute_check, args=(), kwargs={})
2026-09-15 07:11:43,111 - schedule - DEBUG - Running job Job(interval=1, unit=minutes, do=minute_check, args=(), kwargs={})
2026-09-15 07:12:35,898 - schedule - DEBUG - Running job Job(interval=1, unit=minutes, do=minute_check, args=(), kwargs={})
2026-09-15 07:12:43,131 - schedule - DEBUG - Running job Job(interval=1, unit=minutes, do=minute_check, args=(), kwargs={})
2026-09-15 07:13:35,919 - schedule - DEBUG - Running job Job(interval=1, unit=minutes, do=minute_check, args=(), kwargs={})
2026-09-15 07:13:43,152 - schedule - DEBUG - Running job Job(interval=1, unit=minutes, do=minute_check, args=(), kwargs={})
2026-09-15 07:14:35,940 - schedule - DEBUG - Running job Job(interval=1, unit=minutes, do=minute_check, args=(), kwargs={})
2026-09-15 07:14:43,173 - schedule - DEBUG - Running job Job(interval=1, unit=minutes, do=minute_check, args=(), kwargs={})
2026-09-15 07:15:35,960 - schedule - DEBUG - Running job Job(interval=1, unit=minutes, do=minute_check, args=(), kwargs={})
2026-09-15 07:15:43,194 - schedule - DEBUG - Running job Job(interval=1, unit=minutes, do=minute_check, args=(), kwargs={})
2026-09-15 07:16:35,982 - schedule - DEBUG - Running job Job(interval=1, unit=minutes, do=minute_check, args=(), kwargs={})
2026-09-15 07:16:43,215 - schedule - DEBUG - Running job Job(interval=1, unit=minutes, do=minute_check, args=(), kwargs={})
2026-09-15 07:17:36,002 - schedule - DEBUG - Running job Job(interval=1, unit=minutes, do=minute_check, args=(), kwargs={})
2026-09-15 07:17:43,925 - schedule - DEBUG - Running job Job(interval=1, unit=minutes, do=minute_check, args=(), kwargs={})
2026-09-15 07:18:36,712 - schedule - DEBUG - Running job Job(interval=1, unit=minutes, do=minute_check, args=(), kwargs={})
2026-09-15 07:18:43,946 - schedule - DEBUG - Running job Job(interval=1, unit=minutes, do=minute_check, args=(), kwargs={})
2026-09-15 07:19:36,733 - schedule - DEBUG - Running job Job(interval=1, unit=minutes, do=minute_check, args=(), kwargs={})
2026-09-15 07:19:43,965 - schedule - DEBUG - Running job Job(interval=1, unit=minutes, do=minute_check, args=(), kwargs={})
2026-09-15 07:20:36,753 - schedule - DEBUG - Running job Job(interval=1, unit=minutes, do=minute_check, args=(), kwargs={})
2026-09-15 07:20:43,986 - schedule - DEBUG - Running job Job(interval=1, unit=minutes, do=minute_check, args=(), kwargs={})
2026-09-15 07:21:36,773 - schedule - DEBUG - Running job Job(interval=1, unit=minutes, do=minute_check, args=(), kwargs={})
2026-09-15 07:21:44,007 - schedule - DEBUG - Running job Job(interval=1, unit=minutes, do=minute_check, args=(), kwargs={})
2026-09-15 07:22:36,804 - schedule - DEBUG - Running job Job(interval=1, unit=minutes, do=minute_check, args=(), kwargs={})
2026-09-15 07:22:44,027 - schedule - DEBUG - Running job Job(interval=1, unit=minutes, do=minute_check, args=(), kwargs={})
2026-09-15 07:23:36,825 - schedule - DEBUG - Running job Job(interval=1, unit=minutes, do=minute_check, args=(), kwargs={})
2026-09-15 07:23:44,048 - schedule - DEBUG - Running job Job(interval=1, unit=minutes, do=minute_check, args=(), kwargs={})
2026-09-15 07:24:36,847 - schedule - DEBUG - Running job Job(interval=1, unit=minutes, do=minute_check, args=(), kwargs={})
2026-09-15 07:24:44,068 - schedule - DEBUG - Running job Job(interval=1, unit=minutes, do=minute_check, args=(), kwargs={})
2026-09-15 07:25:36,867 - schedule - DEBUG - Running job Job(interval=1, unit=minutes, do=minute_check, args=(), kwargs={})
2026-09-15 07:25:44,090 - schedule - DEBUG - Running job Job(interval=1, unit=minutes, do=minute_check, args=(), kwargs={})
2026-09-15 07:26:36,888 - schedule - DEBUG - Running job Job(interval=1, unit=minutes, do=minute_check, args=(), kwargs={})
2026-09-15 07:26:44,110 - schedule - DEBUG - Running job Job(interval=1, unit=minutes, do=minute_check, args=(), kwargs={})
2026-09-15 07:27:36,909 - schedule - DEBUG - Running job Job(interval=1, unit=minutes, do=minute_check, args=(), kwargs={})
2026-09-15 07:27:44,131 - schedule - DEBUG - Running job Job(interval=1, unit=minutes, do=minute_check, args=(), kwargs={})
2026-09-15 07:28:36,930 - schedule - DEBUG - Running job Job(interval=1, unit=minutes, do=minute_check, args=(), kwargs={})
2026-09-15 07:28:44,151 - schedule - DEBUG - Running job Job(interval=1, unit=minutes, do=minute_check, args=(), kwargs={})
2026-09-15 07:29:36,951 - schedule - DEBUG - Running job Job(interval=1, unit=minutes, do=minute_check, args=(), kwargs={})
2026-09-15 07:29:44,172 - schedule - DEBUG - Running job Job(interval=1, unit=minutes, do=minute_check, args=(), kwargs={})
2026-09-15 07:30:36,972 - schedule - DEBUG - Running job Job(interval=1, unit=minutes, do=minute_check, args=(), kwargs={})
2026-09-15 07:30:44,193 - schedule - DEBUG - Running job Job(interval=1, unit=minutes, do=minute_check, args=(), kwargs={})
2026-09-15 07:31:36,992 - schedule - DEBUG - Running job Job(interval=1, unit=minutes, do=minute_check, args=(), kwargs={})
2026-09-15 07:31:44,214 - schedule - DEBUG - Running job Job(interval=1, unit=minutes, do=minute_check, args=(), kwargs={})
2026-09-15 07:32:37,013 - schedule - DEBUG - Running job Job(interval=1, unit=minutes, do=minute_check, args=(), kwargs={})
2026-09-15 07:32:44,236 - schedule - DEBUG - Running job Job(interval=1, unit=minutes, do=minute_check, args=(), kwargs={})
2026-09-15 07:33:37,035 - schedule - DEBUG - Running job Job(interval=1, unit=minutes, do=minute_check, args=(), kwargs={})
2026-09-15 07:33:44,256 - schedule - DEBUG - Running job Job(interval=1, unit=minutes, do=minute_check, args=(), kwargs={})
2026-09-15 07:34:37,056 - schedule - DEBUG - Running job Job(interval=1, unit=minutes, do=minute_check, args=(), kwargs={})
2026-09-15 07:34:44,277 - schedule - DEBUG - Running job Job(interval=1, unit=minutes, do=minute_check, args=(), kwargs={})
2026-09-15 07:35:37,076 - schedule - DEBUG - Running job Job(interval=1, unit=minutes, do=minute_check, args=(), kwargs={})
2026-09-15 07:35:44,297 - schedule - DEBUG - Running job Job(interval=1, unit=minutes, do=minute_check, args=(), kwargs={})
2026-09-15 07:36:37,098 - schedule - DEBUG - Running job Job(interval=1, unit=minutes, do=minute_check, args=(), kwargs={})
2026-09-15 07:36:44,319 - schedule - DEBUG - Running job Job(interval=1, unit=minutes, do=minute_check, args=(), kwargs={})
2026-09-15 07:37:37,120 - schedule - DEBUG - Running job Job(interval=1, unit=minutes, do=minute_check, args=(), kwargs={})
2026-09-15 07:37:44,339 - schedule - DEBUG - Running job Job(interval=1, unit=minutes, do=minute_check, args=(), kwargs={})
2026-09-15 07:38:37,141 - schedule - DEBUG - Running job Job(interval=1, unit=minutes, do=minute_check, args=(), kwargs={})
2026-09-15 07:38:44,361 - schedule - DEBUG - Running job Job(interval=1, unit=minutes, do=minute_check, args=(), kwargs={})
2026-09-15 07:39:37,162 - schedule - DEBUG - Running job Job(interval=1, unit=minutes, do=minute_check, args=(), kwargs={})
2026-09-15 07:39:44,381 - schedule - DEBUG - Running job Job(interval=1, unit=minutes, do=minute_check, args=(), kwargs={})
2026-09-15 07:40:37,183 - schedule - DEBUG - Running job Job(interval=1, unit=minutes, do=minute_check, args=(), kwargs={})
2026-09-15 07:40:44,402 - schedule - DEBUG - Running job Job(interval=1, unit=minutes, do=minute_check, args=(), kwargs={})
2026-09-15 07:41:37,204 - schedule - DEBUG - Running job Job(interval=1, unit=minutes, do=minute_check, args=(), kwargs={})
2026-09-15 07:41:44,422 - schedule - DEBUG - Running job Job(interval=1, unit=minutes, do=minute_check, args=(), kwargs={})
2026-09-15 07:42:37,224 - schedule - DEBUG - Running job Job(interval=1, unit=minutes, do=minute_check, args=(), kwargs={})
2026-09-15 07:42:44,444 - schedule - DEBUG - Running job Job(interval=1, unit=minutes, do=minute_check, args=(), kwargs={})
2026-09-15 07:43:37,245 - schedule - DEBUG - Running job Job(interval=1, unit=minutes, do=minute_check, args=(), kwargs={})
2026-09-15 07:43:44,466 - schedule - DEBUG - Running job Job(interval=1, unit=minutes, do=minute_check, args=(), kwargs={})
2026-09-15 07:44:37,266 - schedule - DEBUG - Running job Job(interval=1, unit=minutes, do=minute_check, args=(), kwargs={})
2026-09-15 07:44:44,486 - schedule - DEBUG - Running job Job(interval=1, unit=minutes, do=minute_check, args=(), kwargs={})
2026-09-15 07:45:37,287 - schedule - DEBUG - Running job Job(interval=1, unit=minutes, do=minute_check, args=(), kwargs={})
2026-09-15 07:45:44,507 - schedule - DEBUG - Running job Job(interval=1, unit=minutes, do=minute_check, args=(), kwargs={})
2026-09-15 07:46:37,308 - schedule - DEBUG - Running job Job(interval=1, unit=minutes, do=minute_check, args=(), kwargs={})
2026-09-15 07:46:44,527 - schedule - DEBUG - Running job Job(interval=1, unit=minutes, do=minute_check, args=(), kwargs={})
2026-09-15 07:47:37,329 - schedule - DEBUG - Running job Job(interval=1, unit=minutes, do=minute_check, args=(), kwargs={})
2026-09-15 07:47:44,549 - schedule - DEBUG - Running job Job(interval=1, unit=minutes, do=minute_check, args=(), kwargs={})
2026-09-15 07:48:37,350 - schedule - DEBUG - Running job Job(interval=1, unit=minutes, do=minute_check, args=(), kwargs={})
2026-09-15 07:48:44,569 - schedule - DEBUG - Running job Job(interval=1, unit=minutes, do=minute_check, args=(), kwargs={})
2026-09-15 07:49:37,370 - schedule - DEBUG - Running job Job(interval=1, unit=minutes, do=minute_check, args=(), kwargs={})
2026-09-15 07:49:44,591 - schedule - DEBUG - Running job Job(interval=1, unit=minutes, do=minute_check, args=(), kwargs={})
2026-09-15 07:50:37,392 - schedule - DEBUG - Running job Job(interval=1, unit=minutes, do=minute_check, args=(), kwargs={})
2026-09-15 07:50:44,611 - schedule - DEBUG - Running job Job(interval=1, unit=minutes, do=minute_check, args=(), kwargs={})
2026-09-15 07:51:37,413 - schedule - DEBUG - Running job Job(interval=1, unit=minutes, do=minute_check, args=(), kwargs={})
2026-09-15 07:51:44,632 - schedule - DEBUG - Running job Job(interval=1, unit=minutes, do=minute_check, args=(), kwargs={})
2026-09-15 07:52:37,434 - schedule - DEBUG - Running job Job(interval=1, unit=minutes, do=minute_check, args=(), kwargs={})
2026-09-15 07:52:44,652 - schedule - DEBUG - Running job Job(interval=1, unit=minutes, do=minute_check, args=(), kwargs={})
2026-09-15 07:53:37,455 - schedule - DEBUG - Running job Job(interval=1, unit=minutes, do=minute_check, args=(), kwargs={})
2026-09-15 07:53:44,674 - schedule - DEBUG - Running job Job(interval=1, unit=minutes, do=minute_check, args=(), kwargs={})
2026-09-15 07:54:37,476 - schedule - DEBUG - Running job Job(interval=1, unit=minutes, do=minute_check, args=(), kwargs={})
2026-09-15 07:54:44,694 - schedule - DEBUG - Running job Job(interval=1, unit=minutes, do=minute_check, args=(), kwargs={})
2026-09-15 07:55:37,497 - schedule - DEBUG - Running job Job(interval=1, unit=minutes, do=minute_check, args=(), kwargs={})
2026-09-15 07:55:44,715 - schedule - DEBUG - Running job Job(interval=1, unit=minutes, do=minute_check, args=(), kwargs={})
2026-09-15 07:56:37,519 - schedule - DEBUG - Running job Job(interval=1, unit=minutes, do=minute_check, args=(), kwargs={})
2026-09-15 07:56:44,736 - schedule - DEBUG - Running job Job(interval=1, unit=minutes, do=minute_check, args=(), kwargs={})
2026-09-15 07:57:37,540 - schedule - DEBUG - Running job Job(interval=1, unit=minutes, do=minute_check, args=(), kwargs={})
2026-09-15 07:57:44,756 - schedule - DEBUG - Running job Job(interval=1, unit=minutes, do=minute_check, args=(), kwargs={})
2026-09-15 07:58:37,561 - schedule - DEBUG - Running job Job(interval=1, unit=minutes, do=minute_check, args=(), kwargs={})
2026-09-15 07:58:44,778 - schedule - DEBUG - Running job Job(interval=1, unit=minutes, do=minute_check, args=(), kwargs={})
2026-09-15 07:59:37,581 - schedule - DEBUG - Running job Job(interval=1, unit=minutes, do=minute_check, args=(), kwargs={})
2026-09-15 07:59:44,798 - schedule - DEBUG - Running job Job(interval=1, unit=minutes, do=minute_check, args=(), kwargs={})
2026-09-15 08:00:37,602 - schedule - DEBUG - Running job Job(interval=1, unit=minutes, do=minute_check, args=(), kwargs={})
2026-09-15 08:00:44,820 - schedule - DEBUG - Running job Job(interval=1, unit=minutes, do=minute_check, args=(), kwargs={})
2026-09-15 08:01:37,624 - schedule - DEBUG - Running job Job(interval=1, unit=minutes, do=minute_check, args=(), kwargs={})
2026-09-15 08:01:44,840 - schedule - DEBUG - Running job Job(interval=1, unit=minutes, do=minute_check, args=(), kwargs={})
2026-09-15 08:02:37,645 - schedule - DEBUG - Running job Job(interval=1, unit=minutes, do=minute_check, args=(), kwargs={})
2026-09-15 08:02:44,861 - schedule - DEBUG - Running job Job(interval=1, unit=minutes, do=minute_check, args=(), kwargs={})
2026-09-15 08:03:37,666 - schedule - DEBUG - Running job Job(interval=1, unit=minutes, do=minute_check, args=(), kwargs={})
2026-09-15 08:03:44,881 - schedule - DEBUG - Running job Job(interval=1, unit=minutes, do=minute_check, args=(), kwargs={})
2026-09-15 08:04:37,686 - schedule - DEBUG - Running job Job(interval=1, unit=minutes, do=minute_check, args=(), kwargs={})
2026-09-15 08:04:44,903 - schedule - DEBUG - Running job Job(interval=1, unit=minutes, do=minute_check, args=(), kwargs={})
2026-09-15 08:05:37,707 - schedule - DEBUG - Running job Job(interval=1, unit=minutes, do=minute_check, args=(), kwargs={})
2026-09-15 08:05:44,923 - schedule - DEBUG - Running job Job(interval=1, unit=minutes, do=minute_check, args=(), kwargs={})
2026-09-15 08:06:37,727 - schedule - DEBUG - Running job Job(interval=1, unit=minutes, do=minute_check, args=(), kwargs={})
2026-09-15 08:06:44,944 - schedule - DEBUG - Running job Job(interval=1, unit=minutes, do=minute_check, args=(), kwargs={})
2026-09-15 08:07:37,747 - schedule - DEBUG - Running job Job(interval=1, unit=minutes, do=minute_check, args=(), kwargs={})
2026-09-15 08:07:44,964 - schedule - DEBUG - Running job Job(interval=1, unit=minutes, do=minute_check, args=(), kwargs={})
2026-09-15 08:08:37,768 - schedule - DEBUG - Running job Job(interval=1, unit=minutes, do=minute_check, args=(), kwargs={})
2026-09-15 08:08:44,985 - schedule - DEBUG - Running job Job(interval=1, unit=minutes, do=minute_check, args=(), kwargs={})
2026-09-15 08:09:37,789 - schedule - DEBUG - Running job Job(interval=1, unit=minutes, do=minute_check, args=(), kwargs={})
2026-09-15 08:09:45,006 - schedule - DEBUG - Running job Job(interval=1, unit=minutes, do=minute_check, args=(), kwargs={})
2026-09-15 08:10:37,809 - schedule - DEBUG - Running job Job(interval=1, unit=minutes, do=minute_check, args=(), kwargs={})
2026-09-15 08:10:45,026 - schedule - DEBUG - Running job Job(interval=1, unit=minutes, do=minute_check, args=(), kwargs={})
2026-09-15 08:11:37,830 - schedule - DEBUG - Running job Job(interval=1, unit=minutes, do=minute_check, args=(), kwargs={})
2026-09-15 08:11:45,047 - schedule - DEBUG - Running job Job(interval=1, unit=minutes, do=minute_check, args=(), kwargs={})
2026-09-15 08:12:37,850 - schedule - DEBUG - Running job Job(interval=1, unit=minutes, do=minute_check, args=(), kwargs={})
2026-09-15 08:12:45,067 - schedule - DEBUG - Running job Job(interval=1, unit=minutes, do=minute_check, args=(), kwargs={})
2026-09-15 08:13:37,871 - schedule - DEBUG - Running job Job(interval=1, unit=minutes, do=minute_check, args=(), kwargs={})
2026-09-15 08:13:45,088 - schedule - DEBUG - Running job Job(interval=1, unit=minutes, do=minute_check, args=(), kwargs={})
2026-09-15 08:14:37,892 - schedule - DEBUG - Running job Job(interval=1, unit=minutes, do=minute_check, args=(), kwargs={})
2026-09-15 08:14:45,108 - schedule - DEBUG - Running job Job(interval=1, unit=minutes, do=minute_check, args=(), kwargs={})
2026-09-15 08:15:37,912 - schedule - DEBUG - Running job Job(interval=1, unit=minutes, do=minute_check, args=(), kwargs={})
2026-09-15 08:15:45,129 - schedule - DEBUG - Running job Job(interval=1, unit=minutes, do=minute_check, args=(), kwargs={})
2026-09-15 08:16:37,933 - schedule - DEBUG - Running job Job(interval=1, unit=minutes, do=minute_check, args=(), kwargs={})
2026-09-15 08:16:45,150 - schedule - DEBUG - Running job Job(interval=1, unit=minutes, do=minute_check, args=(), kwargs={})
2026-09-15 08:17:37,954 - schedule - DEBUG - Running job Job(interval=1, unit=minutes, do=minute_check, args=(), kwargs={})
2026-09-15 08:17:45,171 - schedule - DEBUG - Running job Job(interval=1, unit=minutes, do=minute_check, args=(), kwargs={})
2026-09-15 08:18:37,976 - schedule - DEBUG - Running job Job(interval=1, unit=minutes, do=minute_check, args=(), kwargs={})
2026-09-15 08:18:45,191 - schedule - DEBUG - Running job Job(interval=1, unit=minutes, do=minute_check, args=(), kwargs={})
2026-09-15 08:19:37,996 - schedule - DEBUG - Running job Job(interval=1, unit=minutes, do=minute_check, args=(), kwargs={})
2026-09-15 08:19:45,212 - schedule - DEBUG - Running job Job(interval=1, unit=minutes, do=minute_check, args=(), kwargs={})
2026-09-15 08:20:38,017 - schedule - DEBUG - Running job Job(interval=1, unit=minutes, do=minute_check, args=(), kwargs={})
2026-09-15 08:20:45,233 - schedule - DEBUG - Running job Job(interval=1, unit=minutes, do=minute_check, args=(), kwargs={})
2026-09-15 08:21:38,037 - schedule - DEBUG - Running job Job(interval=1, unit=minutes, do=minute_check, args=(), kwargs={})
2026-09-15 08:21:45,254 - schedule - DEBUG - Running job Job(interval=1, unit=minutes, do=minute_check, args=(), kwargs={})
2026-09-15 08:22:38,059 - schedule - DEBUG - Running job Job(interval=1, unit=minutes, do=minute_check, args=(), kwargs={})
2026-09-15 08:22:45,275 - schedule - DEBUG - Running job Job(interval=1, unit=minutes, do=minute_check, args=(), kwargs={})
2026-09-15 08:23:38,079 - schedule - DEBUG - Running job Job(interval=1, unit=minutes, do=minute_check, args=(), kwargs={})
2026-09-15 08:23:45,295 - schedule - DEBUG - Running job Job(interval=1, unit=minutes, do=minute_check, args=(), kwargs={})
2026-09-15 08:24:38,101 - schedule - DEBUG - Running job Job(interval=1, unit=minutes, do=minute_check, args=(), kwargs={})
2026-09-15 08:24:45,316 - schedule - DEBUG - Running job Job(interval=1, unit=minutes, do=minute_check, args=(), kwargs={})
2026-09-15 08:25:38,121 - schedule - DEBUG - Running job Job(interval=1, unit=minutes, do=minute_check, args=(), kwargs={})
2026-09-15 08:25:45,336 - schedule - DEBUG - Running job Job(interval=1, unit=minutes, do=minute_check, args=(), kwargs={})
2026-09-15 08:26:38,142 - schedule - DEBUG - Running job Job(interval=1, unit=minutes, do=minute_check, args=(), kwargs={})
2026-09-15 08:26:45,357 - schedule - DEBUG - Running job Job(interval=1, unit=minutes, do=minute_check, args=(), kwargs={})
2026-09-15 08:27:38,164 - schedule - DEBUG - Running job Job(interval=1, unit=minutes, do=minute_check, args=(), kwargs={})
2026-09-15 08:27:45,378 - schedule - DEBUG - Running job Job(interval=1, unit=minutes, do=minute_check, args=(), kwargs={})
2026-09-15 08:28:38,185 - schedule - DEBUG - Running job Job(interval=1, unit=minutes, do=minute_check, args=(), kwargs={})
2026-09-15 08:28:45,400 - schedule - DEBUG - Running job Job(interval=1, unit=minutes, do=minute_check, args=(), kwargs={})
2026-09-15 08:29:38,206 - schedule - DEBUG - Running job Job(interval=1, unit=minutes, do=minute_check, args=(), kwargs={})
2026-09-15 08:29:45,420 - schedule - DEBUG - Running job Job(interval=1, unit=minutes, do=minute_check, args=(), kwargs={})
2026-09-15 08:30:38,229 - schedule - DEBUG - Running job Job(interval=1, unit=minutes, do=minute_check, args=(), kwargs={})
2026-09-15 08:30:45,443 - schedule - DEBUG - Running job Job(interval=1, unit=minutes, do=minute_check, args=(), kwargs={})
2026-09-15 08:31:38,254 - schedule - DEBUG - Running job Job(interval=1, unit=minutes, do=minute_check, args=(), kwargs={})
2026-09-15 08:31:45,469 - schedule - DEBUG - Running job Job(interval=1, unit=minutes, do=minute_check, args=(), kwargs={})
2026-09-15 08:32:38,279 - schedule - DEBUG - Running job Job(interval=1, unit=minutes, do=minute_check, args=(), kwargs={})
2026-09-15 08:32:45,495 - schedule - DEBUG - Running job Job(interval=1, unit=minutes, do=minute_check, args=(), kwargs={})
2026-09-15 08:33:16,381 - __main__ - INFO - 
SCHEDULER STOPPED
2026-09-15 08:33:20,998 - urllib3.connectionpool - DEBUG - Starting new HTTPS connection (1): paper-api.alpaca.markets:443
2026-09-15 08:33:21,097 - urllib3.connectionpool - DEBUG - https://paper-api.alpaca.markets:443 "GET /v2/account HTTP/1.1" 200 940
2026-09-15 08:33:21,098 - api_handler - INFO - Connected to Alpaca
2026-09-15 08:33:21,099 - api_handler - INFO -   Equity: $5000.00
2026-09-15 08:33:21,100 - api_handler - INFO -   Buying Power: $20000.00
2026-09-15 08:33:21,102 - __main__ - INFO - ================================================================================
2026-09-15 08:33:21,102 - __main__ - INFO - ASTRA SCHEDULER INITIALIZED
2026-09-15 08:33:21,103 - __main__ - INFO - Trading: Account 2 ($10000)
2026-09-15 08:33:21,104 - __main__ - INFO - Mode: REAL ALPACA PAPER ORDERS
2026-09-15 08:33:21,105 - __main__ - INFO - ================================================================================
2026-09-15 08:33:21,106 - __main__ - INFO - Schedule configured
2026-09-15 08:33:21,107 - __main__ - INFO -   • 9:00 AM: Start
2026-09-15 08:33:21,108 - __main__ - INFO -   • Every minute: Check signals & manage positions
2026-09-15 08:33:21,109 - __main__ - INFO -   • 12:30 PM: Close all positions
2026-09-15 08:33:21,109 - __main__ - INFO - 
SCHEDULER RUNNING - Press Ctrl+C to stop

2026-09-15 08:33:22,474 - __main__ - INFO - 
SCHEDULER STOPPED
2026-09-15 08:33:25,735 - urllib3.connectionpool - DEBUG - Starting new HTTPS connection (1): paper-api.alpaca.markets:443
2026-09-15 08:33:25,824 - urllib3.connectionpool - DEBUG - https://paper-api.alpaca.markets:443 "GET /v2/account HTTP/1.1" 200 960
2026-09-15 08:33:25,825 - api_handler - INFO - Connected to Alpaca
2026-09-15 08:33:25,825 - api_handler - INFO -   Equity: $100000.00
2026-09-15 08:33:25,826 - api_handler - INFO -   Buying Power: $400000.00
2026-09-15 08:33:25,827 - __main__ - INFO - ================================================================================
2026-09-15 08:33:25,827 - __main__ - INFO - ASTRA SCHEDULER INITIALIZED
2026-09-15 08:33:25,828 - __main__ - INFO - Trading: Account 1 ($10000)
2026-09-15 08:33:25,828 - __main__ - INFO - Mode: REAL ALPACA PAPER ORDERS
2026-09-15 08:33:25,828 - __main__ - INFO - ================================================================================
2026-09-15 08:33:25,829 - __main__ - INFO - Schedule configured
2026-09-15 08:33:25,829 - __main__ - INFO -   • 9:00 AM: Start
2026-09-15 08:33:25,829 - __main__ - INFO -   • Every minute: Check signals & manage positions
2026-09-15 08:33:25,830 - __main__ - INFO -   • 12:30 PM: Close all positions
2026-09-15 08:33:25,830 - __main__ - INFO - 
SCHEDULER RUNNING - Press Ctrl+C to stop

2026-09-15 08:34:21,133 - schedule - DEBUG - Running job Job(interval=1, unit=minutes, do=minute_check, args=(), kwargs={})
2026-09-15 08:34:25,850 - schedule - DEBUG - Running job Job(interval=1, unit=minutes, do=minute_check, args=(), kwargs={})
2026-09-15 08:35:21,153 - schedule - DEBUG - Running job Job(interval=1, unit=minutes, do=minute_check, args=(), kwargs={})
2026-09-15 08:35:25,872 - schedule - DEBUG - Running job Job(interval=1, unit=minutes, do=minute_check, args=(), kwargs={})
2026-09-15 08:36:21,174 - schedule - DEBUG - Running job Job(interval=1, unit=minutes, do=minute_check, args=(), kwargs={})
2026-09-15 08:36:25,892 - schedule - DEBUG - Running job Job(interval=1, unit=minutes, do=minute_check, args=(), kwargs={})
2026-09-15 08:36:56,120 - __main__ - INFO - 
SCHEDULER STOPPED
2026-09-15 08:36:58,409 - urllib3.connectionpool - DEBUG - Starting new HTTPS connection (1): paper-api.alpaca.markets:443
2026-09-15 08:36:58,513 - urllib3.connectionpool - DEBUG - https://paper-api.alpaca.markets:443 "GET /v2/account HTTP/1.1" 200 940
2026-09-15 08:36:58,515 - api_handler - INFO - Connected to Alpaca
2026-09-15 08:36:58,516 - api_handler - INFO -   Equity: $5000.00
2026-09-15 08:36:58,517 - api_handler - INFO -   Buying Power: $20000.00
2026-09-15 08:36:58,521 - __main__ - INFO - ================================================================================
2026-09-15 08:36:58,522 - __main__ - INFO - ASTRA SCHEDULER INITIALIZED
2026-09-15 08:36:58,523 - __main__ - INFO - Trading: Account 2 ($10000)
2026-09-15 08:36:58,524 - __main__ - INFO - Mode: REAL ALPACA PAPER ORDERS
2026-09-15 08:36:58,525 - __main__ - INFO - ================================================================================
2026-09-15 08:36:58,527 - __main__ - INFO - Schedule configured
2026-09-15 08:36:58,528 - __main__ - INFO -   • 9:00 AM: Start
2026-09-15 08:36:58,529 - __main__ - INFO -   • Every minute: Check signals & manage positions
2026-09-15 08:36:58,531 - __main__ - INFO -   • 12:30 PM: Close all positions
2026-09-15 08:36:58,535 - __main__ - INFO - 
SCHEDULER RUNNING - Press Ctrl+C to stop

2026-09-15 08:37:09,871 - __main__ - INFO - 
SCHEDULER STOPPED
2026-09-15 08:37:12,342 - urllib3.connectionpool - DEBUG - Starting new HTTPS connection (1): paper-api.alpaca.markets:443
2026-09-15 08:37:12,437 - urllib3.connectionpool - DEBUG - https://paper-api.alpaca.markets:443 "GET /v2/account HTTP/1.1" 200 960
2026-09-15 08:37:12,439 - api_handler - INFO - Connected to Alpaca
2026-09-15 08:37:12,441 - api_handler - INFO -   Equity: $100000.00
2026-09-15 08:37:12,442 - api_handler - INFO -   Buying Power: $400000.00
2026-09-15 08:37:12,447 - __main__ - INFO - ================================================================================
2026-09-15 08:37:12,447 - __main__ - INFO - ASTRA SCHEDULER INITIALIZED
2026-09-15 08:37:12,449 - __main__ - INFO - Trading: Account 1 ($10000)
2026-09-15 08:37:12,450 - __main__ - INFO - Mode: REAL ALPACA PAPER ORDERS
2026-09-15 08:37:12,452 - __main__ - INFO - ================================================================================
2026-09-15 08:37:12,455 - __main__ - INFO - Schedule configured
2026-09-15 08:37:12,458 - __main__ - INFO -   • 9:00 AM: Start
2026-09-15 08:37:12,459 - __main__ - INFO -   • Every minute: Check signals & manage positions
2026-09-15 08:37:12,461 - __main__ - INFO -   • 12:30 PM: Close all positions
2026-09-15 08:37:12,462 - __main__ - INFO - 
SCHEDULER RUNNING - Press Ctrl+C to stop

2026-09-15 08:37:13,542 - schedule - DEBUG - Running job Job(interval=15, unit=seconds, do=minute_check, args=(), kwargs={})
2026-09-15 08:37:27,470 - schedule - DEBUG - Running job Job(interval=15, unit=seconds, do=minute_check, args=(), kwargs={})
2026-09-15 08:37:28,549 - schedule - DEBUG - Running job Job(interval=15, unit=seconds, do=minute_check, args=(), kwargs={})
2026-09-15 08:37:43,555 - schedule - DEBUG - Running job Job(interval=15, unit=seconds, do=minute_check, args=(), kwargs={})
2026-09-15 08:37:58,577 - schedule - DEBUG - Running job Job(interval=15, unit=seconds, do=minute_check, args=(), kwargs={})
2026-09-15 08:38:13,583 - schedule - DEBUG - Running job Job(interval=15, unit=seconds, do=minute_check, args=(), kwargs={})
2026-09-15 08:38:28,589 - schedule - DEBUG - Running job Job(interval=15, unit=seconds, do=minute_check, args=(), kwargs={})
2026-09-15 08:38:43,595 - schedule - DEBUG - Running job Job(interval=15, unit=seconds, do=minute_check, args=(), kwargs={})
2026-09-15 08:38:58,601 - schedule - DEBUG - Running job Job(interval=15, unit=seconds, do=minute_check, args=(), kwargs={})
2026-09-15 08:39:13,607 - schedule - DEBUG - Running job Job(interval=15, unit=seconds, do=minute_check, args=(), kwargs={})
2026-09-15 08:39:28,613 - schedule - DEBUG - Running job Job(interval=15, unit=seconds, do=minute_check, args=(), kwargs={})
2026-09-15 08:39:43,619 - schedule - DEBUG - Running job Job(interval=15, unit=seconds, do=minute_check, args=(), kwargs={})
2026-09-15 08:39:58,624 - schedule - DEBUG - Running job Job(interval=15, unit=seconds, do=minute_check, args=(), kwargs={})
2026-09-15 08:40:13,630 - schedule - DEBUG - Running job Job(interval=15, unit=seconds, do=minute_check, args=(), kwargs={})
2026-09-15 08:40:28,636 - schedule - DEBUG - Running job Job(interval=15, unit=seconds, do=minute_check, args=(), kwargs={})
2026-09-15 08:40:43,642 - schedule - DEBUG - Running job Job(interval=15, unit=seconds, do=minute_check, args=(), kwargs={})
2026-09-15 08:40:58,648 - schedule - DEBUG - Running job Job(interval=15, unit=seconds, do=minute_check, args=(), kwargs={})
2026-09-15 08:41:13,654 - schedule - DEBUG - Running job Job(interval=15, unit=seconds, do=minute_check, args=(), kwargs={})
2026-09-15 08:41:28,660 - schedule - DEBUG - Running job Job(interval=15, unit=seconds, do=minute_check, args=(), kwargs={})
2026-09-15 08:41:43,666 - schedule - DEBUG - Running job Job(interval=15, unit=seconds, do=minute_check, args=(), kwargs={})
2026-09-15 08:41:58,673 - schedule - DEBUG - Running job Job(interval=15, unit=seconds, do=minute_check, args=(), kwargs={})
2026-09-15 08:42:13,678 - schedule - DEBUG - Running job Job(interval=15, unit=seconds, do=minute_check, args=(), kwargs={})
2026-09-15 08:42:28,684 - schedule - DEBUG - Running job Job(interval=15, unit=seconds, do=minute_check, args=(), kwargs={})
2026-09-15 08:42:43,690 - schedule - DEBUG - Running job Job(interval=15, unit=seconds, do=minute_check, args=(), kwargs={})
2026-09-15 08:42:58,696 - schedule - DEBUG - Running job Job(interval=15, unit=seconds, do=minute_check, args=(), kwargs={})
2026-09-15 08:43:13,702 - schedule - DEBUG - Running job Job(interval=15, unit=seconds, do=minute_check, args=(), kwargs={})
2026-09-15 08:43:28,708 - schedule - DEBUG - Running job Job(interval=15, unit=seconds, do=minute_check, args=(), kwargs={})
2026-09-15 08:43:43,714 - schedule - DEBUG - Running job Job(interval=15, unit=seconds, do=minute_check, args=(), kwargs={})
2026-09-15 08:43:58,720 - schedule - DEBUG - Running job Job(interval=15, unit=seconds, do=minute_check, args=(), kwargs={})
2026-09-15 08:44:13,725 - schedule - DEBUG - Running job Job(interval=15, unit=seconds, do=minute_check, args=(), kwargs={})
2026-09-15 08:44:28,731 - schedule - DEBUG - Running job Job(interval=15, unit=seconds, do=minute_check, args=(), kwargs={})
2026-09-15 08:44:43,737 - schedule - DEBUG - Running job Job(interval=15, unit=seconds, do=minute_check, args=(), kwargs={})
2026-09-15 08:44:58,743 - schedule - DEBUG - Running job Job(interval=15, unit=seconds, do=minute_check, args=(), kwargs={})
2026-09-15 08:45:13,749 - schedule - DEBUG - Running job Job(interval=15, unit=seconds, do=minute_check, args=(), kwargs={})
2026-09-15 08:45:28,755 - schedule - DEBUG - Running job Job(interval=15, unit=seconds, do=minute_check, args=(), kwargs={})
2026-09-15 08:45:43,761 - schedule - DEBUG - Running job Job(interval=15, unit=seconds, do=minute_check, args=(), kwargs={})
2026-09-15 08:45:58,767 - schedule - DEBUG - Running job Job(interval=15, unit=seconds, do=minute_check, args=(), kwargs={})
2026-09-15 08:46:13,773 - schedule - DEBUG - Running job Job(interval=15, unit=seconds, do=minute_check, args=(), kwargs={})
2026-09-15 08:46:28,778 - schedule - DEBUG - Running job Job(interval=15, unit=seconds, do=minute_check, args=(), kwargs={})
2026-09-15 08:46:43,784 - schedule - DEBUG - Running job Job(interval=15, unit=seconds, do=minute_check, args=(), kwargs={})
2026-09-15 08:46:58,790 - schedule - DEBUG - Running job Job(interval=15, unit=seconds, do=minute_check, args=(), kwargs={})
2026-09-15 08:47:13,796 - schedule - DEBUG - Running job Job(interval=15, unit=seconds, do=minute_check, args=(), kwargs={})
2026-09-15 08:47:28,802 - schedule - DEBUG - Running job Job(interval=15, unit=seconds, do=minute_check, args=(), kwargs={})
2026-09-15 08:47:43,808 - schedule - DEBUG - Running job Job(interval=15, unit=seconds, do=minute_check, args=(), kwargs={})
2026-09-15 08:47:58,814 - schedule - DEBUG - Running job Job(interval=15, unit=seconds, do=minute_check, args=(), kwargs={})
2026-09-15 08:48:13,819 - schedule - DEBUG - Running job Job(interval=15, unit=seconds, do=minute_check, args=(), kwargs={})
2026-09-15 08:48:28,824 - schedule - DEBUG - Running job Job(interval=15, unit=seconds, do=minute_check, args=(), kwargs={})
2026-09-15 08:48:43,830 - schedule - DEBUG - Running job Job(interval=15, unit=seconds, do=minute_check, args=(), kwargs={})
2026-09-15 08:48:58,836 - schedule - DEBUG - Running job Job(interval=15, unit=seconds, do=minute_check, args=(), kwargs={})
2026-09-15 08:49:13,842 - schedule - DEBUG - Running job Job(interval=15, unit=seconds, do=minute_check, args=(), kwargs={})
2026-09-15 08:49:28,848 - schedule - DEBUG - Running job Job(interval=15, unit=seconds, do=minute_check, args=(), kwargs={})
2026-09-15 08:49:43,854 - schedule - DEBUG - Running job Job(interval=15, unit=seconds, do=minute_check, args=(), kwargs={})
2026-09-15 08:49:58,860 - schedule - DEBUG - Running job Job(interval=15, unit=seconds, do=minute_check, args=(), kwargs={})
2026-09-15 08:50:13,867 - schedule - DEBUG - Running job Job(interval=15, unit=seconds, do=minute_check, args=(), kwargs={})
2026-09-15 08:50:28,873 - schedule - DEBUG - Running job Job(interval=15, unit=seconds, do=minute_check, args=(), kwargs={})
2026-09-15 08:50:43,878 - schedule - DEBUG - Running job Job(interval=15, unit=seconds, do=minute_check, args=(), kwargs={})
2026-09-15 08:50:58,884 - schedule - DEBUG - Running job Job(interval=15, unit=seconds, do=minute_check, args=(), kwargs={})
2026-09-15 08:51:13,890 - schedule - DEBUG - Running job Job(interval=15, unit=seconds, do=minute_check, args=(), kwargs={})
2026-09-15 08:51:28,896 - schedule - DEBUG - Running job Job(interval=15, unit=seconds, do=minute_check, args=(), kwargs={})
2026-09-15 08:51:43,902 - schedule - DEBUG - Running job Job(interval=15, unit=seconds, do=minute_check, args=(), kwargs={})
2026-09-15 08:51:58,908 - schedule - DEBUG - Running job Job(interval=15, unit=seconds, do=minute_check, args=(), kwargs={})
2026-09-15 08:52:13,914 - schedule - DEBUG - Running job Job(interval=15, unit=seconds, do=minute_check, args=(), kwargs={})
2026-09-15 08:52:28,920 - schedule - DEBUG - Running job Job(interval=15, unit=seconds, do=minute_check, args=(), kwargs={})
2026-09-15 08:52:43,925 - schedule - DEBUG - Running job Job(interval=15, unit=seconds, do=minute_check, args=(), kwargs={})
2026-09-15 08:52:58,931 - schedule - DEBUG - Running job Job(interval=15, unit=seconds, do=minute_check, args=(), kwargs={})
2026-09-15 08:53:13,937 - schedule - DEBUG - Running job Job(interval=15, unit=seconds, do=minute_check, args=(), kwargs={})
2026-09-15 08:53:28,943 - schedule - DEBUG - Running job Job(interval=15, unit=seconds, do=minute_check, args=(), kwargs={})
2026-09-15 08:53:43,949 - schedule - DEBUG - Running job Job(interval=15, unit=seconds, do=minute_check, args=(), kwargs={})
2026-09-15 08:53:58,955 - schedule - DEBUG - Running job Job(interval=15, unit=seconds, do=minute_check, args=(), kwargs={})
2026-09-15 08:54:13,961 - schedule - DEBUG - Running job Job(interval=15, unit=seconds, do=minute_check, args=(), kwargs={})
2026-09-15 08:54:28,967 - schedule - DEBUG - Running job Job(interval=15, unit=seconds, do=minute_check, args=(), kwargs={})
2026-09-15 08:54:43,973 - schedule - DEBUG - Running job Job(interval=15, unit=seconds, do=minute_check, args=(), kwargs={})
2026-09-15 08:54:58,978 - schedule - DEBUG - Running job Job(interval=15, unit=seconds, do=minute_check, args=(), kwargs={})
2026-09-15 08:55:13,984 - schedule - DEBUG - Running job Job(interval=15, unit=seconds, do=minute_check, args=(), kwargs={})
2026-09-15 08:55:28,990 - schedule - DEBUG - Running job Job(interval=15, unit=seconds, do=minute_check, args=(), kwargs={})
2026-09-15 08:55:43,996 - schedule - DEBUG - Running job Job(interval=15, unit=seconds, do=minute_check, args=(), kwargs={})
2026-09-15 08:55:59,002 - schedule - DEBUG - Running job Job(interval=15, unit=seconds, do=minute_check, args=(), kwargs={})
2026-09-15 08:56:14,008 - schedule - DEBUG - Running job Job(interval=15, unit=seconds, do=minute_check, args=(), kwargs={})
2026-09-15 08:56:29,014 - schedule - DEBUG - Running job Job(interval=15, unit=seconds, do=minute_check, args=(), kwargs={})
2026-09-15 08:56:44,020 - schedule - DEBUG - Running job Job(interval=15, unit=seconds, do=minute_check, args=(), kwargs={})
2026-09-15 08:56:59,026 - schedule - DEBUG - Running job Job(interval=15, unit=seconds, do=minute_check, args=(), kwargs={})
2026-09-15 08:57:14,031 - schedule - DEBUG - Running job Job(interval=15, unit=seconds, do=minute_check, args=(), kwargs={})
2026-09-15 08:57:29,037 - schedule - DEBUG - Running job Job(interval=15, unit=seconds, do=minute_check, args=(), kwargs={})
2026-09-15 08:57:44,043 - schedule - DEBUG - Running job Job(interval=15, unit=seconds, do=minute_check, args=(), kwargs={})
2026-09-15 08:57:59,049 - schedule - DEBUG - Running job Job(interval=15, unit=seconds, do=minute_check, args=(), kwargs={})
2026-09-15 08:58:14,055 - schedule - DEBUG - Running job Job(interval=15, unit=seconds, do=minute_check, args=(), kwargs={})
2026-09-15 08:58:29,061 - schedule - DEBUG - Running job Job(interval=15, unit=seconds, do=minute_check, args=(), kwargs={})
2026-09-15 08:58:44,068 - schedule - DEBUG - Running job Job(interval=15, unit=seconds, do=minute_check, args=(), kwargs={})
2026-09-15 08:58:59,074 - schedule - DEBUG - Running job Job(interval=15, unit=seconds, do=minute_check, args=(), kwargs={})
2026-09-15 08:59:14,079 - schedule - DEBUG - Running job Job(interval=15, unit=seconds, do=minute_check, args=(), kwargs={})
2026-09-15 08:59:16,555 - __main__ - INFO - 
SCHEDULER STOPPED
2026-09-15 08:59:20,544 - urllib3.connectionpool - DEBUG - Starting new HTTPS connection (1): paper-api.alpaca.markets:443
2026-09-15 08:59:20,644 - urllib3.connectionpool - DEBUG - https://paper-api.alpaca.markets:443 "GET /v2/account HTTP/1.1" 200 960
2026-09-15 08:59:20,646 - api_handler - INFO - Connected to Alpaca
2026-09-15 08:59:20,647 - api_handler - INFO -   Equity: $100000.00
2026-09-15 08:59:20,648 - api_handler - INFO -   Buying Power: $400000.00
2026-09-15 08:59:20,652 - __main__ - INFO - ================================================================================
2026-09-15 08:59:20,653 - __main__ - INFO - ASTRA SCHEDULER INITIALIZED
2026-09-15 08:59:20,653 - __main__ - INFO - Trading: Account 1 ($10000)
2026-09-15 08:59:20,654 - __main__ - INFO - Mode: REAL ALPACA PAPER ORDERS
2026-09-15 08:59:20,655 - __main__ - INFO - ================================================================================
2026-09-15 08:59:20,656 - __main__ - INFO - Schedule configured
2026-09-15 08:59:20,657 - __main__ - INFO -   • 9:00 AM: Start
2026-09-15 08:59:20,657 - __main__ - INFO -   • Every minute: Check signals & manage positions
2026-09-15 08:59:20,658 - __main__ - INFO -   • 12:30 PM: Close all positions
2026-09-15 08:59:20,658 - __main__ - INFO - 
SCHEDULER RUNNING - Press Ctrl+C to stop

2026-09-15 08:59:29,085 - schedule - DEBUG - Running job Job(interval=15, unit=seconds, do=minute_check, args=(), kwargs={})
2026-09-15 08:59:35,664 - schedule - DEBUG - Running job Job(interval=15, unit=seconds, do=minute_check, args=(), kwargs={})
2026-09-15 08:59:44,091 - schedule - DEBUG - Running job Job(interval=15, unit=seconds, do=minute_check, args=(), kwargs={})
2026-09-15 08:59:50,671 - schedule - DEBUG - Running job Job(interval=15, unit=seconds, do=minute_check, args=(), kwargs={})
2026-09-15 08:59:59,097 - schedule - DEBUG - Running job Job(interval=15, unit=seconds, do=minute_check, args=(), kwargs={})
2026-09-15 09:00:00,098 - schedule - DEBUG - Running job Job(interval=1, unit=days, do=start_trading_day, args=(), kwargs={})
2026-09-15 09:00:00,100 - urllib3.connectionpool - DEBUG - Starting new HTTPS connection (1): paper-api.alpaca.markets:443
2026-09-15 09:00:00,312 - urllib3.connectionpool - DEBUG - https://paper-api.alpaca.markets:443 "GET /v2/account HTTP/1.1" 200 940
2026-09-15 09:00:00,319 - yfinance - DEBUG - Entering download()
2026-09-15 09:00:00,321 - yfinance - DEBUG - Disabling multithreading because DEBUG logging enabled
2026-09-15 09:00:00,323 - yfinance - DEBUG -  Entering history()
2026-09-15 09:00:00,331 - peewee - DEBUG - ('CREATE TABLE IF NOT EXISTS "_tz_kv" ("key" VARCHAR(255) NOT NULL PRIMARY KEY, "value" VARCHAR(255)) WITHOUT ROWID', [])
2026-09-15 09:00:00,333 - peewee - DEBUG - ('SELECT "t1"."key", "t1"."value" FROM "_tz_kv" AS "t1" WHERE ("t1"."key" = ?) LIMIT ? OFFSET ?', ['ES=F', 1, 0])
2026-09-15 09:00:00,334 - yfinance - DEBUG -   Entering _fetch_ticker_tz()
2026-09-15 09:00:00,335 - yfinance - DEBUG -    Entering get()
2026-09-15 09:00:00,336 - yfinance - DEBUG -     Entering _make_request()
2026-09-15 09:00:00,338 - yfinance - DEBUG - url=https://query2.finance.yahoo.com/v8/finance/chart/ES=F
2026-09-15 09:00:00,339 - yfinance - DEBUG - params={'range': '1d', 'interval': '1d'}
2026-09-15 09:00:00,340 - yfinance - DEBUG -      Entering _get_cookie_and_crumb()
2026-09-15 09:00:00,345 - yfinance - DEBUG - cookie_mode = 'basic'
2026-09-15 09:00:00,346 - yfinance - DEBUG -       Entering _get_cookie_and_crumb_basic()
2026-09-15 09:00:00,347 - yfinance - DEBUG -        Entering _get_cookie_basic()
2026-09-15 09:00:00,349 - yfinance - DEBUG -         Entering _load_cookie_curlCffi()
2026-09-15 09:00:00,354 - peewee - DEBUG - ('CREATE TABLE IF NOT EXISTS "_cookieschema" ("strategy" VARCHAR(255) NOT NULL PRIMARY KEY, "fetch_date" DATETIME NOT NULL, "cookie_bytes" BLOB NOT NULL) WITHOUT ROWID', [])
2026-09-15 09:00:00,355 - peewee - DEBUG - ('SELECT "t1"."strategy", "t1"."fetch_date", "t1"."cookie_bytes" FROM "_cookieschema" AS "t1" WHERE ("t1"."strategy" = ?) LIMIT ? OFFSET ?', ['curlCffi', 1, 0])
2026-09-15 09:00:00,356 - yfinance - DEBUG -         Exiting _load_cookie_curlCffi()
2026-09-15 09:00:00,357 - yfinance - DEBUG - reusing persistent cookie
2026-09-15 09:00:00,360 - yfinance - DEBUG -        Exiting _get_cookie_basic()
2026-09-15 09:00:00,361 - yfinance - DEBUG -        Entering _get_crumb_basic()
2026-09-15 09:00:00,362 - yfinance - DEBUG -         Entering _get_cookie_basic()
2026-09-15 09:00:00,363 - yfinance - DEBUG - reusing cookie
2026-09-15 09:00:00,364 - yfinance - DEBUG -         Exiting _get_cookie_basic()
2026-09-15 09:00:00,675 - schedule - DEBUG - Running job Job(interval=1, unit=days, do=start_trading_day, args=(), kwargs={})
2026-09-15 09:00:00,680 - urllib3.connectionpool - DEBUG - Starting new HTTPS connection (1): paper-api.alpaca.markets:443
2026-09-15 09:00:00,803 - yfinance - DEBUG - crumb = 'b5vh54V3qcC'
2026-09-15 09:00:00,803 - yfinance - DEBUG -        Exiting _get_crumb_basic()
2026-09-15 09:00:00,805 - yfinance - DEBUG -       Exiting _get_cookie_and_crumb_basic()
2026-09-15 09:00:00,806 - yfinance - DEBUG -      Exiting _get_cookie_and_crumb()
2026-09-15 09:00:00,817 - urllib3.connectionpool - DEBUG - https://paper-api.alpaca.markets:443 "GET /v2/account HTTP/1.1" 200 960
2026-09-15 09:00:00,820 - yfinance - DEBUG - Entering download()
2026-09-15 09:00:00,820 - yfinance - DEBUG - Disabling multithreading because DEBUG logging enabled
2026-09-15 09:00:00,822 - yfinance - DEBUG -  Entering history()
2026-09-15 09:00:00,825 - peewee - DEBUG - ('CREATE TABLE IF NOT EXISTS "_tz_kv" ("key" VARCHAR(255) NOT NULL PRIMARY KEY, "value" VARCHAR(255)) WITHOUT ROWID', [])
2026-09-15 09:00:00,826 - peewee - DEBUG - ('SELECT "t1"."key", "t1"."value" FROM "_tz_kv" AS "t1" WHERE ("t1"."key" = ?) LIMIT ? OFFSET ?', ['ES=F', 1, 0])
2026-09-15 09:00:00,826 - yfinance - DEBUG -   Entering _fetch_ticker_tz()
2026-09-15 09:00:00,827 - yfinance - DEBUG -    Entering get()
2026-09-15 09:00:00,827 - yfinance - DEBUG -     Entering _make_request()
2026-09-15 09:00:00,827 - yfinance - DEBUG - url=https://query2.finance.yahoo.com/v8/finance/chart/ES=F
2026-09-15 09:00:00,827 - yfinance - DEBUG - params={'range': '1d', 'interval': '1d'}
2026-09-15 09:00:00,828 - yfinance - DEBUG -      Entering _get_cookie_and_crumb()
2026-09-15 09:00:00,828 - yfinance - DEBUG - cookie_mode = 'basic'
2026-09-15 09:00:00,828 - yfinance - DEBUG -       Entering _get_cookie_and_crumb_basic()
2026-09-15 09:00:00,828 - yfinance - DEBUG -        Entering _get_cookie_basic()
2026-09-15 09:00:00,829 - yfinance - DEBUG -         Entering _load_cookie_curlCffi()
2026-09-15 09:00:00,832 - peewee - DEBUG - ('CREATE TABLE IF NOT EXISTS "_cookieschema" ("strategy" VARCHAR(255) NOT NULL PRIMARY KEY, "fetch_date" DATETIME NOT NULL, "cookie_bytes" BLOB NOT NULL) WITHOUT ROWID', [])
2026-09-15 09:00:00,833 - peewee - DEBUG - ('SELECT "t1"."strategy", "t1"."fetch_date", "t1"."cookie_bytes" FROM "_cookieschema" AS "t1" WHERE ("t1"."strategy" = ?) LIMIT ? OFFSET ?', ['curlCffi', 1, 0])
2026-09-15 09:00:00,833 - yfinance - DEBUG -         Exiting _load_cookie_curlCffi()
2026-09-15 09:00:00,834 - yfinance - DEBUG - reusing persistent cookie
2026-09-15 09:00:00,834 - yfinance - DEBUG -        Exiting _get_cookie_basic()
2026-09-15 09:00:00,834 - yfinance - DEBUG -        Entering _get_crumb_basic()
2026-09-15 09:00:00,834 - yfinance - DEBUG -         Entering _get_cookie_basic()
2026-09-15 09:00:00,835 - yfinance - DEBUG - reusing cookie
2026-09-15 09:00:00,835 - yfinance - DEBUG -         Exiting _get_cookie_basic()
2026-09-15 09:00:00,960 - yfinance - DEBUG - crumb = 'b5vh54V3qcC'
2026-09-15 09:00:00,960 - yfinance - DEBUG -        Exiting _get_crumb_basic()
2026-09-15 09:00:00,961 - yfinance - DEBUG -       Exiting _get_cookie_and_crumb_basic()
2026-09-15 09:00:00,961 - yfinance - DEBUG -      Exiting _get_cookie_and_crumb()
2026-09-15 09:00:00,972 - yfinance - DEBUG - response code=200
2026-09-15 09:00:00,972 - yfinance - DEBUG -     Exiting _make_request()
2026-09-15 09:00:00,974 - yfinance - DEBUG -    Exiting get()
2026-09-15 09:00:00,976 - yfinance - DEBUG -   Exiting _fetch_ticker_tz()
2026-09-15 09:00:00,978 - peewee - DEBUG - ('INSERT INTO "_tz_kv" ("key", "value") VALUES (?, ?)', ['ES=F', 'America/New_York'])
2026-09-15 09:00:00,987 - yfinance - DEBUG -   Entering history()
2026-09-15 09:00:00,987 - yfinance - DEBUG - ES=F: Yahoo GET parameters: {'range': '5d', 'interval': '1d', 'includePrePost': False, 'events': 'div,splits,capitalGains'}
2026-09-15 09:00:00,989 - yfinance - DEBUG -    Entering get()
2026-09-15 09:00:00,991 - yfinance - DEBUG -     Entering _make_request()
2026-09-15 09:00:00,992 - yfinance - DEBUG - url=https://query2.finance.yahoo.com/v8/finance/chart/ES=F
2026-09-15 09:00:00,993 - yfinance - DEBUG - params={'range': '5d', 'interval': '1d', 'includePrePost': False, 'events': 'div,splits,capitalGains'}
2026-09-15 09:00:00,995 - yfinance - DEBUG -      Entering _get_cookie_and_crumb()
2026-09-15 09:00:00,996 - yfinance - DEBUG - cookie_mode = 'basic'
2026-09-15 09:00:00,997 - yfinance - DEBUG -       Entering _get_cookie_and_crumb_basic()
2026-09-15 09:00:00,998 - yfinance - DEBUG -        Entering _get_cookie_basic()
2026-09-15 09:00:00,999 - yfinance - DEBUG - reusing cookie
2026-09-15 09:00:01,000 - yfinance - DEBUG -        Exiting _get_cookie_basic()
2026-09-15 09:00:01,001 - yfinance - DEBUG -        Entering _get_crumb_basic()
2026-09-15 09:00:01,002 - yfinance - DEBUG - reusing crumb
2026-09-15 09:00:01,003 - yfinance - DEBUG -        Exiting _get_crumb_basic()
2026-09-15 09:00:01,004 - yfinance - DEBUG -       Exiting _get_cookie_and_crumb_basic()
2026-09-15 09:00:01,007 - yfinance - DEBUG -      Exiting _get_cookie_and_crumb()
2026-09-15 09:00:01,134 - yfinance - DEBUG - response code=200
2026-09-15 09:00:01,135 - yfinance - DEBUG -     Exiting _make_request()
2026-09-15 09:00:01,136 - yfinance - DEBUG -    Exiting get()
2026-09-15 09:00:01,137 - yfinance - DEBUG -   Exiting _fetch_ticker_tz()
2026-09-15 09:00:01,142 - peewee - DEBUG - ('INSERT INTO "_tz_kv" ("key", "value") VALUES (?, ?)', ['ES=F', 'America/New_York'])
2026-09-15 09:00:01,144 - peewee - DEBUG - ('SELECT "t1"."key", "t1"."value" FROM "_tz_kv" AS "t1" WHERE ("t1"."key" = ?) LIMIT ? OFFSET ?', ['ES=F', 1, 0])
2026-09-15 09:00:01,144 - yfinance - DEBUG -   Entering history()
2026-09-15 09:00:01,145 - yfinance - DEBUG - ES=F: Yahoo GET parameters: {'range': '5d', 'interval': '1d', 'includePrePost': False, 'events': 'div,splits,capitalGains'}
2026-09-15 09:00:01,146 - yfinance - DEBUG -    Entering get()
2026-09-15 09:00:01,147 - yfinance - DEBUG -     Entering _make_request()
2026-09-15 09:00:01,150 - yfinance - DEBUG - url=https://query2.finance.yahoo.com/v8/finance/chart/ES=F
2026-09-15 09:00:01,151 - yfinance - DEBUG - params={'range': '5d', 'interval': '1d', 'includePrePost': False, 'events': 'div,splits,capitalGains'}
2026-09-15 09:00:01,152 - yfinance - DEBUG -      Entering _get_cookie_and_crumb()
2026-09-15 09:00:01,153 - yfinance - DEBUG - cookie_mode = 'basic'
2026-09-15 09:00:01,153 - yfinance - DEBUG -       Entering _get_cookie_and_crumb_basic()
2026-09-15 09:00:01,154 - yfinance - DEBUG -        Entering _get_cookie_basic()
2026-09-15 09:00:01,155 - yfinance - DEBUG - reusing cookie
2026-09-15 09:00:01,155 - yfinance - DEBUG -        Exiting _get_cookie_basic()
2026-09-15 09:00:01,156 - yfinance - DEBUG -        Entering _get_crumb_basic()
2026-09-15 09:00:01,157 - yfinance - DEBUG - reusing crumb
2026-09-15 09:00:01,158 - yfinance - DEBUG -        Exiting _get_crumb_basic()
2026-09-15 09:00:01,158 - yfinance - DEBUG -       Exiting _get_cookie_and_crumb_basic()
2026-09-15 09:00:01,159 - yfinance - DEBUG -      Exiting _get_cookie_and_crumb()
2026-09-15 09:00:01,225 - yfinance - DEBUG - response code=200
2026-09-15 09:00:01,226 - yfinance - DEBUG -     Exiting _make_request()
2026-09-15 09:00:01,230 - yfinance - DEBUG -    Exiting get()
2026-09-15 09:00:01,240 - yfinance - DEBUG - ES=F: yfinance received OHLC data: 2026-09-10 04:00:00 -> 2026-09-15 04:00:00
2026-09-15 09:00:01,297 - yfinance - DEBUG - ES=F: OHLC after cleaning: 2026-09-10 00:00:00-04:00 -> 2026-09-15 00:00:00-04:00
2026-09-15 09:00:01,306 - yfinance - DEBUG - ES=F: OHLC after combining events: 2026-09-10 00:00:00-04:00 -> 2026-09-15 00:00:00-04:00
2026-09-15 09:00:01,322 - yfinance - DEBUG - ES=F: yfinance returning OHLC: 2026-09-10 00:00:00-04:00 -> 2026-09-15 00:00:00-04:00
2026-09-15 09:00:01,323 - yfinance - DEBUG -   Exiting history()
2026-09-15 09:00:01,324 - yfinance - DEBUG -  Exiting history()
2026-09-15 09:00:01,330 - yfinance - DEBUG - Exiting download()
2026-09-15 09:00:01,331 - strategy - INFO - Overnight: High 7652.0 / Low 7593.75
2026-09-15 09:00:01,332 - __main__ - INFO - TRADING DAY STARTED
2026-09-15 09:00:01,333 - __main__ - INFO -    Equity: $400,000.00
2026-09-15 09:00:01,333 - __main__ - INFO -    Tier: TIER_5
2026-09-15 09:00:01,334 - __main__ - INFO -    Max Risk: $20,000.00
2026-09-15 09:00:01,335 - __main__ - INFO -    Spread Width: 10 pt
2026-09-15 09:00:01,436 - yfinance - DEBUG - response code=200
2026-09-15 09:00:01,437 - yfinance - DEBUG -     Exiting _make_request()
2026-09-15 09:00:01,441 - yfinance - DEBUG -    Exiting get()
2026-09-15 09:00:01,451 - yfinance - DEBUG - ES=F: yfinance received OHLC data: 2026-09-10 04:00:00 -> 2026-09-15 04:00:00
2026-09-15 09:00:01,480 - yfinance - DEBUG - ES=F: OHLC after cleaning: 2026-09-10 00:00:00-04:00 -> 2026-09-15 00:00:00-04:00
2026-09-15 09:00:01,485 - yfinance - DEBUG - ES=F: OHLC after combining events: 2026-09-10 00:00:00-04:00 -> 2026-09-15 00:00:00-04:00
2026-09-15 09:00:01,493 - yfinance - DEBUG - ES=F: yfinance returning OHLC: 2026-09-10 00:00:00-04:00 -> 2026-09-15 00:00:00-04:00
2026-09-15 09:00:01,493 - yfinance - DEBUG -   Exiting history()
2026-09-15 09:00:01,494 - yfinance - DEBUG -  Exiting history()
2026-09-15 09:00:01,499 - yfinance - DEBUG - Exiting download()
2026-09-15 09:00:01,501 - strategy - INFO - Overnight: High 7652.0 / Low 7593.75
2026-09-15 09:00:01,502 - __main__ - INFO - TRADING DAY STARTED
2026-09-15 09:00:01,502 - __main__ - INFO -    Equity: $20,000.00
2026-09-15 09:00:01,502 - __main__ - INFO -    Tier: TIER_3
2026-09-15 09:00:01,503 - __main__ - INFO -    Max Risk: $1,000.00
2026-09-15 09:00:01,503 - __main__ - INFO -    Spread Width: 10 pt
2026-09-15 09:00:06,338 - schedule - DEBUG - Running job Job(interval=15, unit=seconds, do=minute_check, args=(), kwargs={})
2026-09-15 09:00:06,343 - urllib3.connectionpool - DEBUG - Starting new HTTPS connection (1): paper-api.alpaca.markets:443
2026-09-15 09:00:06,491 - urllib3.connectionpool - DEBUG - https://paper-api.alpaca.markets:443 "GET /v2/account HTTP/1.1" 200 960
2026-09-15 09:00:06,496 - yfinance - DEBUG - Entering download()
2026-09-15 09:00:06,497 - yfinance - DEBUG - Disabling multithreading because DEBUG logging enabled
2026-09-15 09:00:06,500 - yfinance - DEBUG -  Entering history()
2026-09-15 09:00:06,502 - peewee - DEBUG - ('SELECT "t1"."key", "t1"."value" FROM "_tz_kv" AS "t1" WHERE ("t1"."key" = ?) LIMIT ? OFFSET ?', ['ES=F', 1, 0])
2026-09-15 09:00:06,504 - yfinance - DEBUG -   Entering history()
2026-09-15 09:00:06,505 - yfinance - DEBUG - ES=F: Yahoo GET parameters: {'range': '1d', 'interval': '1m', 'includePrePost': False, 'events': 'div,splits,capitalGains'}
2026-09-15 09:00:06,507 - yfinance - DEBUG -    Entering get()
2026-09-15 09:00:06,508 - yfinance - DEBUG -     Entering _make_request()
2026-09-15 09:00:06,510 - yfinance - DEBUG - url=https://query2.finance.yahoo.com/v8/finance/chart/ES=F
2026-09-15 09:00:06,512 - yfinance - DEBUG - params={'range': '1d', 'interval': '1m', 'includePrePost': False, 'events': 'div,splits,capitalGains'}
2026-09-15 09:00:06,514 - yfinance - DEBUG -      Entering _get_cookie_and_crumb()
2026-09-15 09:00:06,519 - yfinance - DEBUG - cookie_mode = 'basic'
2026-09-15 09:00:06,521 - yfinance - DEBUG -       Entering _get_cookie_and_crumb_basic()
2026-09-15 09:00:06,523 - yfinance - DEBUG -        Entering _get_cookie_basic()
2026-09-15 09:00:06,525 - yfinance - DEBUG - reusing cookie
2026-09-15 09:00:06,526 - yfinance - DEBUG -        Exiting _get_cookie_basic()
2026-09-15 09:00:06,528 - yfinance - DEBUG -        Entering _get_crumb_basic()
2026-09-15 09:00:06,530 - yfinance - DEBUG - reusing crumb
2026-09-15 09:00:06,534 - yfinance - DEBUG -        Exiting _get_crumb_basic()
2026-09-15 09:00:06,536 - yfinance - DEBUG -       Exiting _get_cookie_and_crumb_basic()
2026-09-15 09:00:06,538 - yfinance - DEBUG -      Exiting _get_cookie_and_crumb()
2026-09-15 09:00:06,750 - yfinance - DEBUG - response code=200
2026-09-15 09:00:06,751 - yfinance - DEBUG -     Exiting _make_request()
2026-09-15 09:00:06,754 - yfinance - DEBUG -    Exiting get()
2026-09-15 09:00:06,766 - yfinance - DEBUG - ES=F: yfinance received OHLC data: 2026-09-15 04:09:00 -> 2026-09-15 13:50:05
2026-09-15 09:00:06,798 - yfinance - DEBUG - ES=F: OHLC after cleaning: 2026-09-15 00:09:00-04:00 -> 2026-09-15 09:50:05-04:00
2026-09-15 09:00:06,807 - yfinance - DEBUG - ES=F: OHLC after combining events: 2026-09-15 00:09:00-04:00 -> 2026-09-15 09:50:05-04:00
2026-09-15 09:00:06,823 - yfinance - DEBUG - ES=F: yfinance returning OHLC: 2026-09-15 00:09:00-04:00 -> 2026-09-15 09:50:00-04:00
2026-09-15 09:00:06,823 - yfinance - DEBUG -   Exiting history()
2026-09-15 09:00:06,824 - yfinance - DEBUG -  Exiting history()
2026-09-15 09:00:06,828 - yfinance - DEBUG - Exiting download()
2026-09-15 09:00:06,829 - market_data - ERROR - Error getting price for ES=F: float() argument must be a string or a real number, not 'Series'
2026-09-15 09:00:06,830 - yfinance - DEBUG - Entering download()
2026-09-15 09:00:06,832 - yfinance - DEBUG - Disabling multithreading because DEBUG logging enabled
2026-09-15 09:00:06,833 - yfinance - DEBUG -  Entering history()
2026-09-15 09:00:06,834 - peewee - DEBUG - ('SELECT "t1"."key", "t1"."value" FROM "_tz_kv" AS "t1" WHERE ("t1"."key" = ?) LIMIT ? OFFSET ?', ['^GSPC', 1, 0])
2026-09-15 09:00:06,835 - yfinance - DEBUG -   Entering _fetch_ticker_tz()
2026-09-15 09:00:06,835 - yfinance - DEBUG -    Entering get()
2026-09-15 09:00:06,836 - yfinance - DEBUG -     Entering _make_request()
2026-09-15 09:00:06,837 - yfinance - DEBUG - url=https://query2.finance.yahoo.com/v8/finance/chart/^GSPC
2026-09-15 09:00:06,838 - yfinance - DEBUG - params={'range': '1d', 'interval': '1d'}
2026-09-15 09:00:06,838 - yfinance - DEBUG -      Entering _get_cookie_and_crumb()
2026-09-15 09:00:06,839 - yfinance - DEBUG - cookie_mode = 'basic'
2026-09-15 09:00:06,840 - yfinance - DEBUG -       Entering _get_cookie_and_crumb_basic()
2026-09-15 09:00:06,841 - yfinance - DEBUG -        Entering _get_cookie_basic()
2026-09-15 09:00:06,841 - yfinance - DEBUG - reusing cookie
2026-09-15 09:00:06,842 - yfinance - DEBUG -        Exiting _get_cookie_basic()
2026-09-15 09:00:06,843 - yfinance - DEBUG -        Entering _get_crumb_basic()
2026-09-15 09:00:06,844 - yfinance - DEBUG - reusing crumb
2026-09-15 09:00:06,844 - yfinance - DEBUG -        Exiting _get_crumb_basic()
2026-09-15 09:00:06,845 - yfinance - DEBUG -       Exiting _get_cookie_and_crumb_basic()
2026-09-15 09:00:06,846 - yfinance - DEBUG -      Exiting _get_cookie_and_crumb()
2026-09-15 09:00:07,040 - yfinance - DEBUG - response code=200
2026-09-15 09:00:07,041 - yfinance - DEBUG -     Exiting _make_request()
2026-09-15 09:00:07,045 - yfinance - DEBUG -    Exiting get()
2026-09-15 09:00:07,047 - yfinance - DEBUG -   Exiting _fetch_ticker_tz()
2026-09-15 09:00:07,049 - peewee - DEBUG - ('INSERT INTO "_tz_kv" ("key", "value") VALUES (?, ?)', ['^GSPC', 'America/New_York'])
2026-09-15 09:00:07,059 - yfinance - DEBUG -   Entering history()
2026-09-15 09:00:07,059 - yfinance - DEBUG - ^GSPC: Yahoo GET parameters: {'range': '1d', 'interval': '1m', 'includePrePost': False, 'events': 'div,splits,capitalGains'}
2026-09-15 09:00:07,062 - yfinance - DEBUG -    Entering get()
2026-09-15 09:00:07,063 - yfinance - DEBUG -     Entering _make_request()
2026-09-15 09:00:07,065 - yfinance - DEBUG - url=https://query2.finance.yahoo.com/v8/finance/chart/^GSPC
2026-09-15 09:00:07,067 - yfinance - DEBUG - params={'range': '1d', 'interval': '1m', 'includePrePost': False, 'events': 'div,splits,capitalGains'}
2026-09-15 09:00:07,069 - yfinance - DEBUG -      Entering _get_cookie_and_crumb()
2026-09-15 09:00:07,073 - yfinance - DEBUG - cookie_mode = 'basic'
2026-09-15 09:00:07,075 - yfinance - DEBUG -       Entering _get_cookie_and_crumb_basic()
2026-09-15 09:00:07,077 - yfinance - DEBUG -        Entering _get_cookie_basic()
2026-09-15 09:00:07,079 - yfinance - DEBUG - reusing cookie
2026-09-15 09:00:07,081 - yfinance - DEBUG -        Exiting _get_cookie_basic()
2026-09-15 09:00:07,083 - yfinance - DEBUG -        Entering _get_crumb_basic()
2026-09-15 09:00:07,085 - yfinance - DEBUG - reusing crumb
2026-09-15 09:00:07,089 - yfinance - DEBUG -        Exiting _get_crumb_basic()
2026-09-15 09:00:07,091 - yfinance - DEBUG -       Exiting _get_cookie_and_crumb_basic()
2026-09-15 09:00:07,093 - yfinance - DEBUG -      Exiting _get_cookie_and_crumb()
2026-09-15 09:00:07,192 - yfinance - DEBUG - response code=200
2026-09-15 09:00:07,193 - yfinance - DEBUG -     Exiting _make_request()
2026-09-15 09:00:07,196 - yfinance - DEBUG -    Exiting get()
2026-09-15 09:00:07,203 - yfinance - DEBUG - ^GSPC: yfinance received OHLC data: 2026-09-15 13:30:00 -> 2026-09-15 14:00:05
2026-09-15 09:00:07,232 - yfinance - DEBUG - ^GSPC: OHLC after cleaning: 2026-09-15 09:30:00-04:00 -> 2026-09-15 10:00:05-04:00
2026-09-15 09:00:07,236 - yfinance - DEBUG - ^GSPC: OHLC after combining events: 2026-09-15 09:30:00-04:00 -> 2026-09-15 10:00:05-04:00
2026-09-15 09:00:07,247 - yfinance - DEBUG - ^GSPC: yfinance returning OHLC: 2026-09-15 09:30:00-04:00 -> 2026-09-15 10:00:00-04:00
2026-09-15 09:00:07,248 - yfinance - DEBUG -   Exiting history()
2026-09-15 09:00:07,248 - yfinance - DEBUG -  Exiting history()
2026-09-15 09:00:07,253 - yfinance - DEBUG - Exiting download()
2026-09-15 09:00:07,254 - market_data - ERROR - Error getting price for ^GSPC: float() argument must be a string or a real number, not 'Series'
2026-09-15 09:00:07,254 - __main__ - WARNING - Failed to get price data
2026-09-15 09:00:14,508 - schedule - DEBUG - Running job Job(interval=15, unit=seconds, do=minute_check, args=(), kwargs={})
2026-09-15 09:00:14,513 - urllib3.connectionpool - DEBUG - Starting new HTTPS connection (1): paper-api.alpaca.markets:443
2026-09-15 09:00:14,631 - urllib3.connectionpool - DEBUG - https://paper-api.alpaca.markets:443 "GET /v2/account HTTP/1.1" 200 940
2026-09-15 09:00:14,637 - yfinance - DEBUG - Entering download()
2026-09-15 09:00:14,638 - yfinance - DEBUG - Disabling multithreading because DEBUG logging enabled
2026-09-15 09:00:14,640 - yfinance - DEBUG -  Entering history()
2026-09-15 09:00:14,642 - peewee - DEBUG - ('SELECT "t1"."key", "t1"."value" FROM "_tz_kv" AS "t1" WHERE ("t1"."key" = ?) LIMIT ? OFFSET ?', ['ES=F', 1, 0])
2026-09-15 09:00:14,644 - yfinance - DEBUG -   Entering history()
2026-09-15 09:00:14,648 - yfinance - DEBUG - ES=F: Yahoo GET parameters: {'range': '1d', 'interval': '1m', 'includePrePost': False, 'events': 'div,splits,capitalGains'}
2026-09-15 09:00:14,650 - yfinance - DEBUG -    Entering get()
2026-09-15 09:00:14,652 - yfinance - DEBUG -     Entering _make_request()
2026-09-15 09:00:14,653 - yfinance - DEBUG - url=https://query2.finance.yahoo.com/v8/finance/chart/ES=F
2026-09-15 09:00:14,655 - yfinance - DEBUG - params={'range': '1d', 'interval': '1m', 'includePrePost': False, 'events': 'div,splits,capitalGains'}
2026-09-15 09:00:14,657 - yfinance - DEBUG -      Entering _get_cookie_and_crumb()
2026-09-15 09:00:14,659 - yfinance - DEBUG - cookie_mode = 'basic'
2026-09-15 09:00:14,661 - yfinance - DEBUG -       Entering _get_cookie_and_crumb_basic()
2026-09-15 09:00:14,666 - yfinance - DEBUG -        Entering _get_cookie_basic()
2026-09-15 09:00:14,668 - yfinance - DEBUG - reusing cookie
2026-09-15 09:00:14,669 - yfinance - DEBUG -        Exiting _get_cookie_basic()
2026-09-15 09:00:14,671 - yfinance - DEBUG -        Entering _get_crumb_basic()
2026-09-15 09:00:14,672 - yfinance - DEBUG - reusing crumb
2026-09-15 09:00:14,674 - yfinance - DEBUG -        Exiting _get_crumb_basic()
2026-09-15 09:00:14,675 - yfinance - DEBUG -       Exiting _get_cookie_and_crumb_basic()
2026-09-15 09:00:14,676 - yfinance - DEBUG -      Exiting _get_cookie_and_crumb()
2026-09-15 09:00:14,869 - yfinance - DEBUG - response code=200
2026-09-15 09:00:14,869 - yfinance - DEBUG -     Exiting _make_request()
2026-09-15 09:00:14,872 - yfinance - DEBUG -    Exiting get()
2026-09-15 09:00:14,879 - yfinance - DEBUG - ES=F: yfinance received OHLC data: 2026-09-15 04:09:00 -> 2026-09-15 13:50:13
2026-09-15 09:00:14,902 - yfinance - DEBUG - ES=F: OHLC after cleaning: 2026-09-15 00:09:00-04:00 -> 2026-09-15 09:50:13-04:00
2026-09-15 09:00:14,907 - yfinance - DEBUG - ES=F: OHLC after combining events: 2026-09-15 00:09:00-04:00 -> 2026-09-15 09:50:13-04:00
2026-09-15 09:00:14,920 - yfinance - DEBUG - ES=F: yfinance returning OHLC: 2026-09-15 00:09:00-04:00 -> 2026-09-15 09:50:00-04:00
2026-09-15 09:00:14,920 - yfinance - DEBUG -   Exiting history()
2026-09-15 09:00:14,921 - yfinance - DEBUG -  Exiting history()
2026-09-15 09:00:14,925 - yfinance - DEBUG - Exiting download()
2026-09-15 09:00:14,926 - market_data - ERROR - Error getting price for ES=F: float() argument must be a string or a real number, not 'Series'
2026-09-15 09:00:14,926 - yfinance - DEBUG - Entering download()
2026-09-15 09:00:14,928 - yfinance - DEBUG - Disabling multithreading because DEBUG logging enabled
2026-09-15 09:00:14,929 - yfinance - DEBUG -  Entering history()
2026-09-15 09:00:14,930 - peewee - DEBUG - ('SELECT "t1"."key", "t1"."value" FROM "_tz_kv" AS "t1" WHERE ("t1"."key" = ?) LIMIT ? OFFSET ?', ['^GSPC', 1, 0])
2026-09-15 09:00:14,931 - yfinance - DEBUG -   Entering history()
2026-09-15 09:00:14,931 - yfinance - DEBUG - ^GSPC: Yahoo GET parameters: {'range': '1d', 'interval': '1m', 'includePrePost': False, 'events': 'div,splits,capitalGains'}
2026-09-15 09:00:14,932 - yfinance - DEBUG -    Entering get()
2026-09-15 09:00:14,933 - yfinance - DEBUG -     Entering _make_request()
2026-09-15 09:00:14,933 - yfinance - DEBUG - url=https://query2.finance.yahoo.com/v8/finance/chart/^GSPC
2026-09-15 09:00:14,934 - yfinance - DEBUG - params={'range': '1d', 'interval': '1m', 'includePrePost': False, 'events': 'div,splits,capitalGains'}
2026-09-15 09:00:14,935 - yfinance - DEBUG -      Entering _get_cookie_and_crumb()
2026-09-15 09:00:14,935 - yfinance - DEBUG - cookie_mode = 'basic'
2026-09-15 09:00:14,936 - yfinance - DEBUG -       Entering _get_cookie_and_crumb_basic()
2026-09-15 09:00:14,937 - yfinance - DEBUG -        Entering _get_cookie_basic()
2026-09-15 09:00:14,937 - yfinance - DEBUG - reusing cookie
2026-09-15 09:00:14,938 - yfinance - DEBUG -        Exiting _get_cookie_basic()
2026-09-15 09:00:14,939 - yfinance - DEBUG -        Entering _get_crumb_basic()
2026-09-15 09:00:14,939 - yfinance - DEBUG - reusing crumb
2026-09-15 09:00:14,940 - yfinance - DEBUG -        Exiting _get_crumb_basic()
2026-09-15 09:00:14,941 - yfinance - DEBUG -       Exiting _get_cookie_and_crumb_basic()
2026-09-15 09:00:14,941 - yfinance - DEBUG -      Exiting _get_cookie_and_crumb()
2026-09-15 09:00:15,056 - yfinance - DEBUG - response code=200
2026-09-15 09:00:15,057 - yfinance - DEBUG -     Exiting _make_request()
2026-09-15 09:00:15,061 - yfinance - DEBUG -    Exiting get()
2026-09-15 09:00:15,068 - yfinance - DEBUG - ^GSPC: yfinance received OHLC data: 2026-09-15 13:30:00 -> 2026-09-15 14:00:14
2026-09-15 09:00:15,096 - yfinance - DEBUG - ^GSPC: OHLC after cleaning: 2026-09-15 09:30:00-04:00 -> 2026-09-15 10:00:14-04:00
2026-09-15 09:00:15,101 - yfinance - DEBUG - ^GSPC: OHLC after combining events: 2026-09-15 09:30:00-04:00 -> 2026-09-15 10:00:14-04:00
2026-09-15 09:00:15,116 - yfinance - DEBUG - ^GSPC: yfinance returning OHLC: 2026-09-15 09:30:00-04:00 -> 2026-09-15 10:00:00-04:00
2026-09-15 09:00:15,117 - yfinance - DEBUG -   Exiting history()
2026-09-15 09:00:15,118 - yfinance - DEBUG -  Exiting history()
2026-09-15 09:00:15,123 - yfinance - DEBUG - Exiting download()
2026-09-15 09:00:15,123 - market_data - ERROR - Error getting price for ^GSPC: float() argument must be a string or a real number, not 'Series'
2026-09-15 09:00:15,123 - __main__ - WARNING - Failed to get price data
2026-09-15 09:00:22,260 - schedule - DEBUG - Running job Job(interval=15, unit=seconds, do=minute_check, args=(), kwargs={})
2026-09-15 09:00:22,264 - urllib3.connectionpool - DEBUG - Starting new HTTPS connection (1): paper-api.alpaca.markets:443
2026-09-15 09:00:22,375 - urllib3.connectionpool - DEBUG - https://paper-api.alpaca.markets:443 "GET /v2/account HTTP/1.1" 200 960
2026-09-15 09:00:22,377 - yfinance - DEBUG - Entering download()
2026-09-15 09:00:22,377 - yfinance - DEBUG - Disabling multithreading because DEBUG logging enabled
2026-09-15 09:00:22,380 - yfinance - DEBUG -  Entering history()
2026-09-15 09:00:22,381 - peewee - DEBUG - ('SELECT "t1"."key", "t1"."value" FROM "_tz_kv" AS "t1" WHERE ("t1"."key" = ?) LIMIT ? OFFSET ?', ['ES=F', 1, 0])
2026-09-15 09:00:22,382 - yfinance - DEBUG -   Entering history()
2026-09-15 09:00:22,383 - yfinance - DEBUG - ES=F: Yahoo GET parameters: {'range': '1d', 'interval': '1m', 'includePrePost': False, 'events': 'div,splits,capitalGains'}
2026-09-15 09:00:22,384 - yfinance - DEBUG -    Entering get()
2026-09-15 09:00:22,386 - yfinance - DEBUG -     Entering _make_request()
2026-09-15 09:00:22,387 - yfinance - DEBUG - url=https://query2.finance.yahoo.com/v8/finance/chart/ES=F
2026-09-15 09:00:22,388 - yfinance - DEBUG - params={'range': '1d', 'interval': '1m', 'includePrePost': False, 'events': 'div,splits,capitalGains'}
2026-09-15 09:00:22,389 - yfinance - DEBUG -      Entering _get_cookie_and_crumb()
2026-09-15 09:00:22,390 - yfinance - DEBUG - cookie_mode = 'basic'
2026-09-15 09:00:22,392 - yfinance - DEBUG -       Entering _get_cookie_and_crumb_basic()
2026-09-15 09:00:22,393 - yfinance - DEBUG -        Entering _get_cookie_basic()
2026-09-15 09:00:22,394 - yfinance - DEBUG - reusing cookie
2026-09-15 09:00:22,395 - yfinance - DEBUG -        Exiting _get_cookie_basic()
2026-09-15 09:00:22,397 - yfinance - DEBUG -        Entering _get_crumb_basic()
2026-09-15 09:00:22,401 - yfinance - DEBUG - reusing crumb
2026-09-15 09:00:22,402 - yfinance - DEBUG -        Exiting _get_crumb_basic()
2026-09-15 09:00:22,404 - yfinance - DEBUG -       Exiting _get_cookie_and_crumb_basic()
2026-09-15 09:00:22,405 - yfinance - DEBUG -      Exiting _get_cookie_and_crumb()
2026-09-15 09:00:22,535 - yfinance - DEBUG - response code=200
2026-09-15 09:00:22,536 - yfinance - DEBUG -     Exiting _make_request()
2026-09-15 09:00:22,537 - yfinance - DEBUG -    Exiting get()
2026-09-15 09:00:22,540 - yfinance - DEBUG - ES=F: yfinance received OHLC data: 2026-09-15 04:09:00 -> 2026-09-15 13:50:21
2026-09-15 09:00:22,550 - yfinance - DEBUG - ES=F: OHLC after cleaning: 2026-09-15 00:09:00-04:00 -> 2026-09-15 09:50:21-04:00
2026-09-15 09:00:22,552 - yfinance - DEBUG - ES=F: OHLC after combining events: 2026-09-15 00:09:00-04:00 -> 2026-09-15 09:50:21-04:00
2026-09-15 09:00:22,560 - yfinance - DEBUG - ES=F: yfinance returning OHLC: 2026-09-15 00:09:00-04:00 -> 2026-09-15 09:50:00-04:00
2026-09-15 09:00:22,561 - yfinance - DEBUG -   Exiting history()
2026-09-15 09:00:22,561 - yfinance - DEBUG -  Exiting history()
2026-09-15 09:00:22,567 - yfinance - DEBUG - Exiting download()
2026-09-15 09:00:22,568 - market_data - ERROR - Error getting price for ES=F: float() argument must be a string or a real number, not 'Series'
2026-09-15 09:00:22,568 - yfinance - DEBUG - Entering download()
2026-09-15 09:00:22,570 - yfinance - DEBUG - Disabling multithreading because DEBUG logging enabled
2026-09-15 09:00:22,570 - yfinance - DEBUG -  Entering history()
2026-09-15 09:00:22,571 - peewee - DEBUG - ('SELECT "t1"."key", "t1"."value" FROM "_tz_kv" AS "t1" WHERE ("t1"."key" = ?) LIMIT ? OFFSET ?', ['^GSPC', 1, 0])
2026-09-15 09:00:22,571 - yfinance - DEBUG -   Entering history()
2026-09-15 09:00:22,572 - yfinance - DEBUG - ^GSPC: Yahoo GET parameters: {'range': '1d', 'interval': '1m', 'includePrePost': False, 'events': 'div,splits,capitalGains'}
2026-09-15 09:00:22,573 - yfinance - DEBUG -    Entering get()
2026-09-15 09:00:22,575 - yfinance - DEBUG -     Entering _make_request()
2026-09-15 09:00:22,578 - yfinance - DEBUG - url=https://query2.finance.yahoo.com/v8/finance/chart/^GSPC
2026-09-15 09:00:22,578 - yfinance - DEBUG - params={'range': '1d', 'interval': '1m', 'includePrePost': False, 'events': 'div,splits,capitalGains'}
2026-09-15 09:00:22,579 - yfinance - DEBUG -      Entering _get_cookie_and_crumb()
2026-09-15 09:00:22,579 - yfinance - DEBUG - cookie_mode = 'basic'
2026-09-15 09:00:22,580 - yfinance - DEBUG -       Entering _get_cookie_and_crumb_basic()
2026-09-15 09:00:22,581 - yfinance - DEBUG -        Entering _get_cookie_basic()
2026-09-15 09:00:22,582 - yfinance - DEBUG - reusing cookie
2026-09-15 09:00:22,582 - yfinance - DEBUG -        Exiting _get_cookie_basic()
2026-09-15 09:00:22,583 - yfinance - DEBUG -        Entering _get_crumb_basic()
2026-09-15 09:00:22,583 - yfinance - DEBUG - reusing crumb
2026-09-15 09:00:22,584 - yfinance - DEBUG -        Exiting _get_crumb_basic()
2026-09-15 09:00:22,585 - yfinance - DEBUG -       Exiting _get_cookie_and_crumb_basic()
2026-09-15 09:00:22,585 - yfinance - DEBUG -      Exiting _get_cookie_and_crumb()
2026-09-15 09:00:22,695 - yfinance - DEBUG - response code=200
2026-09-15 09:00:22,696 - yfinance - DEBUG -     Exiting _make_request()
2026-09-15 09:00:22,698 - yfinance - DEBUG -    Exiting get()
2026-09-15 09:00:22,700 - yfinance - DEBUG - ^GSPC: yfinance received OHLC data: 2026-09-15 13:30:00 -> 2026-09-15 14:00:22
2026-09-15 09:00:22,709 - yfinance - DEBUG - ^GSPC: OHLC after cleaning: 2026-09-15 09:30:00-04:00 -> 2026-09-15 10:00:22-04:00
2026-09-15 09:00:22,712 - yfinance - DEBUG - ^GSPC: OHLC after combining events: 2026-09-15 09:30:00-04:00 -> 2026-09-15 10:00:22-04:00
2026-09-15 09:00:22,720 - yfinance - DEBUG - ^GSPC: yfinance returning OHLC: 2026-09-15 09:30:00-04:00 -> 2026-09-15 10:00:00-04:00
2026-09-15 09:00:22,721 - yfinance - DEBUG -   Exiting history()
2026-09-15 09:00:22,721 - yfinance - DEBUG -  Exiting history()
2026-09-15 09:00:22,726 - yfinance - DEBUG - Exiting download()
2026-09-15 09:00:22,726 - market_data - ERROR - Error getting price for ^GSPC: float() argument must be a string or a real number, not 'Series'
2026-09-15 09:00:22,727 - __main__ - WARNING - Failed to get price data
2026-09-15 09:00:30,129 - schedule - DEBUG - Running job Job(interval=15, unit=seconds, do=minute_check, args=(), kwargs={})
2026-09-15 09:00:31,393 - urllib3.connectionpool - DEBUG - Starting new HTTPS connection (1): paper-api.alpaca.markets:443
2026-09-15 09:00:31,510 - urllib3.connectionpool - DEBUG - https://paper-api.alpaca.markets:443 "GET /v2/account HTTP/1.1" 200 940
2026-09-15 09:00:31,512 - yfinance - DEBUG - Entering download()
2026-09-15 09:00:31,513 - yfinance - DEBUG - Disabling multithreading because DEBUG logging enabled
2026-09-15 09:00:31,514 - yfinance - DEBUG -  Entering history()
2026-09-15 09:00:31,514 - peewee - DEBUG - ('SELECT "t1"."key", "t1"."value" FROM "_tz_kv" AS "t1" WHERE ("t1"."key" = ?) LIMIT ? OFFSET ?', ['ES=F', 1, 0])
2026-09-15 09:00:31,515 - yfinance - DEBUG -   Entering history()
2026-09-15 09:00:31,515 - yfinance - DEBUG - ES=F: Yahoo GET parameters: {'range': '1d', 'interval': '1m', 'includePrePost': False, 'events': 'div,splits,capitalGains'}
2026-09-15 09:00:31,516 - yfinance - DEBUG -    Entering get()
2026-09-15 09:00:31,516 - yfinance - DEBUG -     Entering _make_request()
2026-09-15 09:00:31,517 - yfinance - DEBUG - url=https://query2.finance.yahoo.com/v8/finance/chart/ES=F
2026-09-15 09:00:31,517 - yfinance - DEBUG - params={'range': '1d', 'interval': '1m', 'includePrePost': False, 'events': 'div,splits,capitalGains'}
2026-09-15 09:00:31,518 - yfinance - DEBUG -      Entering _get_cookie_and_crumb()
2026-09-15 09:00:31,518 - yfinance - DEBUG - cookie_mode = 'basic'
2026-09-15 09:00:31,519 - yfinance - DEBUG -       Entering _get_cookie_and_crumb_basic()
2026-09-15 09:00:31,519 - yfinance - DEBUG -        Entering _get_cookie_basic()
2026-09-15 09:00:31,520 - yfinance - DEBUG - reusing cookie
2026-09-15 09:00:31,520 - yfinance - DEBUG -        Exiting _get_cookie_basic()
2026-09-15 09:00:31,520 - yfinance - DEBUG -        Entering _get_crumb_basic()
2026-09-15 09:00:31,521 - yfinance - DEBUG - reusing crumb
2026-09-15 09:00:31,521 - yfinance - DEBUG -        Exiting _get_crumb_basic()
2026-09-15 09:00:31,521 - yfinance - DEBUG -       Exiting _get_cookie_and_crumb_basic()
2026-09-15 09:00:31,522 - yfinance - DEBUG -      Exiting _get_cookie_and_crumb()
2026-09-15 09:00:31,735 - yfinance - DEBUG - response code=200
2026-09-15 09:00:31,735 - yfinance - DEBUG -     Exiting _make_request()
2026-09-15 09:00:31,737 - yfinance - DEBUG -    Exiting get()
2026-09-15 09:00:31,743 - yfinance - DEBUG - ES=F: yfinance received OHLC data: 2026-09-15 04:09:00 -> 2026-09-15 13:50:31
2026-09-15 09:00:31,757 - yfinance - DEBUG - ES=F: OHLC after cleaning: 2026-09-15 00:09:00-04:00 -> 2026-09-15 09:50:31-04:00
2026-09-15 09:00:31,762 - yfinance - DEBUG - ES=F: OHLC after combining events: 2026-09-15 00:09:00-04:00 -> 2026-09-15 09:50:31-04:00
2026-09-15 09:00:31,776 - yfinance - DEBUG - ES=F: yfinance returning OHLC: 2026-09-15 00:09:00-04:00 -> 2026-09-15 09:50:00-04:00
2026-09-15 09:00:31,777 - yfinance - DEBUG -   Exiting history()
2026-09-15 09:00:31,777 - yfinance - DEBUG -  Exiting history()
2026-09-15 09:00:31,782 - yfinance - DEBUG - Exiting download()
2026-09-15 09:00:31,784 - market_data - ERROR - Error getting price for ES=F: float() argument must be a string or a real number, not 'Series'
2026-09-15 09:00:31,784 - yfinance - DEBUG - Entering download()
2026-09-15 09:00:31,786 - yfinance - DEBUG - Disabling multithreading because DEBUG logging enabled
2026-09-15 09:00:31,787 - yfinance - DEBUG -  Entering history()
2026-09-15 09:00:31,788 - peewee - DEBUG - ('SELECT "t1"."key", "t1"."value" FROM "_tz_kv" AS "t1" WHERE ("t1"."key" = ?) LIMIT ? OFFSET ?', ['^GSPC', 1, 0])
2026-09-15 09:00:31,789 - yfinance - DEBUG -   Entering history()
2026-09-15 09:00:31,790 - yfinance - DEBUG - ^GSPC: Yahoo GET parameters: {'range': '1d', 'interval': '1m', 'includePrePost': False, 'events': 'div,splits,capitalGains'}
2026-09-15 09:00:31,790 - yfinance - DEBUG -    Entering get()
2026-09-15 09:00:31,791 - yfinance - DEBUG -     Entering _make_request()
2026-09-15 09:00:31,792 - yfinance - DEBUG - url=https://query2.finance.yahoo.com/v8/finance/chart/^GSPC
2026-09-15 09:00:31,793 - yfinance - DEBUG - params={'range': '1d', 'interval': '1m', 'includePrePost': False, 'events': 'div,splits,capitalGains'}
2026-09-15 09:00:31,794 - yfinance - DEBUG -      Entering _get_cookie_and_crumb()
2026-09-15 09:00:31,795 - yfinance - DEBUG - cookie_mode = 'basic'
2026-09-15 09:00:31,799 - yfinance - DEBUG -       Entering _get_cookie_and_crumb_basic()
2026-09-15 09:00:31,800 - yfinance - DEBUG -        Entering _get_cookie_basic()
2026-09-15 09:00:31,801 - yfinance - DEBUG - reusing cookie
2026-09-15 09:00:31,801 - yfinance - DEBUG -        Exiting _get_cookie_basic()
2026-09-15 09:00:31,802 - yfinance - DEBUG -        Entering _get_crumb_basic()
2026-09-15 09:00:31,803 - yfinance - DEBUG - reusing crumb
2026-09-15 09:00:31,803 - yfinance - DEBUG -        Exiting _get_crumb_basic()
2026-09-15 09:00:31,804 - yfinance - DEBUG -       Exiting _get_cookie_and_crumb_basic()
2026-09-15 09:00:31,804 - yfinance - DEBUG -      Exiting _get_cookie_and_crumb()
2026-09-15 09:00:32,037 - yfinance - DEBUG - response code=200
2026-09-15 09:00:32,038 - yfinance - DEBUG -     Exiting _make_request()
2026-09-15 09:00:32,040 - yfinance - DEBUG -    Exiting get()
2026-09-15 09:00:32,044 - yfinance - DEBUG - ^GSPC: yfinance received OHLC data: 2026-09-15 13:30:00 -> 2026-09-15 14:00:31
2026-09-15 09:00:32,064 - yfinance - DEBUG - ^GSPC: OHLC after cleaning: 2026-09-15 09:30:00-04:00 -> 2026-09-15 10:00:31-04:00
2026-09-15 09:00:32,070 - yfinance - DEBUG - ^GSPC: OHLC after combining events: 2026-09-15 09:30:00-04:00 -> 2026-09-15 10:00:31-04:00
2026-09-15 09:00:32,079 - yfinance - DEBUG - ^GSPC: yfinance returning OHLC: 2026-09-15 09:30:00-04:00 -> 2026-09-15 10:00:00-04:00
2026-09-15 09:00:32,079 - yfinance - DEBUG -   Exiting history()
2026-09-15 09:00:32,080 - yfinance - DEBUG -  Exiting history()
2026-09-15 09:00:32,083 - yfinance - DEBUG - Exiting download()
2026-09-15 09:00:32,083 - market_data - ERROR - Error getting price for ^GSPC: float() argument must be a string or a real number, not 'Series'
2026-09-15 09:00:32,084 - __main__ - WARNING - Failed to get price data
2026-09-15 09:00:37,733 - schedule - DEBUG - Running job Job(interval=15, unit=seconds, do=minute_check, args=(), kwargs={})
2026-09-15 09:00:37,738 - urllib3.connectionpool - DEBUG - Starting new HTTPS connection (1): paper-api.alpaca.markets:443
2026-09-15 09:00:37,871 - urllib3.connectionpool - DEBUG - https://paper-api.alpaca.markets:443 "GET /v2/account HTTP/1.1" 200 960
2026-09-15 09:00:37,876 - yfinance - DEBUG - Entering download()
2026-09-15 09:00:37,880 - yfinance - DEBUG - Disabling multithreading because DEBUG logging enabled
2026-09-15 09:00:37,881 - yfinance - DEBUG -  Entering history()
2026-09-15 09:00:37,884 - peewee - DEBUG - ('SELECT "t1"."key", "t1"."value" FROM "_tz_kv" AS "t1" WHERE ("t1"."key" = ?) LIMIT ? OFFSET ?', ['ES=F', 1, 0])
2026-09-15 09:00:37,887 - yfinance - DEBUG -   Entering history()
2026-09-15 09:00:37,887 - yfinance - DEBUG - ES=F: Yahoo GET parameters: {'range': '1d', 'interval': '1m', 'includePrePost': False, 'events': 'div,splits,capitalGains'}
2026-09-15 09:00:37,888 - yfinance - DEBUG -    Entering get()
2026-09-15 09:00:37,888 - yfinance - DEBUG -     Entering _make_request()
2026-09-15 09:00:37,888 - yfinance - DEBUG - url=https://query2.finance.yahoo.com/v8/finance/chart/ES=F
2026-09-15 09:00:37,889 - yfinance - DEBUG - params={'range': '1d', 'interval': '1m', 'includePrePost': False, 'events': 'div,splits,capitalGains'}
2026-09-15 09:00:37,889 - yfinance - DEBUG -      Entering _get_cookie_and_crumb()
2026-09-15 09:00:37,889 - yfinance - DEBUG - cookie_mode = 'basic'
2026-09-15 09:00:37,890 - yfinance - DEBUG -       Entering _get_cookie_and_crumb_basic()
2026-09-15 09:00:37,890 - yfinance - DEBUG -        Entering _get_cookie_basic()
2026-09-15 09:00:37,891 - yfinance - DEBUG - reusing cookie
2026-09-15 09:00:37,891 - yfinance - DEBUG -        Exiting _get_cookie_basic()
2026-09-15 09:00:37,892 - yfinance - DEBUG -        Entering _get_crumb_basic()
2026-09-15 09:00:37,892 - yfinance - DEBUG - reusing crumb
2026-09-15 09:00:37,893 - yfinance - DEBUG -        Exiting _get_crumb_basic()
2026-09-15 09:00:37,893 - yfinance - DEBUG -       Exiting _get_cookie_and_crumb_basic()
2026-09-15 09:00:37,893 - yfinance - DEBUG -      Exiting _get_cookie_and_crumb()
2026-09-15 09:00:38,133 - yfinance - DEBUG - response code=200
2026-09-15 09:00:38,134 - yfinance - DEBUG -     Exiting _make_request()
2026-09-15 09:00:38,135 - yfinance - DEBUG -    Exiting get()
2026-09-15 09:00:38,137 - yfinance - DEBUG - ES=F: yfinance received OHLC data: 2026-09-15 04:09:00 -> 2026-09-15 13:50:38
2026-09-15 09:00:38,143 - yfinance - DEBUG - ES=F: OHLC after cleaning: 2026-09-15 00:09:00-04:00 -> 2026-09-15 09:50:38-04:00
2026-09-15 09:00:38,145 - yfinance - DEBUG - ES=F: OHLC after combining events: 2026-09-15 00:09:00-04:00 -> 2026-09-15 09:50:38-04:00
2026-09-15 09:00:38,150 - yfinance - DEBUG - ES=F: yfinance returning OHLC: 2026-09-15 00:09:00-04:00 -> 2026-09-15 09:50:00-04:00
2026-09-15 09:00:38,150 - yfinance - DEBUG -   Exiting history()
2026-09-15 09:00:38,150 - yfinance - DEBUG -  Exiting history()
2026-09-15 09:00:38,153 - yfinance - DEBUG - Exiting download()
2026-09-15 09:00:38,154 - market_data - ERROR - Error getting price for ES=F: float() argument must be a string or a real number, not 'Series'
2026-09-15 09:00:38,155 - yfinance - DEBUG - Entering download()
2026-09-15 09:00:38,156 - yfinance - DEBUG - Disabling multithreading because DEBUG logging enabled
2026-09-15 09:00:38,156 - yfinance - DEBUG -  Entering history()
2026-09-15 09:00:38,156 - peewee - DEBUG - ('SELECT "t1"."key", "t1"."value" FROM "_tz_kv" AS "t1" WHERE ("t1"."key" = ?) LIMIT ? OFFSET ?', ['^GSPC', 1, 0])
2026-09-15 09:00:38,157 - yfinance - DEBUG -   Entering history()
2026-09-15 09:00:38,157 - yfinance - DEBUG - ^GSPC: Yahoo GET parameters: {'range': '1d', 'interval': '1m', 'includePrePost': False, 'events': 'div,splits,capitalGains'}
2026-09-15 09:00:38,157 - yfinance - DEBUG -    Entering get()
2026-09-15 09:00:38,157 - yfinance - DEBUG -     Entering _make_request()
2026-09-15 09:00:38,158 - yfinance - DEBUG - url=https://query2.finance.yahoo.com/v8/finance/chart/^GSPC
2026-09-15 09:00:38,158 - yfinance - DEBUG - params={'range': '1d', 'interval': '1m', 'includePrePost': False, 'events': 'div,splits,capitalGains'}
2026-09-15 09:00:38,158 - yfinance - DEBUG -      Entering _get_cookie_and_crumb()
2026-09-15 09:00:38,159 - yfinance - DEBUG - cookie_mode = 'basic'
2026-09-15 09:00:38,159 - yfinance - DEBUG -       Entering _get_cookie_and_crumb_basic()
2026-09-15 09:00:38,159 - yfinance - DEBUG -        Entering _get_cookie_basic()
2026-09-15 09:00:38,160 - yfinance - DEBUG - reusing cookie
2026-09-15 09:00:38,160 - yfinance - DEBUG -        Exiting _get_cookie_basic()
2026-09-15 09:00:38,160 - yfinance - DEBUG -        Entering _get_crumb_basic()
2026-09-15 09:00:38,161 - yfinance - DEBUG - reusing crumb
2026-09-15 09:00:38,161 - yfinance - DEBUG -        Exiting _get_crumb_basic()
2026-09-15 09:00:38,161 - yfinance - DEBUG -       Exiting _get_cookie_and_crumb_basic()
2026-09-15 09:00:38,162 - yfinance - DEBUG -      Exiting _get_cookie_and_crumb()
2026-09-15 09:00:38,405 - yfinance - DEBUG - response code=200
2026-09-15 09:00:38,406 - yfinance - DEBUG -     Exiting _make_request()
2026-09-15 09:00:38,409 - yfinance - DEBUG -    Exiting get()
2026-09-15 09:00:38,416 - yfinance - DEBUG - ^GSPC: yfinance received OHLC data: 2026-09-15 13:30:00 -> 2026-09-15 14:00:37
2026-09-15 09:00:38,441 - yfinance - DEBUG - ^GSPC: OHLC after cleaning: 2026-09-15 09:30:00-04:00 -> 2026-09-15 10:00:37-04:00
2026-09-15 09:00:38,446 - yfinance - DEBUG - ^GSPC: OHLC after combining events: 2026-09-15 09:30:00-04:00 -> 2026-09-15 10:00:37-04:00
2026-09-15 09:00:38,463 - yfinance - DEBUG - ^GSPC: yfinance returning OHLC: 2026-09-15 09:30:00-04:00 -> 2026-09-15 10:00:00-04:00
2026-09-15 09:00:38,463 - yfinance - DEBUG -   Exiting history()
2026-09-15 09:00:38,464 - yfinance - DEBUG -  Exiting history()
2026-09-15 09:00:38,467 - yfinance - DEBUG - Exiting download()
2026-09-15 09:00:38,467 - market_data - ERROR - Error getting price for ^GSPC: float() argument must be a string or a real number, not 'Series'
2026-09-15 09:00:38,467 - __main__ - WARNING - Failed to get price data
2026-09-15 09:00:47,089 - schedule - DEBUG - Running job Job(interval=15, unit=seconds, do=minute_check, args=(), kwargs={})
2026-09-15 09:00:47,094 - urllib3.connectionpool - DEBUG - Starting new HTTPS connection (1): paper-api.alpaca.markets:443
2026-09-15 09:00:47,232 - urllib3.connectionpool - DEBUG - https://paper-api.alpaca.markets:443 "GET /v2/account HTTP/1.1" 200 940
2026-09-15 09:00:47,235 - yfinance - DEBUG - Entering download()
2026-09-15 09:00:47,236 - yfinance - DEBUG - Disabling multithreading because DEBUG logging enabled
2026-09-15 09:00:47,237 - yfinance - DEBUG -  Entering history()
2026-09-15 09:00:47,238 - peewee - DEBUG - ('SELECT "t1"."key", "t1"."value" FROM "_tz_kv" AS "t1" WHERE ("t1"."key" = ?) LIMIT ? OFFSET ?', ['ES=F', 1, 0])
2026-09-15 09:00:47,239 - yfinance - DEBUG -   Entering history()
2026-09-15 09:00:47,240 - yfinance - DEBUG - ES=F: Yahoo GET parameters: {'range': '1d', 'interval': '1m', 'includePrePost': False, 'events': 'div,splits,capitalGains'}
2026-09-15 09:00:47,241 - yfinance - DEBUG -    Entering get()
2026-09-15 09:00:47,242 - yfinance - DEBUG -     Entering _make_request()
2026-09-15 09:00:47,243 - yfinance - DEBUG - url=https://query2.finance.yahoo.com/v8/finance/chart/ES=F
2026-09-15 09:00:47,244 - yfinance - DEBUG - params={'range': '1d', 'interval': '1m', 'includePrePost': False, 'events': 'div,splits,capitalGains'}
2026-09-15 09:00:47,245 - yfinance - DEBUG -      Entering _get_cookie_and_crumb()
2026-09-15 09:00:47,246 - yfinance - DEBUG - cookie_mode = 'basic'
2026-09-15 09:00:47,247 - yfinance - DEBUG -       Entering _get_cookie_and_crumb_basic()
2026-09-15 09:00:47,248 - yfinance - DEBUG -        Entering _get_cookie_basic()
2026-09-15 09:00:47,249 - yfinance - DEBUG - reusing cookie
2026-09-15 09:00:47,250 - yfinance - DEBUG -        Exiting _get_cookie_basic()
2026-09-15 09:00:47,252 - yfinance - DEBUG -        Entering _get_crumb_basic()
2026-09-15 09:00:47,252 - yfinance - DEBUG - reusing crumb
2026-09-15 09:00:47,254 - yfinance - DEBUG -        Exiting _get_crumb_basic()
2026-09-15 09:00:47,256 - yfinance - DEBUG -       Exiting _get_cookie_and_crumb_basic()
2026-09-15 09:00:47,258 - yfinance - DEBUG -      Exiting _get_cookie_and_crumb()
2026-09-15 09:00:47,418 - yfinance - DEBUG - response code=200
2026-09-15 09:00:47,419 - yfinance - DEBUG -     Exiting _make_request()
2026-09-15 09:00:47,420 - yfinance - DEBUG -    Exiting get()
2026-09-15 09:00:47,425 - yfinance - DEBUG - ES=F: yfinance received OHLC data: 2026-09-15 04:09:00 -> 2026-09-15 13:50:46
2026-09-15 09:00:47,438 - yfinance - DEBUG - ES=F: OHLC after cleaning: 2026-09-15 00:09:00-04:00 -> 2026-09-15 09:50:46-04:00
2026-09-15 09:00:47,441 - yfinance - DEBUG - ES=F: OHLC after combining events: 2026-09-15 00:09:00-04:00 -> 2026-09-15 09:50:46-04:00
2026-09-15 09:00:47,452 - yfinance - DEBUG - ES=F: yfinance returning OHLC: 2026-09-15 00:09:00-04:00 -> 2026-09-15 09:50:00-04:00
2026-09-15 09:00:47,453 - yfinance - DEBUG -   Exiting history()
2026-09-15 09:00:47,454 - yfinance - DEBUG -  Exiting history()
2026-09-15 09:00:47,458 - yfinance - DEBUG - Exiting download()
2026-09-15 09:00:47,459 - market_data - ERROR - Error getting price for ES=F: float() argument must be a string or a real number, not 'Series'
2026-09-15 09:00:47,460 - yfinance - DEBUG - Entering download()
2026-09-15 09:00:47,463 - yfinance - DEBUG - Disabling multithreading because DEBUG logging enabled
2026-09-15 09:00:47,463 - yfinance - DEBUG -  Entering history()
2026-09-15 09:00:47,464 - peewee - DEBUG - ('SELECT "t1"."key", "t1"."value" FROM "_tz_kv" AS "t1" WHERE ("t1"."key" = ?) LIMIT ? OFFSET ?', ['^GSPC', 1, 0])
2026-09-15 09:00:47,464 - yfinance - DEBUG -   Entering history()
2026-09-15 09:00:47,464 - yfinance - DEBUG - ^GSPC: Yahoo GET parameters: {'range': '1d', 'interval': '1m', 'includePrePost': False, 'events': 'div,splits,capitalGains'}
2026-09-15 09:00:47,464 - yfinance - DEBUG -    Entering get()
2026-09-15 09:00:47,465 - yfinance - DEBUG -     Entering _make_request()
2026-09-15 09:00:47,465 - yfinance - DEBUG - url=https://query2.finance.yahoo.com/v8/finance/chart/^GSPC
2026-09-15 09:00:47,465 - yfinance - DEBUG - params={'range': '1d', 'interval': '1m', 'includePrePost': False, 'events': 'div,splits,capitalGains'}
2026-09-15 09:00:47,466 - yfinance - DEBUG -      Entering _get_cookie_and_crumb()
2026-09-15 09:00:47,466 - yfinance - DEBUG - cookie_mode = 'basic'
2026-09-15 09:00:47,466 - yfinance - DEBUG -       Entering _get_cookie_and_crumb_basic()
2026-09-15 09:00:47,467 - yfinance - DEBUG -        Entering _get_cookie_basic()
2026-09-15 09:00:47,467 - yfinance - DEBUG - reusing cookie
2026-09-15 09:00:47,467 - yfinance - DEBUG -        Exiting _get_cookie_basic()
2026-09-15 09:00:47,468 - yfinance - DEBUG -        Entering _get_crumb_basic()
2026-09-15 09:00:47,468 - yfinance - DEBUG - reusing crumb
2026-09-15 09:00:47,468 - yfinance - DEBUG -        Exiting _get_crumb_basic()
2026-09-15 09:00:47,469 - yfinance - DEBUG -       Exiting _get_cookie_and_crumb_basic()
2026-09-15 09:00:47,469 - yfinance - DEBUG -      Exiting _get_cookie_and_crumb()
2026-09-15 09:00:47,583 - yfinance - DEBUG - response code=200
2026-09-15 09:00:47,583 - yfinance - DEBUG -     Exiting _make_request()
2026-09-15 09:00:47,587 - yfinance - DEBUG -    Exiting get()
2026-09-15 09:00:47,592 - yfinance - DEBUG - ^GSPC: yfinance received OHLC data: 2026-09-15 13:30:00 -> 2026-09-15 14:00:46
2026-09-15 09:00:47,616 - yfinance - DEBUG - ^GSPC: OHLC after cleaning: 2026-09-15 09:30:00-04:00 -> 2026-09-15 10:00:46-04:00
2026-09-15 09:00:47,620 - yfinance - DEBUG - ^GSPC: OHLC after combining events: 2026-09-15 09:30:00-04:00 -> 2026-09-15 10:00:46-04:00
2026-09-15 09:00:47,633 - yfinance - DEBUG - ^GSPC: yfinance returning OHLC: 2026-09-15 09:30:00-04:00 -> 2026-09-15 10:00:00-04:00
2026-09-15 09:00:47,634 - yfinance - DEBUG -   Exiting history()
2026-09-15 09:00:47,635 - yfinance - DEBUG -  Exiting history()
2026-09-15 09:00:47,639 - yfinance - DEBUG - Exiting download()
2026-09-15 09:00:47,641 - market_data - ERROR - Error getting price for ^GSPC: float() argument must be a string or a real number, not 'Series'
2026-09-15 09:00:47,641 - __main__ - WARNING - Failed to get price data
2026-09-15 09:00:53,475 - schedule - DEBUG - Running job Job(interval=15, unit=seconds, do=minute_check, args=(), kwargs={})
2026-09-15 09:00:53,511 - urllib3.connectionpool - DEBUG - Starting new HTTPS connection (1): paper-api.alpaca.markets:443
2026-09-15 09:00:53,610 - urllib3.connectionpool - DEBUG - https://paper-api.alpaca.markets:443 "GET /v2/account HTTP/1.1" 200 960
2026-09-15 09:00:53,612 - yfinance - DEBUG - Entering download()
2026-09-15 09:00:53,613 - yfinance - DEBUG - Disabling multithreading because DEBUG logging enabled
2026-09-15 09:00:53,613 - yfinance - DEBUG -  Entering history()
2026-09-15 09:00:53,613 - peewee - DEBUG - ('SELECT "t1"."key", "t1"."value" FROM "_tz_kv" AS "t1" WHERE ("t1"."key" = ?) LIMIT ? OFFSET ?', ['ES=F', 1, 0])
2026-09-15 09:00:53,614 - yfinance - DEBUG -   Entering history()
2026-09-15 09:00:53,614 - yfinance - DEBUG - ES=F: Yahoo GET parameters: {'range': '1d', 'interval': '1m', 'includePrePost': False, 'events': 'div,splits,capitalGains'}
2026-09-15 09:00:53,614 - yfinance - DEBUG -    Entering get()
2026-09-15 09:00:53,615 - yfinance - DEBUG -     Entering _make_request()
2026-09-15 09:00:53,615 - yfinance - DEBUG - url=https://query2.finance.yahoo.com/v8/finance/chart/ES=F
2026-09-15 09:00:53,615 - yfinance - DEBUG - params={'range': '1d', 'interval': '1m', 'includePrePost': False, 'events': 'div,splits,capitalGains'}
2026-09-15 09:00:53,616 - yfinance - DEBUG -      Entering _get_cookie_and_crumb()
2026-09-15 09:00:53,616 - yfinance - DEBUG - cookie_mode = 'basic'
2026-09-15 09:00:53,616 - yfinance - DEBUG -       Entering _get_cookie_and_crumb_basic()
2026-09-15 09:00:53,617 - yfinance - DEBUG -        Entering _get_cookie_basic()
2026-09-15 09:00:53,617 - yfinance - DEBUG - reusing cookie
2026-09-15 09:00:53,617 - yfinance - DEBUG -        Exiting _get_cookie_basic()
2026-09-15 09:00:53,618 - yfinance - DEBUG -        Entering _get_crumb_basic()
2026-09-15 09:00:53,618 - yfinance - DEBUG - reusing crumb
2026-09-15 09:00:53,618 - yfinance - DEBUG -        Exiting _get_crumb_basic()
2026-09-15 09:00:53,619 - yfinance - DEBUG -       Exiting _get_cookie_and_crumb_basic()
2026-09-15 09:00:53,619 - yfinance - DEBUG -      Exiting _get_cookie_and_crumb()
2026-09-15 09:00:53,876 - yfinance - DEBUG - response code=200
2026-09-15 09:00:53,877 - yfinance - DEBUG -     Exiting _make_request()
2026-09-15 09:00:53,881 - yfinance - DEBUG -    Exiting get()
2026-09-15 09:00:53,891 - yfinance - DEBUG - ES=F: yfinance received OHLC data: 2026-09-15 04:09:00 -> 2026-09-15 13:50:54
2026-09-15 09:00:53,918 - yfinance - DEBUG - ES=F: OHLC after cleaning: 2026-09-15 00:09:00-04:00 -> 2026-09-15 09:50:54-04:00
2026-09-15 09:00:53,922 - yfinance - DEBUG - ES=F: OHLC after combining events: 2026-09-15 00:09:00-04:00 -> 2026-09-15 09:50:54-04:00
2026-09-15 09:00:53,934 - yfinance - DEBUG - ES=F: yfinance returning OHLC: 2026-09-15 00:09:00-04:00 -> 2026-09-15 09:50:00-04:00
2026-09-15 09:00:53,935 - yfinance - DEBUG -   Exiting history()
2026-09-15 09:00:53,935 - yfinance - DEBUG -  Exiting history()
2026-09-15 09:00:53,939 - yfinance - DEBUG - Exiting download()
2026-09-15 09:00:53,941 - market_data - ERROR - Error getting price for ES=F: float() argument must be a string or a real number, not 'Series'
2026-09-15 09:00:53,942 - yfinance - DEBUG - Entering download()
2026-09-15 09:00:53,943 - yfinance - DEBUG - Disabling multithreading because DEBUG logging enabled
2026-09-15 09:00:53,943 - yfinance - DEBUG -  Entering history()
2026-09-15 09:00:53,943 - peewee - DEBUG - ('SELECT "t1"."key", "t1"."value" FROM "_tz_kv" AS "t1" WHERE ("t1"."key" = ?) LIMIT ? OFFSET ?', ['^GSPC', 1, 0])
2026-09-15 09:00:53,944 - yfinance - DEBUG -   Entering history()
2026-09-15 09:00:53,944 - yfinance - DEBUG - ^GSPC: Yahoo GET parameters: {'range': '1d', 'interval': '1m', 'includePrePost': False, 'events': 'div,splits,capitalGains'}
2026-09-15 09:00:53,944 - yfinance - DEBUG -    Entering get()
2026-09-15 09:00:53,945 - yfinance - DEBUG -     Entering _make_request()
2026-09-15 09:00:53,945 - yfinance - DEBUG - url=https://query2.finance.yahoo.com/v8/finance/chart/^GSPC
2026-09-15 09:00:53,946 - yfinance - DEBUG - params={'range': '1d', 'interval': '1m', 'includePrePost': False, 'events': 'div,splits,capitalGains'}
2026-09-15 09:00:53,947 - yfinance - DEBUG -      Entering _get_cookie_and_crumb()
2026-09-15 09:00:53,947 - yfinance - DEBUG - cookie_mode = 'basic'
2026-09-15 09:00:53,947 - yfinance - DEBUG -       Entering _get_cookie_and_crumb_basic()
2026-09-15 09:00:53,948 - yfinance - DEBUG -        Entering _get_cookie_basic()
2026-09-15 09:00:53,948 - yfinance - DEBUG - reusing cookie
2026-09-15 09:00:53,948 - yfinance - DEBUG -        Exiting _get_cookie_basic()
2026-09-15 09:00:53,949 - yfinance - DEBUG -        Entering _get_crumb_basic()
2026-09-15 09:00:53,949 - yfinance - DEBUG - reusing crumb
2026-09-15 09:00:53,949 - yfinance - DEBUG -        Exiting _get_crumb_basic()
2026-09-15 09:00:53,950 - yfinance - DEBUG -       Exiting _get_cookie_and_crumb_basic()
2026-09-15 09:00:53,950 - yfinance - DEBUG -      Exiting _get_cookie_and_crumb()
2026-09-15 09:00:54,182 - yfinance - DEBUG - response code=200
2026-09-15 09:00:54,197 - yfinance - DEBUG -     Exiting _make_request()
2026-09-15 09:00:54,200 - yfinance - DEBUG -    Exiting get()
2026-09-15 09:00:54,206 - yfinance - DEBUG - ^GSPC: yfinance received OHLC data: 2026-09-15 13:30:00 -> 2026-09-15 14:00:53
2026-09-15 09:00:54,221 - yfinance - DEBUG - ^GSPC: OHLC after cleaning: 2026-09-15 09:30:00-04:00 -> 2026-09-15 10:00:53-04:00
2026-09-15 09:00:54,224 - yfinance - DEBUG - ^GSPC: OHLC after combining events: 2026-09-15 09:30:00-04:00 -> 2026-09-15 10:00:53-04:00
2026-09-15 09:00:54,235 - yfinance - DEBUG - ^GSPC: yfinance returning OHLC: 2026-09-15 09:30:00-04:00 -> 2026-09-15 10:00:00-04:00
2026-09-15 09:00:54,235 - yfinance - DEBUG -   Exiting history()
2026-09-15 09:00:54,236 - yfinance - DEBUG -  Exiting history()
2026-09-15 09:00:54,238 - yfinance - DEBUG - Exiting download()
2026-09-15 09:00:54,239 - market_data - ERROR - Error getting price for ^GSPC: float() argument must be a string or a real number, not 'Series'
2026-09-15 09:00:54,239 - __main__ - WARNING - Failed to get price data
2026-09-15 09:01:02,647 - schedule - DEBUG - Running job Job(interval=15, unit=seconds, do=minute_check, args=(), kwargs={})
2026-09-15 09:01:02,652 - urllib3.connectionpool - DEBUG - Starting new HTTPS connection (1): paper-api.alpaca.markets:443
2026-09-15 09:01:02,773 - urllib3.connectionpool - DEBUG - https://paper-api.alpaca.markets:443 "GET /v2/account HTTP/1.1" 200 940
2026-09-15 09:01:02,776 - yfinance - DEBUG - Entering download()
2026-09-15 09:01:02,778 - yfinance - DEBUG - Disabling multithreading because DEBUG logging enabled
2026-09-15 09:01:02,778 - yfinance - DEBUG -  Entering history()
2026-09-15 09:01:02,779 - peewee - DEBUG - ('SELECT "t1"."key", "t1"."value" FROM "_tz_kv" AS "t1" WHERE ("t1"."key" = ?) LIMIT ? OFFSET ?', ['ES=F', 1, 0])
2026-09-15 09:01:02,780 - yfinance - DEBUG -   Entering history()
2026-09-15 09:01:02,781 - yfinance - DEBUG - ES=F: Yahoo GET parameters: {'range': '1d', 'interval': '1m', 'includePrePost': False, 'events': 'div,splits,capitalGains'}
2026-09-15 09:01:02,782 - yfinance - DEBUG -    Entering get()
2026-09-15 09:01:02,782 - yfinance - DEBUG -     Entering _make_request()
2026-09-15 09:01:02,783 - yfinance - DEBUG - url=https://query2.finance.yahoo.com/v8/finance/chart/ES=F
2026-09-15 09:01:02,786 - yfinance - DEBUG - params={'range': '1d', 'interval': '1m', 'includePrePost': False, 'events': 'div,splits,capitalGains'}
2026-09-15 09:01:02,787 - yfinance - DEBUG -      Entering _get_cookie_and_crumb()
2026-09-15 09:01:02,788 - yfinance - DEBUG - cookie_mode = 'basic'
2026-09-15 09:01:02,789 - yfinance - DEBUG -       Entering _get_cookie_and_crumb_basic()
2026-09-15 09:01:02,790 - yfinance - DEBUG -        Entering _get_cookie_basic()
2026-09-15 09:01:02,790 - yfinance - DEBUG - reusing cookie
2026-09-15 09:01:02,791 - yfinance - DEBUG -        Exiting _get_cookie_basic()
2026-09-15 09:01:02,792 - yfinance - DEBUG -        Entering _get_crumb_basic()
2026-09-15 09:01:02,793 - yfinance - DEBUG - reusing crumb
2026-09-15 09:01:02,794 - yfinance - DEBUG -        Exiting _get_crumb_basic()
2026-09-15 09:01:02,794 - yfinance - DEBUG -       Exiting _get_cookie_and_crumb_basic()
2026-09-15 09:01:02,795 - yfinance - DEBUG -      Exiting _get_cookie_and_crumb()
2026-09-15 09:01:02,960 - yfinance - DEBUG - response code=200
2026-09-15 09:01:02,961 - yfinance - DEBUG -     Exiting _make_request()
2026-09-15 09:01:02,973 - yfinance - DEBUG -    Exiting get()
2026-09-15 09:01:02,983 - yfinance - DEBUG - ES=F: yfinance received OHLC data: 2026-09-15 04:09:00 -> 2026-09-15 13:51:01
2026-09-15 09:01:03,003 - yfinance - DEBUG - ES=F: OHLC after cleaning: 2026-09-15 00:09:00-04:00 -> 2026-09-15 09:51:01-04:00
2026-09-15 09:01:03,006 - yfinance - DEBUG - ES=F: OHLC after combining events: 2026-09-15 00:09:00-04:00 -> 2026-09-15 09:51:01-04:00
2026-09-15 09:01:03,014 - yfinance - DEBUG - ES=F: yfinance returning OHLC: 2026-09-15 00:09:00-04:00 -> 2026-09-15 09:51:00-04:00
2026-09-15 09:01:03,015 - yfinance - DEBUG -   Exiting history()
2026-09-15 09:01:03,015 - yfinance - DEBUG -  Exiting history()
2026-09-15 09:01:03,019 - yfinance - DEBUG - Exiting download()
2026-09-15 09:01:03,019 - market_data - ERROR - Error getting price for ES=F: float() argument must be a string or a real number, not 'Series'
2026-09-15 09:01:03,020 - yfinance - DEBUG - Entering download()
2026-09-15 09:01:03,021 - yfinance - DEBUG - Disabling multithreading because DEBUG logging enabled
2026-09-15 09:01:03,022 - yfinance - DEBUG -  Entering history()
2026-09-15 09:01:03,024 - peewee - DEBUG - ('SELECT "t1"."key", "t1"."value" FROM "_tz_kv" AS "t1" WHERE ("t1"."key" = ?) LIMIT ? OFFSET ?', ['^GSPC', 1, 0])
2026-09-15 09:01:03,024 - yfinance - DEBUG -   Entering history()
2026-09-15 09:01:03,025 - yfinance - DEBUG - ^GSPC: Yahoo GET parameters: {'range': '1d', 'interval': '1m', 'includePrePost': False, 'events': 'div,splits,capitalGains'}
2026-09-15 09:01:03,026 - yfinance - DEBUG -    Entering get()
2026-09-15 09:01:03,026 - yfinance - DEBUG -     Entering _make_request()
2026-09-15 09:01:03,027 - yfinance - DEBUG - url=https://query2.finance.yahoo.com/v8/finance/chart/^GSPC
2026-09-15 09:01:03,027 - yfinance - DEBUG - params={'range': '1d', 'interval': '1m', 'includePrePost': False, 'events': 'div,splits,capitalGains'}
2026-09-15 09:01:03,028 - yfinance - DEBUG -      Entering _get_cookie_and_crumb()
2026-09-15 09:01:03,029 - yfinance - DEBUG - cookie_mode = 'basic'
2026-09-15 09:01:03,030 - yfinance - DEBUG -       Entering _get_cookie_and_crumb_basic()
2026-09-15 09:01:03,031 - yfinance - DEBUG -        Entering _get_cookie_basic()
2026-09-15 09:01:03,032 - yfinance - DEBUG - reusing cookie
2026-09-15 09:01:03,032 - yfinance - DEBUG -        Exiting _get_cookie_basic()
2026-09-15 09:01:03,033 - yfinance - DEBUG -        Entering _get_crumb_basic()
2026-09-15 09:01:03,033 - yfinance - DEBUG - reusing crumb
2026-09-15 09:01:03,034 - yfinance - DEBUG -        Exiting _get_crumb_basic()
2026-09-15 09:01:03,034 - yfinance - DEBUG -       Exiting _get_cookie_and_crumb_basic()
2026-09-15 09:01:03,034 - yfinance - DEBUG -      Exiting _get_cookie_and_crumb()
2026-09-15 09:01:03,253 - yfinance - DEBUG - response code=200
2026-09-15 09:01:03,253 - yfinance - DEBUG -     Exiting _make_request()
2026-09-15 09:01:03,257 - yfinance - DEBUG -    Exiting get()
2026-09-15 09:01:03,263 - yfinance - DEBUG - ^GSPC: yfinance received OHLC data: 2026-09-15 13:30:00 -> 2026-09-15 14:01:01
2026-09-15 09:01:03,294 - yfinance - DEBUG - ^GSPC: OHLC after cleaning: 2026-09-15 09:30:00-04:00 -> 2026-09-15 10:01:01-04:00
2026-09-15 09:01:03,302 - yfinance - DEBUG - ^GSPC: OHLC after combining events: 2026-09-15 09:30:00-04:00 -> 2026-09-15 10:01:01-04:00
2026-09-15 09:01:03,313 - yfinance - DEBUG - ^GSPC: yfinance returning OHLC: 2026-09-15 09:30:00-04:00 -> 2026-09-15 10:01:00-04:00
2026-09-15 09:01:03,314 - yfinance - DEBUG -   Exiting history()
2026-09-15 09:01:03,314 - yfinance - DEBUG -  Exiting history()
2026-09-15 09:01:03,317 - yfinance - DEBUG - Exiting download()
2026-09-15 09:01:03,317 - market_data - ERROR - Error getting price for ^GSPC: float() argument must be a string or a real number, not 'Series'
2026-09-15 09:01:03,318 - __main__ - WARNING - Failed to get price data
2026-09-15 09:01:09,246 - schedule - DEBUG - Running job Job(interval=15, unit=seconds, do=minute_check, args=(), kwargs={})
2026-09-15 09:01:09,247 - urllib3.connectionpool - DEBUG - Starting new HTTPS connection (1): paper-api.alpaca.markets:443
2026-09-15 09:01:09,348 - urllib3.connectionpool - DEBUG - https://paper-api.alpaca.markets:443 "GET /v2/account HTTP/1.1" 200 960
2026-09-15 09:01:09,350 - yfinance - DEBUG - Entering download()
2026-09-15 09:01:09,352 - yfinance - DEBUG - Disabling multithreading because DEBUG logging enabled
2026-09-15 09:01:09,352 - yfinance - DEBUG -  Entering history()
2026-09-15 09:01:09,353 - peewee - DEBUG - ('SELECT "t1"."key", "t1"."value" FROM "_tz_kv" AS "t1" WHERE ("t1"."key" = ?) LIMIT ? OFFSET ?', ['ES=F', 1, 0])
2026-09-15 09:01:09,354 - yfinance - DEBUG -   Entering history()
2026-09-15 09:01:09,355 - yfinance - DEBUG - ES=F: Yahoo GET parameters: {'range': '1d', 'interval': '1m', 'includePrePost': False, 'events': 'div,splits,capitalGains'}
2026-09-15 09:01:09,356 - yfinance - DEBUG -    Entering get()
2026-09-15 09:01:09,356 - yfinance - DEBUG -     Entering _make_request()
2026-09-15 09:01:09,357 - yfinance - DEBUG - url=https://query2.finance.yahoo.com/v8/finance/chart/ES=F
2026-09-15 09:01:09,358 - yfinance - DEBUG - params={'range': '1d', 'interval': '1m', 'includePrePost': False, 'events': 'div,splits,capitalGains'}
2026-09-15 09:01:09,359 - yfinance - DEBUG -      Entering _get_cookie_and_crumb()
2026-09-15 09:01:09,359 - yfinance - DEBUG - cookie_mode = 'basic'
2026-09-15 09:01:09,360 - yfinance - DEBUG -       Entering _get_cookie_and_crumb_basic()
2026-09-15 09:01:09,361 - yfinance - DEBUG -        Entering _get_cookie_basic()
2026-09-15 09:01:09,362 - yfinance - DEBUG - reusing cookie
2026-09-15 09:01:09,362 - yfinance - DEBUG -        Exiting _get_cookie_basic()
2026-09-15 09:01:09,364 - yfinance - DEBUG -        Entering _get_crumb_basic()
2026-09-15 09:01:09,364 - yfinance - DEBUG - reusing crumb
2026-09-15 09:01:09,365 - yfinance - DEBUG -        Exiting _get_crumb_basic()
2026-09-15 09:01:09,365 - yfinance - DEBUG -       Exiting _get_cookie_and_crumb_basic()
2026-09-15 09:01:09,368 - yfinance - DEBUG -      Exiting _get_cookie_and_crumb()
2026-09-15 09:01:09,592 - yfinance - DEBUG - response code=200
2026-09-15 09:01:09,593 - yfinance - DEBUG -     Exiting _make_request()
2026-09-15 09:01:09,597 - yfinance - DEBUG -    Exiting get()
2026-09-15 09:01:09,608 - yfinance - DEBUG - ES=F: yfinance received OHLC data: 2026-09-15 04:09:00 -> 2026-09-15 13:51:09
2026-09-15 09:01:09,635 - yfinance - DEBUG - ES=F: OHLC after cleaning: 2026-09-15 00:09:00-04:00 -> 2026-09-15 09:51:09-04:00
2026-09-15 09:01:09,639 - yfinance - DEBUG - ES=F: OHLC after combining events: 2026-09-15 00:09:00-04:00 -> 2026-09-15 09:51:09-04:00
2026-09-15 09:01:09,651 - yfinance - DEBUG - ES=F: yfinance returning OHLC: 2026-09-15 00:09:00-04:00 -> 2026-09-15 09:51:00-04:00
2026-09-15 09:01:09,652 - yfinance - DEBUG -   Exiting history()
2026-09-15 09:01:09,652 - yfinance - DEBUG -  Exiting history()
2026-09-15 09:01:09,658 - yfinance - DEBUG - Exiting download()
2026-09-15 09:01:09,659 - market_data - ERROR - Error getting price for ES=F: float() argument must be a string or a real number, not 'Series'
2026-09-15 09:01:09,659 - yfinance - DEBUG - Entering download()
2026-09-15 09:01:09,661 - yfinance - DEBUG - Disabling multithreading because DEBUG logging enabled
2026-09-15 09:01:09,662 - yfinance - DEBUG -  Entering history()
2026-09-15 09:01:09,662 - peewee - DEBUG - ('SELECT "t1"."key", "t1"."value" FROM "_tz_kv" AS "t1" WHERE ("t1"."key" = ?) LIMIT ? OFFSET ?', ['^GSPC', 1, 0])
2026-09-15 09:01:09,663 - yfinance - DEBUG -   Entering history()
2026-09-15 09:01:09,663 - yfinance - DEBUG - ^GSPC: Yahoo GET parameters: {'range': '1d', 'interval': '1m', 'includePrePost': False, 'events': 'div,splits,capitalGains'}
2026-09-15 09:01:09,664 - yfinance - DEBUG -    Entering get()
2026-09-15 09:01:09,665 - yfinance - DEBUG -     Entering _make_request()
2026-09-15 09:01:09,665 - yfinance - DEBUG - url=https://query2.finance.yahoo.com/v8/finance/chart/^GSPC
2026-09-15 09:01:09,665 - yfinance - DEBUG - params={'range': '1d', 'interval': '1m', 'includePrePost': False, 'events': 'div,splits,capitalGains'}
2026-09-15 09:01:09,666 - yfinance - DEBUG -      Entering _get_cookie_and_crumb()
2026-09-15 09:01:09,666 - yfinance - DEBUG - cookie_mode = 'basic'
2026-09-15 09:01:09,669 - yfinance - DEBUG -       Entering _get_cookie_and_crumb_basic()
2026-09-15 09:01:09,670 - yfinance - DEBUG -        Entering _get_cookie_basic()
2026-09-15 09:01:09,670 - yfinance - DEBUG - reusing cookie
2026-09-15 09:01:09,671 - yfinance - DEBUG -        Exiting _get_cookie_basic()
2026-09-15 09:01:09,671 - yfinance - DEBUG -        Entering _get_crumb_basic()
2026-09-15 09:01:09,672 - yfinance - DEBUG - reusing crumb
2026-09-15 09:01:09,672 - yfinance - DEBUG -        Exiting _get_crumb_basic()
2026-09-15 09:01:09,673 - yfinance - DEBUG -       Exiting _get_cookie_and_crumb_basic()
2026-09-15 09:01:09,673 - yfinance - DEBUG -      Exiting _get_cookie_and_crumb()
2026-09-15 09:01:09,928 - yfinance - DEBUG - response code=200
2026-09-15 09:01:09,928 - yfinance - DEBUG -     Exiting _make_request()
2026-09-15 09:01:09,930 - yfinance - DEBUG -    Exiting get()
2026-09-15 09:01:09,932 - yfinance - DEBUG - ^GSPC: yfinance received OHLC data: 2026-09-15 13:30:00 -> 2026-09-15 14:01:09
2026-09-15 09:01:09,938 - yfinance - DEBUG - ^GSPC: OHLC after cleaning: 2026-09-15 09:30:00-04:00 -> 2026-09-15 10:01:09-04:00
2026-09-15 09:01:09,940 - yfinance - DEBUG - ^GSPC: OHLC after combining events: 2026-09-15 09:30:00-04:00 -> 2026-09-15 10:01:09-04:00
2026-09-15 09:01:09,949 - yfinance - DEBUG - ^GSPC: yfinance returning OHLC: 2026-09-15 09:30:00-04:00 -> 2026-09-15 10:01:00-04:00
2026-09-15 09:01:09,950 - yfinance - DEBUG -   Exiting history()
2026-09-15 09:01:09,951 - yfinance - DEBUG -  Exiting history()
2026-09-15 09:01:09,953 - yfinance - DEBUG - Exiting download()
2026-09-15 09:01:09,954 - market_data - ERROR - Error getting price for ^GSPC: float() argument must be a string or a real number, not 'Series'
2026-09-15 09:01:09,954 - __main__ - WARNING - Failed to get price data
2026-09-15 09:01:18,323 - schedule - DEBUG - Running job Job(interval=15, unit=seconds, do=minute_check, args=(), kwargs={})
2026-09-15 09:01:18,328 - urllib3.connectionpool - DEBUG - Starting new HTTPS connection (1): paper-api.alpaca.markets:443
2026-09-15 09:01:18,460 - urllib3.connectionpool - DEBUG - https://paper-api.alpaca.markets:443 "GET /v2/account HTTP/1.1" 200 940
2026-09-15 09:01:18,462 - yfinance - DEBUG - Entering download()
2026-09-15 09:01:18,464 - yfinance - DEBUG - Disabling multithreading because DEBUG logging enabled
2026-09-15 09:01:18,464 - yfinance - DEBUG -  Entering history()
2026-09-15 09:01:18,465 - peewee - DEBUG - ('SELECT "t1"."key", "t1"."value" FROM "_tz_kv" AS "t1" WHERE ("t1"."key" = ?) LIMIT ? OFFSET ?', ['ES=F', 1, 0])
2026-09-15 09:01:18,466 - yfinance - DEBUG -   Entering history()
2026-09-15 09:01:18,467 - yfinance - DEBUG - ES=F: Yahoo GET parameters: {'range': '1d', 'interval': '1m', 'includePrePost': False, 'events': 'div,splits,capitalGains'}
2026-09-15 09:01:18,468 - yfinance - DEBUG -    Entering get()
2026-09-15 09:01:18,468 - yfinance - DEBUG -     Entering _make_request()
2026-09-15 09:01:18,469 - yfinance - DEBUG - url=https://query2.finance.yahoo.com/v8/finance/chart/ES=F
2026-09-15 09:01:18,470 - yfinance - DEBUG - params={'range': '1d', 'interval': '1m', 'includePrePost': False, 'events': 'div,splits,capitalGains'}
2026-09-15 09:01:18,471 - yfinance - DEBUG -      Entering _get_cookie_and_crumb()
2026-09-15 09:01:18,471 - yfinance - DEBUG - cookie_mode = 'basic'
2026-09-15 09:01:18,472 - yfinance - DEBUG -       Entering _get_cookie_and_crumb_basic()
2026-09-15 09:01:18,473 - yfinance - DEBUG -        Entering _get_cookie_basic()
2026-09-15 09:01:18,474 - yfinance - DEBUG - reusing cookie
2026-09-15 09:01:18,475 - yfinance - DEBUG -        Exiting _get_cookie_basic()
2026-09-15 09:01:18,475 - yfinance - DEBUG -        Entering _get_crumb_basic()
2026-09-15 09:01:18,476 - yfinance - DEBUG - reusing crumb
2026-09-15 09:01:18,479 - yfinance - DEBUG -        Exiting _get_crumb_basic()
2026-09-15 09:01:18,481 - yfinance - DEBUG -       Exiting _get_cookie_and_crumb_basic()
2026-09-15 09:01:18,482 - yfinance - DEBUG -      Exiting _get_cookie_and_crumb()
2026-09-15 09:01:18,692 - yfinance - DEBUG - response code=200
2026-09-15 09:01:18,693 - yfinance - DEBUG -     Exiting _make_request()
2026-09-15 09:01:18,696 - yfinance - DEBUG -    Exiting get()
2026-09-15 09:01:18,713 - yfinance - DEBUG - ES=F: yfinance received OHLC data: 2026-09-15 04:09:00 -> 2026-09-15 13:51:17
2026-09-15 09:01:18,736 - yfinance - DEBUG - ES=F: OHLC after cleaning: 2026-09-15 00:09:00-04:00 -> 2026-09-15 09:51:17-04:00
2026-09-15 09:01:18,741 - yfinance - DEBUG - ES=F: OHLC after combining events: 2026-09-15 00:09:00-04:00 -> 2026-09-15 09:51:17-04:00
2026-09-15 09:01:18,755 - yfinance - DEBUG - ES=F: yfinance returning OHLC: 2026-09-15 00:09:00-04:00 -> 2026-09-15 09:51:00-04:00
2026-09-15 09:01:18,755 - yfinance - DEBUG -   Exiting history()
2026-09-15 09:01:18,755 - yfinance - DEBUG -  Exiting history()
2026-09-15 09:01:18,758 - yfinance - DEBUG - Exiting download()
2026-09-15 09:01:18,759 - market_data - ERROR - Error getting price for ES=F: float() argument must be a string or a real number, not 'Series'
2026-09-15 09:01:18,759 - yfinance - DEBUG - Entering download()
2026-09-15 09:01:18,760 - yfinance - DEBUG - Disabling multithreading because DEBUG logging enabled
2026-09-15 09:01:18,761 - yfinance - DEBUG -  Entering history()
2026-09-15 09:01:18,762 - peewee - DEBUG - ('SELECT "t1"."key", "t1"."value" FROM "_tz_kv" AS "t1" WHERE ("t1"."key" = ?) LIMIT ? OFFSET ?', ['^GSPC', 1, 0])
2026-09-15 09:01:18,763 - yfinance - DEBUG -   Entering history()
2026-09-15 09:01:18,763 - yfinance - DEBUG - ^GSPC: Yahoo GET parameters: {'range': '1d', 'interval': '1m', 'includePrePost': False, 'events': 'div,splits,capitalGains'}
2026-09-15 09:01:18,763 - yfinance - DEBUG -    Entering get()
2026-09-15 09:01:18,764 - yfinance - DEBUG -     Entering _make_request()
2026-09-15 09:01:18,764 - yfinance - DEBUG - url=https://query2.finance.yahoo.com/v8/finance/chart/^GSPC
2026-09-15 09:01:18,765 - yfinance - DEBUG - params={'range': '1d', 'interval': '1m', 'includePrePost': False, 'events': 'div,splits,capitalGains'}
2026-09-15 09:01:18,765 - yfinance - DEBUG -      Entering _get_cookie_and_crumb()
2026-09-15 09:01:18,766 - yfinance - DEBUG - cookie_mode = 'basic'
2026-09-15 09:01:18,766 - yfinance - DEBUG -       Entering _get_cookie_and_crumb_basic()
2026-09-15 09:01:18,767 - yfinance - DEBUG -        Entering _get_cookie_basic()
2026-09-15 09:01:18,767 - yfinance - DEBUG - reusing cookie
2026-09-15 09:01:18,768 - yfinance - DEBUG -        Exiting _get_cookie_basic()
2026-09-15 09:01:18,768 - yfinance - DEBUG -        Entering _get_crumb_basic()
2026-09-15 09:01:18,769 - yfinance - DEBUG - reusing crumb
2026-09-15 09:01:18,770 - yfinance - DEBUG -        Exiting _get_crumb_basic()
2026-09-15 09:01:18,770 - yfinance - DEBUG -       Exiting _get_cookie_and_crumb_basic()
2026-09-15 09:01:18,771 - yfinance - DEBUG -      Exiting _get_cookie_and_crumb()
2026-09-15 09:01:18,990 - yfinance - DEBUG - response code=200
2026-09-15 09:01:18,990 - yfinance - DEBUG -     Exiting _make_request()
2026-09-15 09:01:18,992 - yfinance - DEBUG -    Exiting get()
2026-09-15 09:01:18,995 - yfinance - DEBUG - ^GSPC: yfinance received OHLC data: 2026-09-15 13:30:00 -> 2026-09-15 14:01:18
2026-09-15 09:01:19,007 - yfinance - DEBUG - ^GSPC: OHLC after cleaning: 2026-09-15 09:30:00-04:00 -> 2026-09-15 10:01:18-04:00
2026-09-15 09:01:19,010 - yfinance - DEBUG - ^GSPC: OHLC after combining events: 2026-09-15 09:30:00-04:00 -> 2026-09-15 10:01:18-04:00
2026-09-15 09:01:19,022 - yfinance - DEBUG - ^GSPC: yfinance returning OHLC: 2026-09-15 09:30:00-04:00 -> 2026-09-15 10:01:00-04:00
2026-09-15 09:01:19,022 - yfinance - DEBUG -   Exiting history()
2026-09-15 09:01:19,022 - yfinance - DEBUG -  Exiting history()
2026-09-15 09:01:19,026 - yfinance - DEBUG - Exiting download()
2026-09-15 09:01:19,026 - market_data - ERROR - Error getting price for ^GSPC: float() argument must be a string or a real number, not 'Series'
2026-09-15 09:01:19,026 - __main__ - WARNING - Failed to get price data
2026-09-15 09:01:24,960 - schedule - DEBUG - Running job Job(interval=15, unit=seconds, do=minute_check, args=(), kwargs={})
2026-09-15 09:01:24,965 - urllib3.connectionpool - DEBUG - Starting new HTTPS connection (1): paper-api.alpaca.markets:443
2026-09-15 09:01:25,075 - urllib3.connectionpool - DEBUG - https://paper-api.alpaca.markets:443 "GET /v2/account HTTP/1.1" 200 960
2026-09-15 09:01:25,078 - yfinance - DEBUG - Entering download()
2026-09-15 09:01:25,080 - yfinance - DEBUG - Disabling multithreading because DEBUG logging enabled
2026-09-15 09:01:25,081 - yfinance - DEBUG -  Entering history()
2026-09-15 09:01:25,082 - peewee - DEBUG - ('SELECT "t1"."key", "t1"."value" FROM "_tz_kv" AS "t1" WHERE ("t1"."key" = ?) LIMIT ? OFFSET ?', ['ES=F', 1, 0])
2026-09-15 09:01:25,083 - yfinance - DEBUG -   Entering history()
2026-09-15 09:01:25,084 - yfinance - DEBUG - ES=F: Yahoo GET parameters: {'range': '1d', 'interval': '1m', 'includePrePost': False, 'events': 'div,splits,capitalGains'}
2026-09-15 09:01:25,085 - yfinance - DEBUG -    Entering get()
2026-09-15 09:01:25,086 - yfinance - DEBUG -     Entering _make_request()
2026-09-15 09:01:25,086 - yfinance - DEBUG - url=https://query2.finance.yahoo.com/v8/finance/chart/ES=F
2026-09-15 09:01:25,088 - yfinance - DEBUG - params={'range': '1d', 'interval': '1m', 'includePrePost': False, 'events': 'div,splits,capitalGains'}
2026-09-15 09:01:25,089 - yfinance - DEBUG -      Entering _get_cookie_and_crumb()
2026-09-15 09:01:25,090 - yfinance - DEBUG - cookie_mode = 'basic'
2026-09-15 09:01:25,090 - yfinance - DEBUG -       Entering _get_cookie_and_crumb_basic()
2026-09-15 09:01:25,091 - yfinance - DEBUG -        Entering _get_cookie_basic()
2026-09-15 09:01:25,094 - yfinance - DEBUG - reusing cookie
2026-09-15 09:01:25,095 - yfinance - DEBUG -        Exiting _get_cookie_basic()
2026-09-15 09:01:25,096 - yfinance - DEBUG -        Entering _get_crumb_basic()
2026-09-15 09:01:25,098 - yfinance - DEBUG - reusing crumb
2026-09-15 09:01:25,099 - yfinance - DEBUG -        Exiting _get_crumb_basic()
2026-09-15 09:01:25,100 - yfinance - DEBUG -       Exiting _get_cookie_and_crumb_basic()
2026-09-15 09:01:25,101 - yfinance - DEBUG -      Exiting _get_cookie_and_crumb()
2026-09-15 09:01:25,237 - yfinance - DEBUG - response code=200
2026-09-15 09:01:25,237 - yfinance - DEBUG -     Exiting _make_request()
2026-09-15 09:01:25,241 - yfinance - DEBUG -    Exiting get()
2026-09-15 09:01:25,248 - yfinance - DEBUG - ES=F: yfinance received OHLC data: 2026-09-15 04:09:00 -> 2026-09-15 13:51:23
2026-09-15 09:01:25,265 - yfinance - DEBUG - ES=F: OHLC after cleaning: 2026-09-15 00:09:00-04:00 -> 2026-09-15 09:51:23-04:00
2026-09-15 09:01:25,268 - yfinance - DEBUG - ES=F: OHLC after combining events: 2026-09-15 00:09:00-04:00 -> 2026-09-15 09:51:23-04:00
2026-09-15 09:01:25,278 - yfinance - DEBUG - ES=F: yfinance returning OHLC: 2026-09-15 00:09:00-04:00 -> 2026-09-15 09:51:00-04:00
2026-09-15 09:01:25,279 - yfinance - DEBUG -   Exiting history()
2026-09-15 09:01:25,279 - yfinance - DEBUG -  Exiting history()
2026-09-15 09:01:25,283 - yfinance - DEBUG - Exiting download()
2026-09-15 09:01:25,284 - market_data - ERROR - Error getting price for ES=F: float() argument must be a string or a real number, not 'Series'
2026-09-15 09:01:25,285 - yfinance - DEBUG - Entering download()
2026-09-15 09:01:25,286 - yfinance - DEBUG - Disabling multithreading because DEBUG logging enabled
2026-09-15 09:01:25,287 - yfinance - DEBUG -  Entering history()
2026-09-15 09:01:25,287 - peewee - DEBUG - ('SELECT "t1"."key", "t1"."value" FROM "_tz_kv" AS "t1" WHERE ("t1"."key" = ?) LIMIT ? OFFSET ?', ['^GSPC', 1, 0])
2026-09-15 09:01:25,288 - yfinance - DEBUG -   Entering history()
2026-09-15 09:01:25,288 - yfinance - DEBUG - ^GSPC: Yahoo GET parameters: {'range': '1d', 'interval': '1m', 'includePrePost': False, 'events': 'div,splits,capitalGains'}
2026-09-15 09:01:25,289 - yfinance - DEBUG -    Entering get()
2026-09-15 09:01:25,290 - yfinance - DEBUG -     Entering _make_request()
2026-09-15 09:01:25,290 - yfinance - DEBUG - url=https://query2.finance.yahoo.com/v8/finance/chart/^GSPC
2026-09-15 09:01:25,291 - yfinance - DEBUG - params={'range': '1d', 'interval': '1m', 'includePrePost': False, 'events': 'div,splits,capitalGains'}
2026-09-15 09:01:25,292 - yfinance - DEBUG -      Entering _get_cookie_and_crumb()
2026-09-15 09:01:25,292 - yfinance - DEBUG - cookie_mode = 'basic'
2026-09-15 09:01:25,292 - yfinance - DEBUG -       Entering _get_cookie_and_crumb_basic()
2026-09-15 09:01:25,293 - yfinance - DEBUG -        Entering _get_cookie_basic()
2026-09-15 09:01:25,293 - yfinance - DEBUG - reusing cookie
2026-09-15 09:01:25,293 - yfinance - DEBUG -        Exiting _get_cookie_basic()
2026-09-15 09:01:25,294 - yfinance - DEBUG -        Entering _get_crumb_basic()
2026-09-15 09:01:25,294 - yfinance - DEBUG - reusing crumb
2026-09-15 09:01:25,294 - yfinance - DEBUG -        Exiting _get_crumb_basic()
2026-09-15 09:01:25,295 - yfinance - DEBUG -       Exiting _get_cookie_and_crumb_basic()
2026-09-15 09:01:25,296 - yfinance - DEBUG -      Exiting _get_cookie_and_crumb()
2026-09-15 09:01:25,574 - yfinance - DEBUG - response code=200
2026-09-15 09:01:25,575 - yfinance - DEBUG -     Exiting _make_request()
2026-09-15 09:01:25,578 - yfinance - DEBUG -    Exiting get()
2026-09-15 09:01:25,585 - yfinance - DEBUG - ^GSPC: yfinance received OHLC data: 2026-09-15 13:30:00 -> 2026-09-15 14:01:24
2026-09-15 09:01:25,618 - yfinance - DEBUG - ^GSPC: OHLC after cleaning: 2026-09-15 09:30:00-04:00 -> 2026-09-15 10:01:24-04:00
2026-09-15 09:01:25,624 - yfinance - DEBUG - ^GSPC: OHLC after combining events: 2026-09-15 09:30:00-04:00 -> 2026-09-15 10:01:24-04:00
2026-09-15 09:01:25,636 - yfinance - DEBUG - ^GSPC: yfinance returning OHLC: 2026-09-15 09:30:00-04:00 -> 2026-09-15 10:01:00-04:00
2026-09-15 09:01:25,637 - yfinance - DEBUG -   Exiting history()
2026-09-15 09:01:25,638 - yfinance - DEBUG -  Exiting history()
2026-09-15 09:01:25,642 - yfinance - DEBUG - Exiting download()
2026-09-15 09:01:25,643 - market_data - ERROR - Error getting price for ^GSPC: float() argument must be a string or a real number, not 'Series'
2026-09-15 09:01:25,644 - __main__ - WARNING - Failed to get price data
2026-09-15 09:01:34,032 - schedule - DEBUG - Running job Job(interval=15, unit=seconds, do=minute_check, args=(), kwargs={})
2026-09-15 09:01:34,037 - urllib3.connectionpool - DEBUG - Starting new HTTPS connection (1): paper-api.alpaca.markets:443
2026-09-15 09:01:34,163 - urllib3.connectionpool - DEBUG - https://paper-api.alpaca.markets:443 "GET /v2/account HTTP/1.1" 200 940
2026-09-15 09:01:34,167 - yfinance - DEBUG - Entering download()
2026-09-15 09:01:34,171 - yfinance - DEBUG - Disabling multithreading because DEBUG logging enabled
2026-09-15 09:01:34,172 - yfinance - DEBUG -  Entering history()
2026-09-15 09:01:34,175 - peewee - DEBUG - ('SELECT "t1"."key", "t1"."value" FROM "_tz_kv" AS "t1" WHERE ("t1"."key" = ?) LIMIT ? OFFSET ?', ['ES=F', 1, 0])
2026-09-15 09:01:34,177 - yfinance - DEBUG -   Entering history()
2026-09-15 09:01:34,178 - yfinance - DEBUG - ES=F: Yahoo GET parameters: {'range': '1d', 'interval': '1m', 'includePrePost': False, 'events': 'div,splits,capitalGains'}
2026-09-15 09:01:34,180 - yfinance - DEBUG -    Entering get()
2026-09-15 09:01:34,181 - yfinance - DEBUG -     Entering _make_request()
2026-09-15 09:01:34,183 - yfinance - DEBUG - url=https://query2.finance.yahoo.com/v8/finance/chart/ES=F
2026-09-15 09:01:34,184 - yfinance - DEBUG - params={'range': '1d', 'interval': '1m', 'includePrePost': False, 'events': 'div,splits,capitalGains'}
2026-09-15 09:01:34,187 - yfinance - DEBUG -      Entering _get_cookie_and_crumb()
2026-09-15 09:01:34,189 - yfinance - DEBUG - cookie_mode = 'basic'
2026-09-15 09:01:34,193 - yfinance - DEBUG -       Entering _get_cookie_and_crumb_basic()
2026-09-15 09:01:34,196 - yfinance - DEBUG -        Entering _get_cookie_basic()
2026-09-15 09:01:34,198 - yfinance - DEBUG - reusing cookie
2026-09-15 09:01:34,199 - yfinance - DEBUG -        Exiting _get_cookie_basic()
2026-09-15 09:01:34,201 - yfinance - DEBUG -        Entering _get_crumb_basic()
2026-09-15 09:01:34,203 - yfinance - DEBUG - reusing crumb
2026-09-15 09:01:34,204 - yfinance - DEBUG -        Exiting _get_crumb_basic()
2026-09-15 09:01:34,208 - yfinance - DEBUG -       Exiting _get_cookie_and_crumb_basic()
2026-09-15 09:01:34,210 - yfinance - DEBUG -      Exiting _get_cookie_and_crumb()
2026-09-15 09:01:34,333 - yfinance - DEBUG - response code=200
2026-09-15 09:01:34,333 - yfinance - DEBUG -     Exiting _make_request()
2026-09-15 09:01:34,335 - yfinance - DEBUG -    Exiting get()
2026-09-15 09:01:34,342 - yfinance - DEBUG - ES=F: yfinance received OHLC data: 2026-09-15 04:09:00 -> 2026-09-15 13:51:33
2026-09-15 09:01:34,363 - yfinance - DEBUG - ES=F: OHLC after cleaning: 2026-09-15 00:09:00-04:00 -> 2026-09-15 09:51:33-04:00
2026-09-15 09:01:34,371 - yfinance - DEBUG - ES=F: OHLC after combining events: 2026-09-15 00:09:00-04:00 -> 2026-09-15 09:51:33-04:00
2026-09-15 09:01:34,387 - yfinance - DEBUG - ES=F: yfinance returning OHLC: 2026-09-15 00:09:00-04:00 -> 2026-09-15 09:51:00-04:00
2026-09-15 09:01:34,388 - yfinance - DEBUG -   Exiting history()
2026-09-15 09:01:34,388 - yfinance - DEBUG -  Exiting history()
2026-09-15 09:01:34,392 - yfinance - DEBUG - Exiting download()
2026-09-15 09:01:34,393 - market_data - ERROR - Error getting price for ES=F: float() argument must be a string or a real number, not 'Series'
2026-09-15 09:01:34,393 - yfinance - DEBUG - Entering download()
2026-09-15 09:01:34,395 - yfinance - DEBUG - Disabling multithreading because DEBUG logging enabled
2026-09-15 09:01:34,396 - yfinance - DEBUG -  Entering history()
2026-09-15 09:01:34,398 - peewee - DEBUG - ('SELECT "t1"."key", "t1"."value" FROM "_tz_kv" AS "t1" WHERE ("t1"."key" = ?) LIMIT ? OFFSET ?', ['^GSPC', 1, 0])
2026-09-15 09:01:34,399 - yfinance - DEBUG -   Entering history()
2026-09-15 09:01:34,399 - yfinance - DEBUG - ^GSPC: Yahoo GET parameters: {'range': '1d', 'interval': '1m', 'includePrePost': False, 'events': 'div,splits,capitalGains'}
2026-09-15 09:01:34,400 - yfinance - DEBUG -    Entering get()
2026-09-15 09:01:34,400 - yfinance - DEBUG -     Entering _make_request()
2026-09-15 09:01:34,401 - yfinance - DEBUG - url=https://query2.finance.yahoo.com/v8/finance/chart/^GSPC
2026-09-15 09:01:34,401 - yfinance - DEBUG - params={'range': '1d', 'interval': '1m', 'includePrePost': False, 'events': 'div,splits,capitalGains'}
2026-09-15 09:01:34,402 - yfinance - DEBUG -      Entering _get_cookie_and_crumb()
2026-09-15 09:01:34,403 - yfinance - DEBUG - cookie_mode = 'basic'
2026-09-15 09:01:34,403 - yfinance - DEBUG -       Entering _get_cookie_and_crumb_basic()
2026-09-15 09:01:34,404 - yfinance - DEBUG -        Entering _get_cookie_basic()
2026-09-15 09:01:34,405 - yfinance - DEBUG - reusing cookie
2026-09-15 09:01:34,405 - yfinance - DEBUG -        Exiting _get_cookie_basic()
2026-09-15 09:01:34,406 - yfinance - DEBUG -        Entering _get_crumb_basic()
2026-09-15 09:01:34,406 - yfinance - DEBUG - reusing crumb
2026-09-15 09:01:34,407 - yfinance - DEBUG -        Exiting _get_crumb_basic()
2026-09-15 09:01:34,408 - yfinance - DEBUG -       Exiting _get_cookie_and_crumb_basic()
2026-09-15 09:01:34,408 - yfinance - DEBUG -      Exiting _get_cookie_and_crumb()
2026-09-15 09:01:34,619 - yfinance - DEBUG - response code=200
2026-09-15 09:01:34,620 - yfinance - DEBUG -     Exiting _make_request()
2026-09-15 09:01:34,623 - yfinance - DEBUG -    Exiting get()
2026-09-15 09:01:34,630 - yfinance - DEBUG - ^GSPC: yfinance received OHLC data: 2026-09-15 13:30:00 -> 2026-09-15 14:01:33
2026-09-15 09:01:34,656 - yfinance - DEBUG - ^GSPC: OHLC after cleaning: 2026-09-15 09:30:00-04:00 -> 2026-09-15 10:01:33-04:00
2026-09-15 09:01:34,660 - yfinance - DEBUG - ^GSPC: OHLC after combining events: 2026-09-15 09:30:00-04:00 -> 2026-09-15 10:01:33-04:00
2026-09-15 09:01:34,674 - yfinance - DEBUG - ^GSPC: yfinance returning OHLC: 2026-09-15 09:30:00-04:00 -> 2026-09-15 10:01:00-04:00
2026-09-15 09:01:34,675 - yfinance - DEBUG -   Exiting history()
2026-09-15 09:01:34,676 - yfinance - DEBUG -  Exiting history()
2026-09-15 09:01:34,681 - yfinance - DEBUG - Exiting download()
2026-09-15 09:01:34,682 - market_data - ERROR - Error getting price for ^GSPC: float() argument must be a string or a real number, not 'Series'
2026-09-15 09:01:34,682 - __main__ - WARNING - Failed to get price data
2026-09-15 09:01:40,650 - schedule - DEBUG - Running job Job(interval=15, unit=seconds, do=minute_check, args=(), kwargs={})
2026-09-15 09:01:40,655 - urllib3.connectionpool - DEBUG - Starting new HTTPS connection (1): paper-api.alpaca.markets:443
2026-09-15 09:01:40,778 - urllib3.connectionpool - DEBUG - https://paper-api.alpaca.markets:443 "GET /v2/account HTTP/1.1" 200 960
2026-09-15 09:01:40,784 - yfinance - DEBUG - Entering download()
2026-09-15 09:01:40,788 - yfinance - DEBUG - Disabling multithreading because DEBUG logging enabled
2026-09-15 09:01:40,789 - yfinance - DEBUG -  Entering history()
2026-09-15 09:01:40,791 - peewee - DEBUG - ('SELECT "t1"."key", "t1"."value" FROM "_tz_kv" AS "t1" WHERE ("t1"."key" = ?) LIMIT ? OFFSET ?', ['ES=F', 1, 0])
2026-09-15 09:01:40,793 - yfinance - DEBUG -   Entering history()
2026-09-15 09:01:40,794 - yfinance - DEBUG - ES=F: Yahoo GET parameters: {'range': '1d', 'interval': '1m', 'includePrePost': False, 'events': 'div,splits,capitalGains'}
2026-09-15 09:01:40,797 - yfinance - DEBUG -    Entering get()
2026-09-15 09:01:40,801 - yfinance - DEBUG -     Entering _make_request()
2026-09-15 09:01:40,803 - yfinance - DEBUG - url=https://query2.finance.yahoo.com/v8/finance/chart/ES=F
2026-09-15 09:01:40,804 - yfinance - DEBUG - params={'range': '1d', 'interval': '1m', 'includePrePost': False, 'events': 'div,splits,capitalGains'}
2026-09-15 09:01:40,805 - yfinance - DEBUG -      Entering _get_cookie_and_crumb()
2026-09-15 09:01:40,806 - yfinance - DEBUG - cookie_mode = 'basic'
2026-09-15 09:01:40,807 - yfinance - DEBUG -       Entering _get_cookie_and_crumb_basic()
2026-09-15 09:01:40,808 - yfinance - DEBUG -        Entering _get_cookie_basic()
2026-09-15 09:01:40,809 - yfinance - DEBUG - reusing cookie
2026-09-15 09:01:40,810 - yfinance - DEBUG -        Exiting _get_cookie_basic()
2026-09-15 09:01:40,813 - yfinance - DEBUG -        Entering _get_crumb_basic()
2026-09-15 09:01:40,814 - yfinance - DEBUG - reusing crumb
2026-09-15 09:01:40,815 - yfinance - DEBUG -        Exiting _get_crumb_basic()
2026-09-15 09:01:40,816 - yfinance - DEBUG -       Exiting _get_cookie_and_crumb_basic()
2026-09-15 09:01:40,817 - yfinance - DEBUG -      Exiting _get_cookie_and_crumb()
2026-09-15 09:01:41,033 - yfinance - DEBUG - response code=200
2026-09-15 09:01:41,034 - yfinance - DEBUG -     Exiting _make_request()
2026-09-15 09:01:41,038 - yfinance - DEBUG -    Exiting get()
2026-09-15 09:01:41,049 - yfinance - DEBUG - ES=F: yfinance received OHLC data: 2026-09-15 04:09:00 -> 2026-09-15 13:51:40
2026-09-15 09:01:41,076 - yfinance - DEBUG - ES=F: OHLC after cleaning: 2026-09-15 00:09:00-04:00 -> 2026-09-15 09:51:40-04:00
2026-09-15 09:01:41,080 - yfinance - DEBUG - ES=F: OHLC after combining events: 2026-09-15 00:09:00-04:00 -> 2026-09-15 09:51:40-04:00
2026-09-15 09:01:41,093 - yfinance - DEBUG - ES=F: yfinance returning OHLC: 2026-09-15 00:09:00-04:00 -> 2026-09-15 09:51:00-04:00
2026-09-15 09:01:41,094 - yfinance - DEBUG -   Exiting history()
2026-09-15 09:01:41,094 - yfinance - DEBUG -  Exiting history()
2026-09-15 09:01:41,100 - yfinance - DEBUG - Exiting download()
2026-09-15 09:01:41,101 - market_data - ERROR - Error getting price for ES=F: float() argument must be a string or a real number, not 'Series'
2026-09-15 09:01:41,101 - yfinance - DEBUG - Entering download()
2026-09-15 09:01:41,103 - yfinance - DEBUG - Disabling multithreading because DEBUG logging enabled
2026-09-15 09:01:41,103 - yfinance - DEBUG -  Entering history()
2026-09-15 09:01:41,104 - peewee - DEBUG - ('SELECT "t1"."key", "t1"."value" FROM "_tz_kv" AS "t1" WHERE ("t1"."key" = ?) LIMIT ? OFFSET ?', ['^GSPC', 1, 0])
2026-09-15 09:01:41,104 - yfinance - DEBUG -   Entering history()
2026-09-15 09:01:41,104 - yfinance - DEBUG - ^GSPC: Yahoo GET parameters: {'range': '1d', 'interval': '1m', 'includePrePost': False, 'events': 'div,splits,capitalGains'}
2026-09-15 09:01:41,105 - yfinance - DEBUG -    Entering get()
2026-09-15 09:01:41,105 - yfinance - DEBUG -     Entering _make_request()
2026-09-15 09:01:41,106 - yfinance - DEBUG - url=https://query2.finance.yahoo.com/v8/finance/chart/^GSPC
2026-09-15 09:01:41,106 - yfinance - DEBUG - params={'range': '1d', 'interval': '1m', 'includePrePost': False, 'events': 'div,splits,capitalGains'}
2026-09-15 09:01:41,106 - yfinance - DEBUG -      Entering _get_cookie_and_crumb()
2026-09-15 09:01:41,107 - yfinance - DEBUG - cookie_mode = 'basic'
2026-09-15 09:01:41,107 - yfinance - DEBUG -       Entering _get_cookie_and_crumb_basic()
2026-09-15 09:01:41,108 - yfinance - DEBUG -        Entering _get_cookie_basic()
2026-09-15 09:01:41,108 - yfinance - DEBUG - reusing cookie
2026-09-15 09:01:41,108 - yfinance - DEBUG -        Exiting _get_cookie_basic()
2026-09-15 09:01:41,109 - yfinance - DEBUG -        Entering _get_crumb_basic()
2026-09-15 09:01:41,109 - yfinance - DEBUG - reusing crumb
2026-09-15 09:01:41,110 - yfinance - DEBUG -        Exiting _get_crumb_basic()
2026-09-15 09:01:41,110 - yfinance - DEBUG -       Exiting _get_cookie_and_crumb_basic()
2026-09-15 09:01:41,110 - yfinance - DEBUG -      Exiting _get_cookie_and_crumb()
2026-09-15 09:01:41,317 - yfinance - DEBUG - response code=200
2026-09-15 09:01:41,318 - yfinance - DEBUG -     Exiting _make_request()
2026-09-15 09:01:41,321 - yfinance - DEBUG -    Exiting get()
2026-09-15 09:01:41,327 - yfinance - DEBUG - ^GSPC: yfinance received OHLC data: 2026-09-15 13:30:00 -> 2026-09-15 14:01:40
2026-09-15 09:01:41,351 - yfinance - DEBUG - ^GSPC: OHLC after cleaning: 2026-09-15 09:30:00-04:00 -> 2026-09-15 10:01:40-04:00
2026-09-15 09:01:41,356 - yfinance - DEBUG - ^GSPC: OHLC after combining events: 2026-09-15 09:30:00-04:00 -> 2026-09-15 10:01:40-04:00
2026-09-15 09:01:41,372 - yfinance - DEBUG - ^GSPC: yfinance returning OHLC: 2026-09-15 09:30:00-04:00 -> 2026-09-15 10:01:00-04:00
2026-09-15 09:01:41,372 - yfinance - DEBUG -   Exiting history()
2026-09-15 09:01:41,373 - yfinance - DEBUG -  Exiting history()
2026-09-15 09:01:41,376 - yfinance - DEBUG - Exiting download()
2026-09-15 09:01:41,376 - market_data - ERROR - Error getting price for ^GSPC: float() argument must be a string or a real number, not 'Series'
2026-09-15 09:01:41,377 - __main__ - WARNING - Failed to get price data
2026-09-15 09:01:49,687 - schedule - DEBUG - Running job Job(interval=15, unit=seconds, do=minute_check, args=(), kwargs={})
2026-09-15 09:01:49,689 - urllib3.connectionpool - DEBUG - Starting new HTTPS connection (1): paper-api.alpaca.markets:443
2026-09-15 09:01:49,815 - urllib3.connectionpool - DEBUG - https://paper-api.alpaca.markets:443 "GET /v2/account HTTP/1.1" 200 940
2026-09-15 09:01:49,818 - yfinance - DEBUG - Entering download()
2026-09-15 09:01:49,819 - yfinance - DEBUG - Disabling multithreading because DEBUG logging enabled
2026-09-15 09:01:49,820 - yfinance - DEBUG -  Entering history()
2026-09-15 09:01:49,821 - peewee - DEBUG - ('SELECT "t1"."key", "t1"."value" FROM "_tz_kv" AS "t1" WHERE ("t1"."key" = ?) LIMIT ? OFFSET ?', ['ES=F', 1, 0])
2026-09-15 09:01:49,822 - yfinance - DEBUG -   Entering history()
2026-09-15 09:01:49,823 - yfinance - DEBUG - ES=F: Yahoo GET parameters: {'range': '1d', 'interval': '1m', 'includePrePost': False, 'events': 'div,splits,capitalGains'}
2026-09-15 09:01:49,824 - yfinance - DEBUG -    Entering get()
2026-09-15 09:01:49,825 - yfinance - DEBUG -     Entering _make_request()
2026-09-15 09:01:49,825 - yfinance - DEBUG - url=https://query2.finance.yahoo.com/v8/finance/chart/ES=F
2026-09-15 09:01:49,826 - yfinance - DEBUG - params={'range': '1d', 'interval': '1m', 'includePrePost': False, 'events': 'div,splits,capitalGains'}
2026-09-15 09:01:49,827 - yfinance - DEBUG -      Entering _get_cookie_and_crumb()
2026-09-15 09:01:49,828 - yfinance - DEBUG - cookie_mode = 'basic'
2026-09-15 09:01:49,829 - yfinance - DEBUG -       Entering _get_cookie_and_crumb_basic()
2026-09-15 09:01:49,830 - yfinance - DEBUG -        Entering _get_cookie_basic()
2026-09-15 09:01:49,831 - yfinance - DEBUG - reusing cookie
2026-09-15 09:01:49,832 - yfinance - DEBUG -        Exiting _get_cookie_basic()
2026-09-15 09:01:49,833 - yfinance - DEBUG -        Entering _get_crumb_basic()
2026-09-15 09:01:49,834 - yfinance - DEBUG - reusing crumb
2026-09-15 09:01:49,836 - yfinance - DEBUG -        Exiting _get_crumb_basic()
2026-09-15 09:01:49,836 - yfinance - DEBUG -       Exiting _get_cookie_and_crumb_basic()
2026-09-15 09:01:49,837 - yfinance - DEBUG -      Exiting _get_cookie_and_crumb()
2026-09-15 09:01:49,959 - yfinance - DEBUG - response code=200
2026-09-15 09:01:49,959 - yfinance - DEBUG -     Exiting _make_request()
2026-09-15 09:01:49,961 - yfinance - DEBUG -    Exiting get()
2026-09-15 09:01:49,966 - yfinance - DEBUG - ES=F: yfinance received OHLC data: 2026-09-15 04:09:00 -> 2026-09-15 13:51:50
2026-09-15 09:01:49,979 - yfinance - DEBUG - ES=F: OHLC after cleaning: 2026-09-15 00:09:00-04:00 -> 2026-09-15 09:51:50-04:00
2026-09-15 09:01:49,983 - yfinance - DEBUG - ES=F: OHLC after combining events: 2026-09-15 00:09:00-04:00 -> 2026-09-15 09:51:50-04:00
2026-09-15 09:01:49,990 - yfinance - DEBUG - ES=F: yfinance returning OHLC: 2026-09-15 00:09:00-04:00 -> 2026-09-15 09:51:00-04:00
2026-09-15 09:01:49,991 - yfinance - DEBUG -   Exiting history()
2026-09-15 09:01:49,991 - yfinance - DEBUG -  Exiting history()
2026-09-15 09:01:49,994 - yfinance - DEBUG - Exiting download()
2026-09-15 09:01:49,995 - market_data - ERROR - Error getting price for ES=F: float() argument must be a string or a real number, not 'Series'
2026-09-15 09:01:49,995 - yfinance - DEBUG - Entering download()
2026-09-15 09:01:49,996 - yfinance - DEBUG - Disabling multithreading because DEBUG logging enabled
2026-09-15 09:01:49,997 - yfinance - DEBUG -  Entering history()
2026-09-15 09:01:49,999 - peewee - DEBUG - ('SELECT "t1"."key", "t1"."value" FROM "_tz_kv" AS "t1" WHERE ("t1"."key" = ?) LIMIT ? OFFSET ?', ['^GSPC', 1, 0])
2026-09-15 09:01:49,999 - yfinance - DEBUG -   Entering history()
2026-09-15 09:01:49,999 - yfinance - DEBUG - ^GSPC: Yahoo GET parameters: {'range': '1d', 'interval': '1m', 'includePrePost': False, 'events': 'div,splits,capitalGains'}
2026-09-15 09:01:50,000 - yfinance - DEBUG -    Entering get()
2026-09-15 09:01:50,000 - yfinance - DEBUG -     Entering _make_request()
2026-09-15 09:01:50,001 - yfinance - DEBUG - url=https://query2.finance.yahoo.com/v8/finance/chart/^GSPC
2026-09-15 09:01:50,001 - yfinance - DEBUG - params={'range': '1d', 'interval': '1m', 'includePrePost': False, 'events': 'div,splits,capitalGains'}
2026-09-15 09:01:50,002 - yfinance - DEBUG -      Entering _get_cookie_and_crumb()
2026-09-15 09:01:50,002 - yfinance - DEBUG - cookie_mode = 'basic'
2026-09-15 09:01:50,002 - yfinance - DEBUG -       Entering _get_cookie_and_crumb_basic()
2026-09-15 09:01:50,003 - yfinance - DEBUG -        Entering _get_cookie_basic()
2026-09-15 09:01:50,003 - yfinance - DEBUG - reusing cookie
2026-09-15 09:01:50,004 - yfinance - DEBUG -        Exiting _get_cookie_basic()
2026-09-15 09:01:50,004 - yfinance - DEBUG -        Entering _get_crumb_basic()
2026-09-15 09:01:50,005 - yfinance - DEBUG - reusing crumb
2026-09-15 09:01:50,005 - yfinance - DEBUG -        Exiting _get_crumb_basic()
2026-09-15 09:01:50,006 - yfinance - DEBUG -       Exiting _get_cookie_and_crumb_basic()
2026-09-15 09:01:50,006 - yfinance - DEBUG -      Exiting _get_cookie_and_crumb()
2026-09-15 09:01:50,416 - yfinance - DEBUG - response code=200
2026-09-15 09:01:50,417 - yfinance - DEBUG -     Exiting _make_request()
2026-09-15 09:01:50,421 - yfinance - DEBUG -    Exiting get()
2026-09-15 09:01:50,427 - yfinance - DEBUG - ^GSPC: yfinance received OHLC data: 2026-09-15 13:30:00 -> 2026-09-15 14:01:50
2026-09-15 09:01:50,458 - yfinance - DEBUG - ^GSPC: OHLC after cleaning: 2026-09-15 09:30:00-04:00 -> 2026-09-15 10:01:50-04:00
2026-09-15 09:01:50,464 - yfinance - DEBUG - ^GSPC: OHLC after combining events: 2026-09-15 09:30:00-04:00 -> 2026-09-15 10:01:50-04:00
2026-09-15 09:01:50,476 - yfinance - DEBUG - ^GSPC: yfinance returning OHLC: 2026-09-15 09:30:00-04:00 -> 2026-09-15 10:01:00-04:00
2026-09-15 09:01:50,477 - yfinance - DEBUG -   Exiting history()
2026-09-15 09:01:50,478 - yfinance - DEBUG -  Exiting history()
2026-09-15 09:01:50,482 - yfinance - DEBUG - Exiting download()
2026-09-15 09:01:50,483 - market_data - ERROR - Error getting price for ^GSPC: float() argument must be a string or a real number, not 'Series'
2026-09-15 09:01:50,483 - __main__ - WARNING - Failed to get price data
2026-09-15 09:01:56,382 - schedule - DEBUG - Running job Job(interval=15, unit=seconds, do=minute_check, args=(), kwargs={})
2026-09-15 09:01:56,384 - urllib3.connectionpool - DEBUG - Starting new HTTPS connection (1): paper-api.alpaca.markets:443
2026-09-15 09:01:56,486 - urllib3.connectionpool - DEBUG - https://paper-api.alpaca.markets:443 "GET /v2/account HTTP/1.1" 200 960
2026-09-15 09:01:56,487 - yfinance - DEBUG - Entering download()
2026-09-15 09:01:56,489 - yfinance - DEBUG - Disabling multithreading because DEBUG logging enabled
2026-09-15 09:01:56,489 - yfinance - DEBUG -  Entering history()
2026-09-15 09:01:56,489 - peewee - DEBUG - ('SELECT "t1"."key", "t1"."value" FROM "_tz_kv" AS "t1" WHERE ("t1"."key" = ?) LIMIT ? OFFSET ?', ['ES=F', 1, 0])
2026-09-15 09:01:56,490 - yfinance - DEBUG -   Entering history()
2026-09-15 09:01:56,490 - yfinance - DEBUG - ES=F: Yahoo GET parameters: {'range': '1d', 'interval': '1m', 'includePrePost': False, 'events': 'div,splits,capitalGains'}
2026-09-15 09:01:56,490 - yfinance - DEBUG -    Entering get()
2026-09-15 09:01:56,491 - yfinance - DEBUG -     Entering _make_request()
2026-09-15 09:01:56,491 - yfinance - DEBUG - url=https://query2.finance.yahoo.com/v8/finance/chart/ES=F
2026-09-15 09:01:56,491 - yfinance - DEBUG - params={'range': '1d', 'interval': '1m', 'includePrePost': False, 'events': 'div,splits,capitalGains'}
2026-09-15 09:01:56,492 - yfinance - DEBUG -      Entering _get_cookie_and_crumb()
2026-09-15 09:01:56,492 - yfinance - DEBUG - cookie_mode = 'basic'
2026-09-15 09:01:56,493 - yfinance - DEBUG -       Entering _get_cookie_and_crumb_basic()
2026-09-15 09:01:56,493 - yfinance - DEBUG -        Entering _get_cookie_basic()
2026-09-15 09:01:56,493 - yfinance - DEBUG - reusing cookie
2026-09-15 09:01:56,494 - yfinance - DEBUG -        Exiting _get_cookie_basic()
2026-09-15 09:01:56,494 - yfinance - DEBUG -        Entering _get_crumb_basic()
2026-09-15 09:01:56,495 - yfinance - DEBUG - reusing crumb
2026-09-15 09:01:56,496 - yfinance - DEBUG -        Exiting _get_crumb_basic()
2026-09-15 09:01:56,496 - yfinance - DEBUG -       Exiting _get_cookie_and_crumb_basic()
2026-09-15 09:01:56,496 - yfinance - DEBUG -      Exiting _get_cookie_and_crumb()
2026-09-15 09:01:56,636 - yfinance - DEBUG - response code=200
2026-09-15 09:01:56,637 - yfinance - DEBUG -     Exiting _make_request()
2026-09-15 09:01:56,638 - yfinance - DEBUG -    Exiting get()
2026-09-15 09:01:56,643 - yfinance - DEBUG - ES=F: yfinance received OHLC data: 2026-09-15 04:09:00 -> 2026-09-15 13:51:56
2026-09-15 09:01:56,657 - yfinance - DEBUG - ES=F: OHLC after cleaning: 2026-09-15 00:09:00-04:00 -> 2026-09-15 09:51:56-04:00
2026-09-15 09:01:56,661 - yfinance - DEBUG - ES=F: OHLC after combining events: 2026-09-15 00:09:00-04:00 -> 2026-09-15 09:51:56-04:00
2026-09-15 09:01:56,673 - yfinance - DEBUG - ES=F: yfinance returning OHLC: 2026-09-15 00:09:00-04:00 -> 2026-09-15 09:51:00-04:00
2026-09-15 09:01:56,673 - yfinance - DEBUG -   Exiting history()
2026-09-15 09:01:56,673 - yfinance - DEBUG -  Exiting history()
2026-09-15 09:01:56,676 - yfinance - DEBUG - Exiting download()
2026-09-15 09:01:56,677 - market_data - ERROR - Error getting price for ES=F: float() argument must be a string or a real number, not 'Series'
2026-09-15 09:01:56,678 - yfinance - DEBUG - Entering download()
2026-09-15 09:01:56,680 - yfinance - DEBUG - Disabling multithreading because DEBUG logging enabled
2026-09-15 09:01:56,681 - yfinance - DEBUG -  Entering history()
2026-09-15 09:01:56,681 - peewee - DEBUG - ('SELECT "t1"."key", "t1"."value" FROM "_tz_kv" AS "t1" WHERE ("t1"."key" = ?) LIMIT ? OFFSET ?', ['^GSPC', 1, 0])
2026-09-15 09:01:56,682 - yfinance - DEBUG -   Entering history()
2026-09-15 09:01:56,682 - yfinance - DEBUG - ^GSPC: Yahoo GET parameters: {'range': '1d', 'interval': '1m', 'includePrePost': False, 'events': 'div,splits,capitalGains'}
2026-09-15 09:01:56,682 - yfinance - DEBUG -    Entering get()
2026-09-15 09:01:56,683 - yfinance - DEBUG -     Entering _make_request()
2026-09-15 09:01:56,683 - yfinance - DEBUG - url=https://query2.finance.yahoo.com/v8/finance/chart/^GSPC
2026-09-15 09:01:56,684 - yfinance - DEBUG - params={'range': '1d', 'interval': '1m', 'includePrePost': False, 'events': 'div,splits,capitalGains'}
2026-09-15 09:01:56,684 - yfinance - DEBUG -      Entering _get_cookie_and_crumb()
2026-09-15 09:01:56,685 - yfinance - DEBUG - cookie_mode = 'basic'
2026-09-15 09:01:56,685 - yfinance - DEBUG -       Entering _get_cookie_and_crumb_basic()
2026-09-15 09:01:56,686 - yfinance - DEBUG -        Entering _get_cookie_basic()
2026-09-15 09:01:56,686 - yfinance - DEBUG - reusing cookie
2026-09-15 09:01:56,686 - yfinance - DEBUG -        Exiting _get_cookie_basic()
2026-09-15 09:01:56,687 - yfinance - DEBUG -        Entering _get_crumb_basic()
2026-09-15 09:01:56,687 - yfinance - DEBUG - reusing crumb
2026-09-15 09:01:56,688 - yfinance - DEBUG -        Exiting _get_crumb_basic()
2026-09-15 09:01:56,688 - yfinance - DEBUG -       Exiting _get_cookie_and_crumb_basic()
2026-09-15 09:01:56,689 - yfinance - DEBUG -      Exiting _get_cookie_and_crumb()
2026-09-15 09:01:56,867 - yfinance - DEBUG - response code=200
2026-09-15 09:01:56,868 - yfinance - DEBUG -     Exiting _make_request()
2026-09-15 09:01:56,871 - yfinance - DEBUG -    Exiting get()
2026-09-15 09:01:56,876 - yfinance - DEBUG - ^GSPC: yfinance received OHLC data: 2026-09-15 13:30:00 -> 2026-09-15 14:01:56
2026-09-15 09:01:56,897 - yfinance - DEBUG - ^GSPC: OHLC after cleaning: 2026-09-15 09:30:00-04:00 -> 2026-09-15 10:01:56-04:00
2026-09-15 09:01:56,903 - yfinance - DEBUG - ^GSPC: OHLC after combining events: 2026-09-15 09:30:00-04:00 -> 2026-09-15 10:01:56-04:00
2026-09-15 09:01:56,917 - yfinance - DEBUG - ^GSPC: yfinance returning OHLC: 2026-09-15 09:30:00-04:00 -> 2026-09-15 10:01:00-04:00
2026-09-15 09:01:56,918 - yfinance - DEBUG -   Exiting history()
2026-09-15 09:01:56,919 - yfinance - DEBUG -  Exiting history()
2026-09-15 09:01:56,922 - yfinance - DEBUG - Exiting download()
2026-09-15 09:01:56,923 - market_data - ERROR - Error getting price for ^GSPC: float() argument must be a string or a real number, not 'Series'
2026-09-15 09:01:56,923 - __main__ - WARNING - Failed to get price data
2026-09-15 09:02:05,489 - schedule - DEBUG - Running job Job(interval=15, unit=seconds, do=minute_check, args=(), kwargs={})
2026-09-15 09:02:05,494 - urllib3.connectionpool - DEBUG - Starting new HTTPS connection (1): paper-api.alpaca.markets:443
2026-09-15 09:02:05,603 - urllib3.connectionpool - DEBUG - https://paper-api.alpaca.markets:443 "GET /v2/account HTTP/1.1" 200 940
2026-09-15 09:02:05,604 - yfinance - DEBUG - Entering download()
2026-09-15 09:02:05,605 - yfinance - DEBUG - Disabling multithreading because DEBUG logging enabled
2026-09-15 09:02:05,605 - yfinance - DEBUG -  Entering history()
2026-09-15 09:02:05,606 - peewee - DEBUG - ('SELECT "t1"."key", "t1"."value" FROM "_tz_kv" AS "t1" WHERE ("t1"."key" = ?) LIMIT ? OFFSET ?', ['ES=F', 1, 0])
2026-09-15 09:02:05,606 - yfinance - DEBUG -   Entering history()
2026-09-15 09:02:05,607 - yfinance - DEBUG - ES=F: Yahoo GET parameters: {'range': '1d', 'interval': '1m', 'includePrePost': False, 'events': 'div,splits,capitalGains'}
2026-09-15 09:02:05,607 - yfinance - DEBUG -    Entering get()
2026-09-15 09:02:05,607 - yfinance - DEBUG -     Entering _make_request()
2026-09-15 09:02:05,608 - yfinance - DEBUG - url=https://query2.finance.yahoo.com/v8/finance/chart/ES=F
2026-09-15 09:02:05,608 - yfinance - DEBUG - params={'range': '1d', 'interval': '1m', 'includePrePost': False, 'events': 'div,splits,capitalGains'}
2026-09-15 09:02:05,608 - yfinance - DEBUG -      Entering _get_cookie_and_crumb()
2026-09-15 09:02:05,609 - yfinance - DEBUG - cookie_mode = 'basic'
2026-09-15 09:02:05,609 - yfinance - DEBUG -       Entering _get_cookie_and_crumb_basic()
2026-09-15 09:02:05,610 - yfinance - DEBUG -        Entering _get_cookie_basic()
2026-09-15 09:02:05,610 - yfinance - DEBUG - reusing cookie
2026-09-15 09:02:05,610 - yfinance - DEBUG -        Exiting _get_cookie_basic()
2026-09-15 09:02:05,611 - yfinance - DEBUG -        Entering _get_crumb_basic()
2026-09-15 09:02:05,611 - yfinance - DEBUG - reusing crumb
2026-09-15 09:02:05,611 - yfinance - DEBUG -        Exiting _get_crumb_basic()
2026-09-15 09:02:05,612 - yfinance - DEBUG -       Exiting _get_cookie_and_crumb_basic()
2026-09-15 09:02:05,612 - yfinance - DEBUG -      Exiting _get_cookie_and_crumb()
2026-09-15 09:02:05,837 - yfinance - DEBUG - response code=200
2026-09-15 09:02:05,838 - yfinance - DEBUG -     Exiting _make_request()
2026-09-15 09:02:05,842 - yfinance - DEBUG -    Exiting get()
2026-09-15 09:02:05,852 - yfinance - DEBUG - ES=F: yfinance received OHLC data: 2026-09-15 04:09:00 -> 2026-09-15 13:52:05
2026-09-15 09:02:05,879 - yfinance - DEBUG - ES=F: OHLC after cleaning: 2026-09-15 00:09:00-04:00 -> 2026-09-15 09:52:05-04:00
2026-09-15 09:02:05,884 - yfinance - DEBUG - ES=F: OHLC after combining events: 2026-09-15 00:09:00-04:00 -> 2026-09-15 09:52:05-04:00
2026-09-15 09:02:05,894 - yfinance - DEBUG - ES=F: yfinance returning OHLC: 2026-09-15 00:09:00-04:00 -> 2026-09-15 09:52:00-04:00
2026-09-15 09:02:05,895 - yfinance - DEBUG -   Exiting history()
2026-09-15 09:02:05,896 - yfinance - DEBUG -  Exiting history()
2026-09-15 09:02:05,899 - yfinance - DEBUG - Exiting download()
2026-09-15 09:02:05,900 - market_data - ERROR - Error getting price for ES=F: float() argument must be a string or a real number, not 'Series'
2026-09-15 09:02:05,901 - yfinance - DEBUG - Entering download()
2026-09-15 09:02:05,902 - yfinance - DEBUG - Disabling multithreading because DEBUG logging enabled
2026-09-15 09:02:05,903 - yfinance - DEBUG -  Entering history()
2026-09-15 09:02:05,904 - peewee - DEBUG - ('SELECT "t1"."key", "t1"."value" FROM "_tz_kv" AS "t1" WHERE ("t1"."key" = ?) LIMIT ? OFFSET ?', ['^GSPC', 1, 0])
2026-09-15 09:02:05,904 - yfinance - DEBUG -   Entering history()
2026-09-15 09:02:05,905 - yfinance - DEBUG - ^GSPC: Yahoo GET parameters: {'range': '1d', 'interval': '1m', 'includePrePost': False, 'events': 'div,splits,capitalGains'}
2026-09-15 09:02:05,905 - yfinance - DEBUG -    Entering get()
2026-09-15 09:02:05,906 - yfinance - DEBUG -     Entering _make_request()
2026-09-15 09:02:05,906 - yfinance - DEBUG - url=https://query2.finance.yahoo.com/v8/finance/chart/^GSPC
2026-09-15 09:02:05,907 - yfinance - DEBUG - params={'range': '1d', 'interval': '1m', 'includePrePost': False, 'events': 'div,splits,capitalGains'}
2026-09-15 09:02:05,908 - yfinance - DEBUG -      Entering _get_cookie_and_crumb()
2026-09-15 09:02:05,909 - yfinance - DEBUG - cookie_mode = 'basic'
2026-09-15 09:02:05,909 - yfinance - DEBUG -       Entering _get_cookie_and_crumb_basic()
2026-09-15 09:02:05,910 - yfinance - DEBUG -        Entering _get_cookie_basic()
2026-09-15 09:02:05,911 - yfinance - DEBUG - reusing cookie
2026-09-15 09:02:05,912 - yfinance - DEBUG -        Exiting _get_cookie_basic()
2026-09-15 09:02:05,912 - yfinance - DEBUG -        Entering _get_crumb_basic()
2026-09-15 09:02:05,913 - yfinance - DEBUG - reusing crumb
2026-09-15 09:02:05,915 - yfinance - DEBUG -        Exiting _get_crumb_basic()
2026-09-15 09:02:05,917 - yfinance - DEBUG -       Exiting _get_cookie_and_crumb_basic()
2026-09-15 09:02:05,917 - yfinance - DEBUG -      Exiting _get_cookie_and_crumb()
2026-09-15 09:02:06,151 - yfinance - DEBUG - response code=200
2026-09-15 09:02:06,152 - yfinance - DEBUG -     Exiting _make_request()
2026-09-15 09:02:06,152 - yfinance - DEBUG -    Exiting get()
2026-09-15 09:02:06,154 - yfinance - DEBUG - ^GSPC: yfinance received OHLC data: 2026-09-15 13:30:00 -> 2026-09-15 14:02:05
2026-09-15 09:02:06,160 - yfinance - DEBUG - ^GSPC: OHLC after cleaning: 2026-09-15 09:30:00-04:00 -> 2026-09-15 10:02:05-04:00
2026-09-15 09:02:06,162 - yfinance - DEBUG - ^GSPC: OHLC after combining events: 2026-09-15 09:30:00-04:00 -> 2026-09-15 10:02:05-04:00
2026-09-15 09:02:06,167 - yfinance - DEBUG - ^GSPC: yfinance returning OHLC: 2026-09-15 09:30:00-04:00 -> 2026-09-15 10:02:00-04:00
2026-09-15 09:02:06,167 - yfinance - DEBUG -   Exiting history()
2026-09-15 09:02:06,168 - yfinance - DEBUG -  Exiting history()
2026-09-15 09:02:06,170 - yfinance - DEBUG - Exiting download()
2026-09-15 09:02:06,171 - market_data - ERROR - Error getting price for ^GSPC: float() argument must be a string or a real number, not 'Series'
2026-09-15 09:02:06,171 - __main__ - WARNING - Failed to get price data
2026-09-15 09:02:08,536 - __main__ - INFO - 
SCHEDULER STOPPED
2026-09-15 09:02:08,537 - __main__ - INFO - TRADING DAY ENDING AT 12:30 PM
2026-09-15 09:02:08,545 - urllib3.connectionpool - DEBUG - Starting new HTTPS connection (1): paper-api.alpaca.markets:443
2026-09-15 09:02:08,688 - urllib3.connectionpool - DEBUG - https://paper-api.alpaca.markets:443 "DELETE /v2/orders HTTP/1.1" 207 2
2026-09-15 09:02:08,690 - api_handler - INFO - All orders canceled
2026-09-15 09:02:08,692 - urllib3.connectionpool - DEBUG - Starting new HTTPS connection (1): paper-api.alpaca.markets:443
2026-09-15 09:02:08,792 - urllib3.connectionpool - DEBUG - https://paper-api.alpaca.markets:443 "GET /v2/positions HTTP/1.1" 200 2
2026-09-15 09:02:08,795 - __main__ - INFO -    Final P&L: $0.00
2026-09-15 09:02:08,795 - __main__ - INFO -    Trades: 0
2026-09-15 09:02:08,796 - __main__ - INFO - ================================================================================
2026-09-15 09:02:12,282 - urllib3.connectionpool - DEBUG - Starting new HTTPS connection (1): paper-api.alpaca.markets:443
2026-09-15 09:02:12,381 - urllib3.connectionpool - DEBUG - https://paper-api.alpaca.markets:443 "GET /v2/account HTTP/1.1" 200 960
2026-09-15 09:02:12,382 - api_handler - INFO - Connected to Alpaca
2026-09-15 09:02:12,384 - api_handler - INFO -   Equity: $100000.00
2026-09-15 09:02:12,385 - api_handler - INFO -   Buying Power: $400000.00
2026-09-15 09:02:12,388 - __main__ - INFO - ================================================================================
2026-09-15 09:02:12,388 - __main__ - INFO - ASTRA SCHEDULER INITIALIZED
2026-09-15 09:02:12,389 - __main__ - INFO - Trading: Account 1 ($10000)
2026-09-15 09:02:12,390 - __main__ - INFO - Mode: REAL ALPACA PAPER ORDERS
2026-09-15 09:02:12,391 - __main__ - INFO - ================================================================================
2026-09-15 09:02:12,392 - __main__ - INFO - Schedule configured
2026-09-15 09:02:12,393 - __main__ - INFO -   • 9:00 AM: Start
2026-09-15 09:02:12,394 - __main__ - INFO -   • Every minute: Check signals & manage positions
2026-09-15 09:02:12,395 - __main__ - INFO -   • 12:30 PM: Close all positions
2026-09-15 09:02:12,398 - __main__ - INFO - 
SCHEDULER RUNNING - Press Ctrl+C to stop

2026-09-15 09:02:14,982 - __main__ - INFO - 
SCHEDULER STOPPED
2026-09-15 09:02:14,983 - __main__ - INFO - TRADING DAY ENDING AT 12:30 PM
2026-09-15 09:02:14,992 - urllib3.connectionpool - DEBUG - Starting new HTTPS connection (1): paper-api.alpaca.markets:443
2026-09-15 09:02:15,113 - urllib3.connectionpool - DEBUG - https://paper-api.alpaca.markets:443 "DELETE /v2/orders HTTP/1.1" 207 2
2026-09-15 09:02:15,116 - api_handler - INFO - All orders canceled
2026-09-15 09:02:15,118 - urllib3.connectionpool - DEBUG - Starting new HTTPS connection (1): paper-api.alpaca.markets:443
2026-09-15 09:02:15,207 - urllib3.connectionpool - DEBUG - https://paper-api.alpaca.markets:443 "GET /v2/positions HTTP/1.1" 200 2
2026-09-15 09:02:15,209 - __main__ - INFO -    Final P&L: $0.00
2026-09-15 09:02:15,209 - __main__ - INFO -    Trades: 0
2026-09-15 09:02:15,210 - __main__ - INFO - ================================================================================
2026-09-15 09:02:17,798 - urllib3.connectionpool - DEBUG - Starting new HTTPS connection (1): paper-api.alpaca.markets:443
2026-09-15 09:02:17,897 - urllib3.connectionpool - DEBUG - https://paper-api.alpaca.markets:443 "GET /v2/account HTTP/1.1" 200 940
2026-09-15 09:02:17,899 - api_handler - INFO - Connected to Alpaca
2026-09-15 09:02:17,901 - api_handler - INFO -   Equity: $5000.00
2026-09-15 09:02:17,902 - api_handler - INFO -   Buying Power: $20000.00
2026-09-15 09:02:17,906 - __main__ - INFO - ================================================================================
2026-09-15 09:02:17,906 - __main__ - INFO - ASTRA SCHEDULER INITIALIZED
2026-09-15 09:02:17,907 - __main__ - INFO - Trading: Account 2 ($10000)
2026-09-15 09:02:17,909 - __main__ - INFO - Mode: REAL ALPACA PAPER ORDERS
2026-09-15 09:02:17,910 - __main__ - INFO - ================================================================================
2026-09-15 09:02:17,912 - __main__ - INFO - Schedule configured
2026-09-15 09:02:17,912 - __main__ - INFO -   • 9:00 AM: Start
2026-09-15 09:02:17,914 - __main__ - INFO -   • Every minute: Check signals & manage positions
2026-09-15 09:02:17,915 - __main__ - INFO -   • 12:30 PM: Close all positions
2026-09-15 09:02:17,919 - __main__ - INFO - 
SCHEDULER RUNNING - Press Ctrl+C to stop

2026-09-15 09:02:27,406 - schedule - DEBUG - Running job Job(interval=15, unit=seconds, do=minute_check, args=(), kwargs={})
2026-09-15 09:02:32,926 - schedule - DEBUG - Running job Job(interval=15, unit=seconds, do=minute_check, args=(), kwargs={})
2026-09-15 09:02:42,412 - schedule - DEBUG - Running job Job(interval=15, unit=seconds, do=minute_check, args=(), kwargs={})
2026-09-15 09:02:47,933 - schedule - DEBUG - Running job Job(interval=15, unit=seconds, do=minute_check, args=(), kwargs={})
2026-09-15 09:02:57,419 - schedule - DEBUG - Running job Job(interval=15, unit=seconds, do=minute_check, args=(), kwargs={})
2026-09-15 09:03:02,938 - schedule - DEBUG - Running job Job(interval=15, unit=seconds, do=minute_check, args=(), kwargs={})
2026-09-15 09:03:12,425 - schedule - DEBUG - Running job Job(interval=15, unit=seconds, do=minute_check, args=(), kwargs={})
2026-09-15 09:03:17,945 - schedule - DEBUG - Running job Job(interval=15, unit=seconds, do=minute_check, args=(), kwargs={})
2026-09-15 09:03:27,431 - schedule - DEBUG - Running job Job(interval=15, unit=seconds, do=minute_check, args=(), kwargs={})
2026-09-15 09:03:32,951 - schedule - DEBUG - Running job Job(interval=15, unit=seconds, do=minute_check, args=(), kwargs={})
2026-09-15 09:03:42,437 - schedule - DEBUG - Running job Job(interval=15, unit=seconds, do=minute_check, args=(), kwargs={})
2026-09-15 09:03:47,957 - schedule - DEBUG - Running job Job(interval=15, unit=seconds, do=minute_check, args=(), kwargs={})
2026-09-15 09:03:57,443 - schedule - DEBUG - Running job Job(interval=15, unit=seconds, do=minute_check, args=(), kwargs={})
2026-09-15 09:04:02,963 - schedule - DEBUG - Running job Job(interval=15, unit=seconds, do=minute_check, args=(), kwargs={})
2026-09-15 09:04:12,449 - schedule - DEBUG - Running job Job(interval=15, unit=seconds, do=minute_check, args=(), kwargs={})
2026-09-15 09:04:17,969 - schedule - DEBUG - Running job Job(interval=15, unit=seconds, do=minute_check, args=(), kwargs={})
2026-09-15 09:04:27,455 - schedule - DEBUG - Running job Job(interval=15, unit=seconds, do=minute_check, args=(), kwargs={})
2026-09-15 09:04:32,975 - schedule - DEBUG - Running job Job(interval=15, unit=seconds, do=minute_check, args=(), kwargs={})
2026-09-15 09:04:42,460 - schedule - DEBUG - Running job Job(interval=15, unit=seconds, do=minute_check, args=(), kwargs={})
2026-09-15 09:04:47,980 - schedule - DEBUG - Running job Job(interval=15, unit=seconds, do=minute_check, args=(), kwargs={})
2026-09-15 09:04:57,466 - schedule - DEBUG - Running job Job(interval=15, unit=seconds, do=minute_check, args=(), kwargs={})
2026-09-15 09:05:02,986 - schedule - DEBUG - Running job Job(interval=15, unit=seconds, do=minute_check, args=(), kwargs={})
2026-09-15 09:05:12,472 - schedule - DEBUG - Running job Job(interval=15, unit=seconds, do=minute_check, args=(), kwargs={})
2026-09-15 09:05:17,991 - schedule - DEBUG - Running job Job(interval=15, unit=seconds, do=minute_check, args=(), kwargs={})
2026-09-15 09:05:27,478 - schedule - DEBUG - Running job Job(interval=15, unit=seconds, do=minute_check, args=(), kwargs={})
2026-09-15 09:05:32,997 - schedule - DEBUG - Running job Job(interval=15, unit=seconds, do=minute_check, args=(), kwargs={})
2026-09-15 09:05:42,484 - schedule - DEBUG - Running job Job(interval=15, unit=seconds, do=minute_check, args=(), kwargs={})
2026-09-15 09:05:48,003 - schedule - DEBUG - Running job Job(interval=15, unit=seconds, do=minute_check, args=(), kwargs={})
2026-09-15 09:05:57,490 - schedule - DEBUG - Running job Job(interval=15, unit=seconds, do=minute_check, args=(), kwargs={})
2026-09-15 09:06:03,009 - schedule - DEBUG - Running job Job(interval=15, unit=seconds, do=minute_check, args=(), kwargs={})
2026-09-15 09:06:12,510 - schedule - DEBUG - Running job Job(interval=15, unit=seconds, do=minute_check, args=(), kwargs={})
2026-09-15 09:06:18,015 - schedule - DEBUG - Running job Job(interval=15, unit=seconds, do=minute_check, args=(), kwargs={})
2026-09-15 09:06:27,516 - schedule - DEBUG - Running job Job(interval=15, unit=seconds, do=minute_check, args=(), kwargs={})
2026-09-15 09:06:33,021 - schedule - DEBUG - Running job Job(interval=15, unit=seconds, do=minute_check, args=(), kwargs={})
2026-09-15 09:06:42,521 - schedule - DEBUG - Running job Job(interval=15, unit=seconds, do=minute_check, args=(), kwargs={})
2026-09-15 09:06:48,028 - schedule - DEBUG - Running job Job(interval=15, unit=seconds, do=minute_check, args=(), kwargs={})
2026-09-15 09:06:57,527 - schedule - DEBUG - Running job Job(interval=15, unit=seconds, do=minute_check, args=(), kwargs={})
2026-09-15 09:07:03,064 - schedule - DEBUG - Running job Job(interval=15, unit=seconds, do=minute_check, args=(), kwargs={})
2026-09-15 09:07:12,534 - schedule - DEBUG - Running job Job(interval=15, unit=seconds, do=minute_check, args=(), kwargs={})
2026-09-15 09:07:18,069 - schedule - DEBUG - Running job Job(interval=15, unit=seconds, do=minute_check, args=(), kwargs={})
2026-09-15 09:07:27,540 - schedule - DEBUG - Running job Job(interval=15, unit=seconds, do=minute_check, args=(), kwargs={})
2026-09-15 09:07:33,075 - schedule - DEBUG - Running job Job(interval=15, unit=seconds, do=minute_check, args=(), kwargs={})
2026-09-15 09:07:42,546 - schedule - DEBUG - Running job Job(interval=15, unit=seconds, do=minute_check, args=(), kwargs={})
2026-09-15 09:07:48,081 - schedule - DEBUG - Running job Job(interval=15, unit=seconds, do=minute_check, args=(), kwargs={})
2026-09-15 09:07:57,552 - schedule - DEBUG - Running job Job(interval=15, unit=seconds, do=minute_check, args=(), kwargs={})
2026-09-15 09:08:03,087 - schedule - DEBUG - Running job Job(interval=15, unit=seconds, do=minute_check, args=(), kwargs={})
2026-09-15 09:08:12,558 - schedule - DEBUG - Running job Job(interval=15, unit=seconds, do=minute_check, args=(), kwargs={})
2026-09-15 09:08:18,093 - schedule - DEBUG - Running job Job(interval=15, unit=seconds, do=minute_check, args=(), kwargs={})
2026-09-15 09:08:27,564 - schedule - DEBUG - Running job Job(interval=15, unit=seconds, do=minute_check, args=(), kwargs={})
2026-09-15 09:08:33,099 - schedule - DEBUG - Running job Job(interval=15, unit=seconds, do=minute_check, args=(), kwargs={})
2026-09-15 09:08:42,569 - schedule - DEBUG - Running job Job(interval=15, unit=seconds, do=minute_check, args=(), kwargs={})
2026-09-15 09:08:48,105 - schedule - DEBUG - Running job Job(interval=15, unit=seconds, do=minute_check, args=(), kwargs={})
2026-09-15 09:08:57,575 - schedule - DEBUG - Running job Job(interval=15, unit=seconds, do=minute_check, args=(), kwargs={})
2026-09-15 09:09:03,111 - schedule - DEBUG - Running job Job(interval=15, unit=seconds, do=minute_check, args=(), kwargs={})
2026-09-15 09:09:12,581 - schedule - DEBUG - Running job Job(interval=15, unit=seconds, do=minute_check, args=(), kwargs={})
2026-09-15 09:09:18,116 - schedule - DEBUG - Running job Job(interval=15, unit=seconds, do=minute_check, args=(), kwargs={})
2026-09-15 09:09:27,587 - schedule - DEBUG - Running job Job(interval=15, unit=seconds, do=minute_check, args=(), kwargs={})
2026-09-15 09:09:33,122 - schedule - DEBUG - Running job Job(interval=15, unit=seconds, do=minute_check, args=(), kwargs={})
2026-09-15 09:09:42,593 - schedule - DEBUG - Running job Job(interval=15, unit=seconds, do=minute_check, args=(), kwargs={})
2026-09-15 09:09:48,128 - schedule - DEBUG - Running job Job(interval=15, unit=seconds, do=minute_check, args=(), kwargs={})
2026-09-15 09:09:57,599 - schedule - DEBUG - Running job Job(interval=15, unit=seconds, do=minute_check, args=(), kwargs={})
2026-09-15 09:10:03,134 - schedule - DEBUG - Running job Job(interval=15, unit=seconds, do=minute_check, args=(), kwargs={})
2026-09-15 09:10:12,605 - schedule - DEBUG - Running job Job(interval=15, unit=seconds, do=minute_check, args=(), kwargs={})
2026-09-15 09:10:18,140 - schedule - DEBUG - Running job Job(interval=15, unit=seconds, do=minute_check, args=(), kwargs={})
2026-09-15 09:10:27,611 - schedule - DEBUG - Running job Job(interval=15, unit=seconds, do=minute_check, args=(), kwargs={})
2026-09-15 09:10:33,146 - schedule - DEBUG - Running job Job(interval=15, unit=seconds, do=minute_check, args=(), kwargs={})
2026-09-15 09:10:42,617 - schedule - DEBUG - Running job Job(interval=15, unit=seconds, do=minute_check, args=(), kwargs={})
2026-09-15 09:10:48,152 - schedule - DEBUG - Running job Job(interval=15, unit=seconds, do=minute_check, args=(), kwargs={})
2026-09-15 09:10:57,622 - schedule - DEBUG - Running job Job(interval=15, unit=seconds, do=minute_check, args=(), kwargs={})
2026-09-15 09:11:03,158 - schedule - DEBUG - Running job Job(interval=15, unit=seconds, do=minute_check, args=(), kwargs={})
2026-09-15 09:11:12,628 - schedule - DEBUG - Running job Job(interval=15, unit=seconds, do=minute_check, args=(), kwargs={})
2026-09-15 09:11:18,163 - schedule - DEBUG - Running job Job(interval=15, unit=seconds, do=minute_check, args=(), kwargs={})
2026-09-15 09:11:27,634 - schedule - DEBUG - Running job Job(interval=15, unit=seconds, do=minute_check, args=(), kwargs={})
2026-09-15 09:11:33,168 - schedule - DEBUG - Running job Job(interval=15, unit=seconds, do=minute_check, args=(), kwargs={})
2026-09-15 09:11:42,640 - schedule - DEBUG - Running job Job(interval=15, unit=seconds, do=minute_check, args=(), kwargs={})
2026-09-15 09:11:48,174 - schedule - DEBUG - Running job Job(interval=15, unit=seconds, do=minute_check, args=(), kwargs={})
2026-09-15 09:11:57,646 - schedule - DEBUG - Running job Job(interval=15, unit=seconds, do=minute_check, args=(), kwargs={})
2026-09-15 09:12:03,180 - schedule - DEBUG - Running job Job(interval=15, unit=seconds, do=minute_check, args=(), kwargs={})
2026-09-15 09:12:12,653 - schedule - DEBUG - Running job Job(interval=15, unit=seconds, do=minute_check, args=(), kwargs={})
2026-09-15 09:12:18,187 - schedule - DEBUG - Running job Job(interval=15, unit=seconds, do=minute_check, args=(), kwargs={})
2026-09-15 09:12:27,659 - schedule - DEBUG - Running job Job(interval=15, unit=seconds, do=minute_check, args=(), kwargs={})
2026-09-15 09:12:33,193 - schedule - DEBUG - Running job Job(interval=15, unit=seconds, do=minute_check, args=(), kwargs={})
2026-09-15 09:12:42,665 - schedule - DEBUG - Running job Job(interval=15, unit=seconds, do=minute_check, args=(), kwargs={})
2026-09-15 09:12:48,199 - schedule - DEBUG - Running job Job(interval=15, unit=seconds, do=minute_check, args=(), kwargs={})
2026-09-15 09:12:57,670 - schedule - DEBUG - Running job Job(interval=15, unit=seconds, do=minute_check, args=(), kwargs={})
2026-09-15 09:13:03,205 - schedule - DEBUG - Running job Job(interval=15, unit=seconds, do=minute_check, args=(), kwargs={})
2026-09-15 09:13:12,676 - schedule - DEBUG - Running job Job(interval=15, unit=seconds, do=minute_check, args=(), kwargs={})
2026-09-15 09:13:18,211 - schedule - DEBUG - Running job Job(interval=15, unit=seconds, do=minute_check, args=(), kwargs={})
2026-09-15 09:13:27,682 - schedule - DEBUG - Running job Job(interval=15, unit=seconds, do=minute_check, args=(), kwargs={})
2026-09-15 09:13:33,216 - schedule - DEBUG - Running job Job(interval=15, unit=seconds, do=minute_check, args=(), kwargs={})
2026-09-15 09:13:42,688 - schedule - DEBUG - Running job Job(interval=15, unit=seconds, do=minute_check, args=(), kwargs={})
2026-09-15 09:13:48,222 - schedule - DEBUG - Running job Job(interval=15, unit=seconds, do=minute_check, args=(), kwargs={})
2026-09-15 09:13:57,694 - schedule - DEBUG - Running job Job(interval=15, unit=seconds, do=minute_check, args=(), kwargs={})
2026-09-15 09:14:03,228 - schedule - DEBUG - Running job Job(interval=15, unit=seconds, do=minute_check, args=(), kwargs={})
2026-09-15 09:14:12,700 - schedule - DEBUG - Running job Job(interval=15, unit=seconds, do=minute_check, args=(), kwargs={})
2026-09-15 09:14:18,234 - schedule - DEBUG - Running job Job(interval=15, unit=seconds, do=minute_check, args=(), kwargs={})
2026-09-15 09:14:27,706 - schedule - DEBUG - Running job Job(interval=15, unit=seconds, do=minute_check, args=(), kwargs={})
2026-09-15 09:14:33,240 - schedule - DEBUG - Running job Job(interval=15, unit=seconds, do=minute_check, args=(), kwargs={})
2026-09-15 09:14:42,712 - schedule - DEBUG - Running job Job(interval=15, unit=seconds, do=minute_check, args=(), kwargs={})
2026-09-15 09:14:48,246 - schedule - DEBUG - Running job Job(interval=15, unit=seconds, do=minute_check, args=(), kwargs={})
2026-09-15 09:14:57,718 - schedule - DEBUG - Running job Job(interval=15, unit=seconds, do=minute_check, args=(), kwargs={})
2026-09-15 09:15:03,252 - schedule - DEBUG - Running job Job(interval=15, unit=seconds, do=minute_check, args=(), kwargs={})
2026-09-15 09:15:12,723 - schedule - DEBUG - Running job Job(interval=15, unit=seconds, do=minute_check, args=(), kwargs={})
2026-09-15 09:15:18,258 - schedule - DEBUG - Running job Job(interval=15, unit=seconds, do=minute_check, args=(), kwargs={})
2026-09-15 09:15:27,729 - schedule - DEBUG - Running job Job(interval=15, unit=seconds, do=minute_check, args=(), kwargs={})
2026-09-15 09:15:33,264 - schedule - DEBUG - Running job Job(interval=15, unit=seconds, do=minute_check, args=(), kwargs={})
2026-09-15 09:15:42,735 - schedule - DEBUG - Running job Job(interval=15, unit=seconds, do=minute_check, args=(), kwargs={})
2026-09-15 09:15:48,270 - schedule - DEBUG - Running job Job(interval=15, unit=seconds, do=minute_check, args=(), kwargs={})
2026-09-15 09:15:57,741 - schedule - DEBUG - Running job Job(interval=15, unit=seconds, do=minute_check, args=(), kwargs={})
2026-09-15 09:16:03,275 - schedule - DEBUG - Running job Job(interval=15, unit=seconds, do=minute_check, args=(), kwargs={})
2026-09-15 09:16:12,747 - schedule - DEBUG - Running job Job(interval=15, unit=seconds, do=minute_check, args=(), kwargs={})
2026-09-15 09:16:18,281 - schedule - DEBUG - Running job Job(interval=15, unit=seconds, do=minute_check, args=(), kwargs={})
2026-09-15 09:16:27,753 - schedule - DEBUG - Running job Job(interval=15, unit=seconds, do=minute_check, args=(), kwargs={})
2026-09-15 09:16:33,287 - schedule - DEBUG - Running job Job(interval=15, unit=seconds, do=minute_check, args=(), kwargs={})
2026-09-15 09:16:42,759 - schedule - DEBUG - Running job Job(interval=15, unit=seconds, do=minute_check, args=(), kwargs={})
2026-09-15 09:16:48,293 - schedule - DEBUG - Running job Job(interval=15, unit=seconds, do=minute_check, args=(), kwargs={})
2026-09-15 09:16:57,765 - schedule - DEBUG - Running job Job(interval=15, unit=seconds, do=minute_check, args=(), kwargs={})
2026-09-15 09:17:03,299 - schedule - DEBUG - Running job Job(interval=15, unit=seconds, do=minute_check, args=(), kwargs={})
2026-09-15 09:17:12,770 - schedule - DEBUG - Running job Job(interval=15, unit=seconds, do=minute_check, args=(), kwargs={})
2026-09-15 09:17:18,305 - schedule - DEBUG - Running job Job(interval=15, unit=seconds, do=minute_check, args=(), kwargs={})
2026-09-15 09:17:27,777 - schedule - DEBUG - Running job Job(interval=15, unit=seconds, do=minute_check, args=(), kwargs={})
2026-09-15 09:17:33,312 - schedule - DEBUG - Running job Job(interval=15, unit=seconds, do=minute_check, args=(), kwargs={})
2026-09-15 09:17:42,783 - schedule - DEBUG - Running job Job(interval=15, unit=seconds, do=minute_check, args=(), kwargs={})
2026-09-15 09:17:48,317 - schedule - DEBUG - Running job Job(interval=15, unit=seconds, do=minute_check, args=(), kwargs={})
2026-09-15 09:17:57,789 - schedule - DEBUG - Running job Job(interval=15, unit=seconds, do=minute_check, args=(), kwargs={})
2026-09-15 09:18:03,323 - schedule - DEBUG - Running job Job(interval=15, unit=seconds, do=minute_check, args=(), kwargs={})
2026-09-15 09:18:12,795 - schedule - DEBUG - Running job Job(interval=15, unit=seconds, do=minute_check, args=(), kwargs={})
2026-09-15 09:18:18,329 - schedule - DEBUG - Running job Job(interval=15, unit=seconds, do=minute_check, args=(), kwargs={})
2026-09-15 09:18:27,801 - schedule - DEBUG - Running job Job(interval=15, unit=seconds, do=minute_check, args=(), kwargs={})
2026-09-15 09:18:33,335 - schedule - DEBUG - Running job Job(interval=15, unit=seconds, do=minute_check, args=(), kwargs={})
2026-09-15 09:18:42,807 - schedule - DEBUG - Running job Job(interval=15, unit=seconds, do=minute_check, args=(), kwargs={})
2026-09-15 09:18:48,341 - schedule - DEBUG - Running job Job(interval=15, unit=seconds, do=minute_check, args=(), kwargs={})
2026-09-15 09:18:57,813 - schedule - DEBUG - Running job Job(interval=15, unit=seconds, do=minute_check, args=(), kwargs={})
2026-09-15 09:19:03,347 - schedule - DEBUG - Running job Job(interval=15, unit=seconds, do=minute_check, args=(), kwargs={})
2026-09-15 09:19:12,819 - schedule - DEBUG - Running job Job(interval=15, unit=seconds, do=minute_check, args=(), kwargs={})
2026-09-15 09:19:18,353 - schedule - DEBUG - Running job Job(interval=15, unit=seconds, do=minute_check, args=(), kwargs={})
2026-09-15 09:19:27,824 - schedule - DEBUG - Running job Job(interval=15, unit=seconds, do=minute_check, args=(), kwargs={})
2026-09-15 09:19:33,359 - schedule - DEBUG - Running job Job(interval=15, unit=seconds, do=minute_check, args=(), kwargs={})
2026-09-15 09:19:42,830 - schedule - DEBUG - Running job Job(interval=15, unit=seconds, do=minute_check, args=(), kwargs={})
2026-09-15 09:19:48,364 - schedule - DEBUG - Running job Job(interval=15, unit=seconds, do=minute_check, args=(), kwargs={})
2026-09-15 09:19:57,836 - schedule - DEBUG - Running job Job(interval=15, unit=seconds, do=minute_check, args=(), kwargs={})
2026-09-15 09:20:03,370 - schedule - DEBUG - Running job Job(interval=15, unit=seconds, do=minute_check, args=(), kwargs={})
2026-09-15 09:20:12,842 - schedule - DEBUG - Running job Job(interval=15, unit=seconds, do=minute_check, args=(), kwargs={})
2026-09-15 09:20:18,376 - schedule - DEBUG - Running job Job(interval=15, unit=seconds, do=minute_check, args=(), kwargs={})
2026-09-15 09:20:27,848 - schedule - DEBUG - Running job Job(interval=15, unit=seconds, do=minute_check, args=(), kwargs={})
2026-09-15 09:20:33,382 - schedule - DEBUG - Running job Job(interval=15, unit=seconds, do=minute_check, args=(), kwargs={})
2026-09-15 09:20:42,854 - schedule - DEBUG - Running job Job(interval=15, unit=seconds, do=minute_check, args=(), kwargs={})
2026-09-15 09:20:48,388 - schedule - DEBUG - Running job Job(interval=15, unit=seconds, do=minute_check, args=(), kwargs={})
2026-09-15 09:20:57,860 - schedule - DEBUG - Running job Job(interval=15, unit=seconds, do=minute_check, args=(), kwargs={})
2026-09-15 09:21:03,394 - schedule - DEBUG - Running job Job(interval=15, unit=seconds, do=minute_check, args=(), kwargs={})
2026-09-15 09:21:12,866 - schedule - DEBUG - Running job Job(interval=15, unit=seconds, do=minute_check, args=(), kwargs={})
2026-09-15 09:21:18,400 - schedule - DEBUG - Running job Job(interval=15, unit=seconds, do=minute_check, args=(), kwargs={})
2026-09-15 09:21:27,872 - schedule - DEBUG - Running job Job(interval=15, unit=seconds, do=minute_check, args=(), kwargs={})
2026-09-15 09:21:33,406 - schedule - DEBUG - Running job Job(interval=15, unit=seconds, do=minute_check, args=(), kwargs={})
2026-09-15 09:21:42,877 - schedule - DEBUG - Running job Job(interval=15, unit=seconds, do=minute_check, args=(), kwargs={})
2026-09-15 09:21:48,412 - schedule - DEBUG - Running job Job(interval=15, unit=seconds, do=minute_check, args=(), kwargs={})
2026-09-15 09:21:57,883 - schedule - DEBUG - Running job Job(interval=15, unit=seconds, do=minute_check, args=(), kwargs={})
2026-09-15 09:22:03,417 - schedule - DEBUG - Running job Job(interval=15, unit=seconds, do=minute_check, args=(), kwargs={})
2026-09-15 09:22:12,889 - schedule - DEBUG - Running job Job(interval=15, unit=seconds, do=minute_check, args=(), kwargs={})
2026-09-15 09:22:18,423 - schedule - DEBUG - Running job Job(interval=15, unit=seconds, do=minute_check, args=(), kwargs={})
2026-09-15 09:22:27,895 - schedule - DEBUG - Running job Job(interval=15, unit=seconds, do=minute_check, args=(), kwargs={})
2026-09-15 09:22:33,429 - schedule - DEBUG - Running job Job(interval=15, unit=seconds, do=minute_check, args=(), kwargs={})
2026-09-15 09:22:42,901 - schedule - DEBUG - Running job Job(interval=15, unit=seconds, do=minute_check, args=(), kwargs={})
2026-09-15 09:22:48,435 - schedule - DEBUG - Running job Job(interval=15, unit=seconds, do=minute_check, args=(), kwargs={})
2026-09-15 09:22:57,907 - schedule - DEBUG - Running job Job(interval=15, unit=seconds, do=minute_check, args=(), kwargs={})
2026-09-15 09:23:03,441 - schedule - DEBUG - Running job Job(interval=15, unit=seconds, do=minute_check, args=(), kwargs={})
2026-09-15 09:23:12,913 - schedule - DEBUG - Running job Job(interval=15, unit=seconds, do=minute_check, args=(), kwargs={})
2026-09-15 09:23:18,447 - schedule - DEBUG - Running job Job(interval=15, unit=seconds, do=minute_check, args=(), kwargs={})
2026-09-15 09:23:27,919 - schedule - DEBUG - Running job Job(interval=15, unit=seconds, do=minute_check, args=(), kwargs={})
2026-09-15 09:23:33,453 - schedule - DEBUG - Running job Job(interval=15, unit=seconds, do=minute_check, args=(), kwargs={})
2026-09-15 09:23:42,924 - schedule - DEBUG - Running job Job(interval=15, unit=seconds, do=minute_check, args=(), kwargs={})
2026-09-15 09:23:48,459 - schedule - DEBUG - Running job Job(interval=15, unit=seconds, do=minute_check, args=(), kwargs={})
2026-09-15 09:23:57,930 - schedule - DEBUG - Running job Job(interval=15, unit=seconds, do=minute_check, args=(), kwargs={})
2026-09-15 09:24:03,465 - schedule - DEBUG - Running job Job(interval=15, unit=seconds, do=minute_check, args=(), kwargs={})
2026-09-15 09:24:12,936 - schedule - DEBUG - Running job Job(interval=15, unit=seconds, do=minute_check, args=(), kwargs={})
2026-09-15 09:24:18,470 - schedule - DEBUG - Running job Job(interval=15, unit=seconds, do=minute_check, args=(), kwargs={})
2026-09-15 09:24:27,942 - schedule - DEBUG - Running job Job(interval=15, unit=seconds, do=minute_check, args=(), kwargs={})
2026-09-15 09:24:33,476 - schedule - DEBUG - Running job Job(interval=15, unit=seconds, do=minute_check, args=(), kwargs={})
2026-09-15 09:24:42,948 - schedule - DEBUG - Running job Job(interval=15, unit=seconds, do=minute_check, args=(), kwargs={})
2026-09-15 09:24:48,482 - schedule - DEBUG - Running job Job(interval=15, unit=seconds, do=minute_check, args=(), kwargs={})
2026-09-15 09:24:57,954 - schedule - DEBUG - Running job Job(interval=15, unit=seconds, do=minute_check, args=(), kwargs={})
2026-09-15 09:25:03,488 - schedule - DEBUG - Running job Job(interval=15, unit=seconds, do=minute_check, args=(), kwargs={})
2026-09-15 09:25:12,960 - schedule - DEBUG - Running job Job(interval=15, unit=seconds, do=minute_check, args=(), kwargs={})
2026-09-15 09:25:18,494 - schedule - DEBUG - Running job Job(interval=15, unit=seconds, do=minute_check, args=(), kwargs={})
2026-09-15 09:25:27,966 - schedule - DEBUG - Running job Job(interval=15, unit=seconds, do=minute_check, args=(), kwargs={})
2026-09-15 09:25:33,500 - schedule - DEBUG - Running job Job(interval=15, unit=seconds, do=minute_check, args=(), kwargs={})
2026-09-15 09:25:42,972 - schedule - DEBUG - Running job Job(interval=15, unit=seconds, do=minute_check, args=(), kwargs={})
2026-09-15 09:25:48,506 - schedule - DEBUG - Running job Job(interval=15, unit=seconds, do=minute_check, args=(), kwargs={})
2026-09-15 09:25:57,977 - schedule - DEBUG - Running job Job(interval=15, unit=seconds, do=minute_check, args=(), kwargs={})
2026-09-15 09:26:03,512 - schedule - DEBUG - Running job Job(interval=15, unit=seconds, do=minute_check, args=(), kwargs={})
2026-09-15 09:26:12,983 - schedule - DEBUG - Running job Job(interval=15, unit=seconds, do=minute_check, args=(), kwargs={})
2026-09-15 09:26:18,518 - schedule - DEBUG - Running job Job(interval=15, unit=seconds, do=minute_check, args=(), kwargs={})
2026-09-15 09:26:27,989 - schedule - DEBUG - Running job Job(interval=15, unit=seconds, do=minute_check, args=(), kwargs={})
2026-09-15 09:26:33,523 - schedule - DEBUG - Running job Job(interval=15, unit=seconds, do=minute_check, args=(), kwargs={})
2026-09-15 09:26:42,995 - schedule - DEBUG - Running job Job(interval=15, unit=seconds, do=minute_check, args=(), kwargs={})
2026-09-15 09:26:48,530 - schedule - DEBUG - Running job Job(interval=15, unit=seconds, do=minute_check, args=(), kwargs={})
2026-09-15 09:26:58,001 - schedule - DEBUG - Running job Job(interval=15, unit=seconds, do=minute_check, args=(), kwargs={})
2026-09-15 09:27:03,536 - schedule - DEBUG - Running job Job(interval=15, unit=seconds, do=minute_check, args=(), kwargs={})
2026-09-15 09:27:13,007 - schedule - DEBUG - Running job Job(interval=15, unit=seconds, do=minute_check, args=(), kwargs={})
2026-09-15 09:27:18,542 - schedule - DEBUG - Running job Job(interval=15, unit=seconds, do=minute_check, args=(), kwargs={})
2026-09-15 09:27:28,013 - schedule - DEBUG - Running job Job(interval=15, unit=seconds, do=minute_check, args=(), kwargs={})
2026-09-15 09:27:33,548 - schedule - DEBUG - Running job Job(interval=15, unit=seconds, do=minute_check, args=(), kwargs={})
2026-09-15 09:27:43,019 - schedule - DEBUG - Running job Job(interval=15, unit=seconds, do=minute_check, args=(), kwargs={})
2026-09-15 09:27:48,554 - schedule - DEBUG - Running job Job(interval=15, unit=seconds, do=minute_check, args=(), kwargs={})
2026-09-15 09:27:58,025 - schedule - DEBUG - Running job Job(interval=15, unit=seconds, do=minute_check, args=(), kwargs={})
2026-09-15 09:28:03,560 - schedule - DEBUG - Running job Job(interval=15, unit=seconds, do=minute_check, args=(), kwargs={})
2026-09-15 09:28:13,030 - schedule - DEBUG - Running job Job(interval=15, unit=seconds, do=minute_check, args=(), kwargs={})
2026-09-15 09:28:18,566 - schedule - DEBUG - Running job Job(interval=15, unit=seconds, do=minute_check, args=(), kwargs={})
2026-09-15 09:28:28,036 - schedule - DEBUG - Running job Job(interval=15, unit=seconds, do=minute_check, args=(), kwargs={})
2026-09-15 09:28:33,571 - schedule - DEBUG - Running job Job(interval=15, unit=seconds, do=minute_check, args=(), kwargs={})
2026-09-15 09:28:43,042 - schedule - DEBUG - Running job Job(interval=15, unit=seconds, do=minute_check, args=(), kwargs={})
2026-09-15 09:28:48,577 - schedule - DEBUG - Running job Job(interval=15, unit=seconds, do=minute_check, args=(), kwargs={})
2026-09-15 09:28:58,048 - schedule - DEBUG - Running job Job(interval=15, unit=seconds, do=minute_check, args=(), kwargs={})
2026-09-15 09:29:03,583 - schedule - DEBUG - Running job Job(interval=15, unit=seconds, do=minute_check, args=(), kwargs={})
2026-09-15 09:29:13,054 - schedule - DEBUG - Running job Job(interval=15, unit=seconds, do=minute_check, args=(), kwargs={})
2026-09-15 09:29:18,589 - schedule - DEBUG - Running job Job(interval=15, unit=seconds, do=minute_check, args=(), kwargs={})
2026-09-15 09:29:28,060 - schedule - DEBUG - Running job Job(interval=15, unit=seconds, do=minute_check, args=(), kwargs={})
2026-09-15 09:29:33,595 - schedule - DEBUG - Running job Job(interval=15, unit=seconds, do=minute_check, args=(), kwargs={})
2026-09-15 09:29:43,067 - schedule - DEBUG - Running job Job(interval=15, unit=seconds, do=minute_check, args=(), kwargs={})
2026-09-15 09:29:48,601 - schedule - DEBUG - Running job Job(interval=15, unit=seconds, do=minute_check, args=(), kwargs={})
2026-09-15 09:29:58,073 - schedule - DEBUG - Running job Job(interval=15, unit=seconds, do=minute_check, args=(), kwargs={})
2026-09-15 09:30:03,607 - schedule - DEBUG - Running job Job(interval=15, unit=seconds, do=minute_check, args=(), kwargs={})
2026-09-15 09:30:13,078 - schedule - DEBUG - Running job Job(interval=15, unit=seconds, do=minute_check, args=(), kwargs={})
2026-09-15 09:30:18,613 - schedule - DEBUG - Running job Job(interval=15, unit=seconds, do=minute_check, args=(), kwargs={})
2026-09-15 09:30:28,084 - schedule - DEBUG - Running job Job(interval=15, unit=seconds, do=minute_check, args=(), kwargs={})
2026-09-15 09:30:33,619 - schedule - DEBUG - Running job Job(interval=15, unit=seconds, do=minute_check, args=(), kwargs={})
2026-09-15 09:30:43,090 - schedule - DEBUG - Running job Job(interval=15, unit=seconds, do=minute_check, args=(), kwargs={})
2026-09-15 09:30:48,624 - schedule - DEBUG - Running job Job(interval=15, unit=seconds, do=minute_check, args=(), kwargs={})
2026-09-15 09:30:58,096 - schedule - DEBUG - Running job Job(interval=15, unit=seconds, do=minute_check, args=(), kwargs={})
2026-09-15 09:31:03,630 - schedule - DEBUG - Running job Job(interval=15, unit=seconds, do=minute_check, args=(), kwargs={})
2026-09-15 09:31:13,102 - schedule - DEBUG - Running job Job(interval=15, unit=seconds, do=minute_check, args=(), kwargs={})
2026-09-15 09:31:18,636 - schedule - DEBUG - Running job Job(interval=15, unit=seconds, do=minute_check, args=(), kwargs={})
2026-09-15 09:31:28,108 - schedule - DEBUG - Running job Job(interval=15, unit=seconds, do=minute_check, args=(), kwargs={})
2026-09-15 09:31:33,642 - schedule - DEBUG - Running job Job(interval=15, unit=seconds, do=minute_check, args=(), kwargs={})
2026-09-15 09:31:43,114 - schedule - DEBUG - Running job Job(interval=15, unit=seconds, do=minute_check, args=(), kwargs={})
2026-09-15 09:31:48,648 - schedule - DEBUG - Running job Job(interval=15, unit=seconds, do=minute_check, args=(), kwargs={})
2026-09-15 09:31:58,120 - schedule - DEBUG - Running job Job(interval=15, unit=seconds, do=minute_check, args=(), kwargs={})
2026-09-15 09:32:03,654 - schedule - DEBUG - Running job Job(interval=15, unit=seconds, do=minute_check, args=(), kwargs={})
2026-09-15 09:32:13,125 - schedule - DEBUG - Running job Job(interval=15, unit=seconds, do=minute_check, args=(), kwargs={})
2026-09-15 09:32:18,660 - schedule - DEBUG - Running job Job(interval=15, unit=seconds, do=minute_check, args=(), kwargs={})
2026-09-15 09:32:28,131 - schedule - DEBUG - Running job Job(interval=15, unit=seconds, do=minute_check, args=(), kwargs={})
2026-09-15 09:32:33,666 - schedule - DEBUG - Running job Job(interval=15, unit=seconds, do=minute_check, args=(), kwargs={})
2026-09-15 09:32:43,137 - schedule - DEBUG - Running job Job(interval=15, unit=seconds, do=minute_check, args=(), kwargs={})
2026-09-15 09:32:48,671 - schedule - DEBUG - Running job Job(interval=15, unit=seconds, do=minute_check, args=(), kwargs={})
2026-09-15 09:32:58,143 - schedule - DEBUG - Running job Job(interval=15, unit=seconds, do=minute_check, args=(), kwargs={})
2026-09-15 09:33:03,677 - schedule - DEBUG - Running job Job(interval=15, unit=seconds, do=minute_check, args=(), kwargs={})
2026-09-15 09:33:13,149 - schedule - DEBUG - Running job Job(interval=15, unit=seconds, do=minute_check, args=(), kwargs={})
2026-09-15 09:33:18,683 - schedule - DEBUG - Running job Job(interval=15, unit=seconds, do=minute_check, args=(), kwargs={})
2026-09-15 09:33:28,155 - schedule - DEBUG - Running job Job(interval=15, unit=seconds, do=minute_check, args=(), kwargs={})
2026-09-15 09:33:33,688 - schedule - DEBUG - Running job Job(interval=15, unit=seconds, do=minute_check, args=(), kwargs={})
2026-09-15 09:33:43,161 - schedule - DEBUG - Running job Job(interval=15, unit=seconds, do=minute_check, args=(), kwargs={})
2026-09-15 09:33:48,694 - schedule - DEBUG - Running job Job(interval=15, unit=seconds, do=minute_check, args=(), kwargs={})
2026-09-15 09:33:58,167 - schedule - DEBUG - Running job Job(interval=15, unit=seconds, do=minute_check, args=(), kwargs={})
2026-09-15 09:34:03,700 - schedule - DEBUG - Running job Job(interval=15, unit=seconds, do=minute_check, args=(), kwargs={})
2026-09-15 09:34:13,173 - schedule - DEBUG - Running job Job(interval=15, unit=seconds, do=minute_check, args=(), kwargs={})
2026-09-15 09:34:18,706 - schedule - DEBUG - Running job Job(interval=15, unit=seconds, do=minute_check, args=(), kwargs={})
2026-09-15 09:34:28,178 - schedule - DEBUG - Running job Job(interval=15, unit=seconds, do=minute_check, args=(), kwargs={})
2026-09-15 09:34:33,712 - schedule - DEBUG - Running job Job(interval=15, unit=seconds, do=minute_check, args=(), kwargs={})
2026-09-15 09:34:43,184 - schedule - DEBUG - Running job Job(interval=15, unit=seconds, do=minute_check, args=(), kwargs={})
2026-09-15 09:34:48,718 - schedule - DEBUG - Running job Job(interval=15, unit=seconds, do=minute_check, args=(), kwargs={})
2026-09-15 09:34:58,190 - schedule - DEBUG - Running job Job(interval=15, unit=seconds, do=minute_check, args=(), kwargs={})
2026-09-15 09:35:03,723 - schedule - DEBUG - Running job Job(interval=15, unit=seconds, do=minute_check, args=(), kwargs={})
2026-09-15 09:35:13,195 - schedule - DEBUG - Running job Job(interval=15, unit=seconds, do=minute_check, args=(), kwargs={})
2026-09-15 09:35:18,729 - schedule - DEBUG - Running job Job(interval=15, unit=seconds, do=minute_check, args=(), kwargs={})
2026-09-15 09:35:28,201 - schedule - DEBUG - Running job Job(interval=15, unit=seconds, do=minute_check, args=(), kwargs={})
2026-09-15 09:35:33,735 - schedule - DEBUG - Running job Job(interval=15, unit=seconds, do=minute_check, args=(), kwargs={})
2026-09-15 09:35:43,207 - schedule - DEBUG - Running job Job(interval=15, unit=seconds, do=minute_check, args=(), kwargs={})
2026-09-15 09:35:48,741 - schedule - DEBUG - Running job Job(interval=15, unit=seconds, do=minute_check, args=(), kwargs={})
2026-09-15 09:35:58,213 - schedule - DEBUG - Running job Job(interval=15, unit=seconds, do=minute_check, args=(), kwargs={})
2026-09-15 09:36:03,749 - schedule - DEBUG - Running job Job(interval=15, unit=seconds, do=minute_check, args=(), kwargs={})
2026-09-15 09:36:13,219 - schedule - DEBUG - Running job Job(interval=15, unit=seconds, do=minute_check, args=(), kwargs={})
2026-09-15 09:36:18,755 - schedule - DEBUG - Running job Job(interval=15, unit=seconds, do=minute_check, args=(), kwargs={})
2026-09-15 09:36:28,225 - schedule - DEBUG - Running job Job(interval=15, unit=seconds, do=minute_check, args=(), kwargs={})
2026-09-15 09:36:33,761 - schedule - DEBUG - Running job Job(interval=15, unit=seconds, do=minute_check, args=(), kwargs={})
2026-09-15 09:36:43,230 - schedule - DEBUG - Running job Job(interval=15, unit=seconds, do=minute_check, args=(), kwargs={})
2026-09-15 09:36:48,767 - schedule - DEBUG - Running job Job(interval=15, unit=seconds, do=minute_check, args=(), kwargs={})
2026-09-15 09:36:58,236 - schedule - DEBUG - Running job Job(interval=15, unit=seconds, do=minute_check, args=(), kwargs={})
2026-09-15 09:37:03,772 - schedule - DEBUG - Running job Job(interval=15, unit=seconds, do=minute_check, args=(), kwargs={})
2026-09-15 09:37:13,242 - schedule - DEBUG - Running job Job(interval=15, unit=seconds, do=minute_check, args=(), kwargs={})
2026-09-15 09:37:18,778 - schedule - DEBUG - Running job Job(interval=15, unit=seconds, do=minute_check, args=(), kwargs={})
2026-09-15 09:37:28,248 - schedule - DEBUG - Running job Job(interval=15, unit=seconds, do=minute_check, args=(), kwargs={})
2026-09-15 09:37:43,254 - schedule - DEBUG - Running job Job(interval=15, unit=seconds, do=minute_check, args=(), kwargs={})
2026-09-15 09:37:56,753 - schedule - DEBUG - Running job Job(interval=15, unit=seconds, do=minute_check, args=(), kwargs={})
2026-09-15 09:37:58,260 - schedule - DEBUG - Running job Job(interval=15, unit=seconds, do=minute_check, args=(), kwargs={})
2026-09-15 09:38:11,759 - schedule - DEBUG - Running job Job(interval=15, unit=seconds, do=minute_check, args=(), kwargs={})
2026-09-15 09:38:13,266 - schedule - DEBUG - Running job Job(interval=15, unit=seconds, do=minute_check, args=(), kwargs={})
2026-09-15 09:38:26,765 - schedule - DEBUG - Running job Job(interval=15, unit=seconds, do=minute_check, args=(), kwargs={})
2026-09-15 09:38:28,272 - schedule - DEBUG - Running job Job(interval=15, unit=seconds, do=minute_check, args=(), kwargs={})
2026-09-15 09:38:41,770 - schedule - DEBUG - Running job Job(interval=15, unit=seconds, do=minute_check, args=(), kwargs={})
2026-09-15 09:38:43,277 - schedule - DEBUG - Running job Job(interval=15, unit=seconds, do=minute_check, args=(), kwargs={})
2026-09-15 09:38:56,776 - schedule - DEBUG - Running job Job(interval=15, unit=seconds, do=minute_check, args=(), kwargs={})
2026-09-15 09:38:58,283 - schedule - DEBUG - Running job Job(interval=15, unit=seconds, do=minute_check, args=(), kwargs={})
2026-09-15 09:39:11,782 - schedule - DEBUG - Running job Job(interval=15, unit=seconds, do=minute_check, args=(), kwargs={})
2026-09-15 09:39:13,289 - schedule - DEBUG - Running job Job(interval=15, unit=seconds, do=minute_check, args=(), kwargs={})
2026-09-15 09:39:26,788 - schedule - DEBUG - Running job Job(interval=15, unit=seconds, do=minute_check, args=(), kwargs={})
2026-09-15 09:39:28,295 - schedule - DEBUG - Running job Job(interval=15, unit=seconds, do=minute_check, args=(), kwargs={})
2026-09-15 09:39:41,795 - schedule - DEBUG - Running job Job(interval=15, unit=seconds, do=minute_check, args=(), kwargs={})
2026-09-15 09:39:43,301 - schedule - DEBUG - Running job Job(interval=15, unit=seconds, do=minute_check, args=(), kwargs={})
2026-09-15 09:39:56,801 - schedule - DEBUG - Running job Job(interval=15, unit=seconds, do=minute_check, args=(), kwargs={})
2026-09-15 09:39:58,307 - schedule - DEBUG - Running job Job(interval=15, unit=seconds, do=minute_check, args=(), kwargs={})
2026-09-15 09:40:11,807 - schedule - DEBUG - Running job Job(interval=15, unit=seconds, do=minute_check, args=(), kwargs={})
2026-09-15 09:40:13,313 - schedule - DEBUG - Running job Job(interval=15, unit=seconds, do=minute_check, args=(), kwargs={})
2026-09-15 09:40:26,813 - schedule - DEBUG - Running job Job(interval=15, unit=seconds, do=minute_check, args=(), kwargs={})
2026-09-15 09:40:28,319 - schedule - DEBUG - Running job Job(interval=15, unit=seconds, do=minute_check, args=(), kwargs={})
2026-09-15 09:40:41,819 - schedule - DEBUG - Running job Job(interval=15, unit=seconds, do=minute_check, args=(), kwargs={})
2026-09-15 09:40:43,325 - schedule - DEBUG - Running job Job(interval=15, unit=seconds, do=minute_check, args=(), kwargs={})
2026-09-15 09:40:56,825 - schedule - DEBUG - Running job Job(interval=15, unit=seconds, do=minute_check, args=(), kwargs={})
2026-09-15 09:40:58,330 - schedule - DEBUG - Running job Job(interval=15, unit=seconds, do=minute_check, args=(), kwargs={})
2026-09-15 09:41:11,831 - schedule - DEBUG - Running job Job(interval=15, unit=seconds, do=minute_check, args=(), kwargs={})
2026-09-15 09:41:13,336 - schedule - DEBUG - Running job Job(interval=15, unit=seconds, do=minute_check, args=(), kwargs={})
2026-09-15 09:41:26,837 - schedule - DEBUG - Running job Job(interval=15, unit=seconds, do=minute_check, args=(), kwargs={})
2026-09-15 09:41:28,342 - schedule - DEBUG - Running job Job(interval=15, unit=seconds, do=minute_check, args=(), kwargs={})
2026-09-15 09:41:41,843 - schedule - DEBUG - Running job Job(interval=15, unit=seconds, do=minute_check, args=(), kwargs={})
2026-09-15 09:41:43,348 - schedule - DEBUG - Running job Job(interval=15, unit=seconds, do=minute_check, args=(), kwargs={})
2026-09-15 09:41:56,849 - schedule - DEBUG - Running job Job(interval=15, unit=seconds, do=minute_check, args=(), kwargs={})
2026-09-15 09:41:58,354 - schedule - DEBUG - Running job Job(interval=15, unit=seconds, do=minute_check, args=(), kwargs={})
2026-09-15 09:42:11,855 - schedule - DEBUG - Running job Job(interval=15, unit=seconds, do=minute_check, args=(), kwargs={})
2026-09-15 09:42:13,360 - schedule - DEBUG - Running job Job(interval=15, unit=seconds, do=minute_check, args=(), kwargs={})
2026-09-15 09:42:26,862 - schedule - DEBUG - Running job Job(interval=15, unit=seconds, do=minute_check, args=(), kwargs={})
2026-09-15 09:42:28,366 - schedule - DEBUG - Running job Job(interval=15, unit=seconds, do=minute_check, args=(), kwargs={})
2026-09-15 09:42:41,868 - schedule - DEBUG - Running job Job(interval=15, unit=seconds, do=minute_check, args=(), kwargs={})
2026-09-15 09:42:43,372 - schedule - DEBUG - Running job Job(interval=15, unit=seconds, do=minute_check, args=(), kwargs={})
2026-09-15 09:42:56,873 - schedule - DEBUG - Running job Job(interval=15, unit=seconds, do=minute_check, args=(), kwargs={})
2026-09-15 09:42:58,377 - schedule - DEBUG - Running job Job(interval=15, unit=seconds, do=minute_check, args=(), kwargs={})
2026-09-15 09:43:11,879 - schedule - DEBUG - Running job Job(interval=15, unit=seconds, do=minute_check, args=(), kwargs={})
2026-09-15 09:43:13,383 - schedule - DEBUG - Running job Job(interval=15, unit=seconds, do=minute_check, args=(), kwargs={})
2026-09-15 09:43:26,885 - schedule - DEBUG - Running job Job(interval=15, unit=seconds, do=minute_check, args=(), kwargs={})
2026-09-15 09:43:28,389 - schedule - DEBUG - Running job Job(interval=15, unit=seconds, do=minute_check, args=(), kwargs={})
2026-09-15 09:43:41,891 - schedule - DEBUG - Running job Job(interval=15, unit=seconds, do=minute_check, args=(), kwargs={})
2026-09-15 09:43:43,395 - schedule - DEBUG - Running job Job(interval=15, unit=seconds, do=minute_check, args=(), kwargs={})
2026-09-15 09:43:56,897 - schedule - DEBUG - Running job Job(interval=15, unit=seconds, do=minute_check, args=(), kwargs={})
2026-09-15 09:43:58,401 - schedule - DEBUG - Running job Job(interval=15, unit=seconds, do=minute_check, args=(), kwargs={})
2026-09-15 09:44:11,903 - schedule - DEBUG - Running job Job(interval=15, unit=seconds, do=minute_check, args=(), kwargs={})
2026-09-15 09:44:13,408 - schedule - DEBUG - Running job Job(interval=15, unit=seconds, do=minute_check, args=(), kwargs={})
2026-09-15 09:44:26,910 - schedule - DEBUG - Running job Job(interval=15, unit=seconds, do=minute_check, args=(), kwargs={})
2026-09-15 09:44:28,414 - schedule - DEBUG - Running job Job(interval=15, unit=seconds, do=minute_check, args=(), kwargs={})
2026-09-15 09:44:41,916 - schedule - DEBUG - Running job Job(interval=15, unit=seconds, do=minute_check, args=(), kwargs={})
2026-09-15 09:44:43,420 - schedule - DEBUG - Running job Job(interval=15, unit=seconds, do=minute_check, args=(), kwargs={})
2026-09-15 09:44:56,922 - schedule - DEBUG - Running job Job(interval=15, unit=seconds, do=minute_check, args=(), kwargs={})
2026-09-15 09:44:58,426 - schedule - DEBUG - Running job Job(interval=15, unit=seconds, do=minute_check, args=(), kwargs={})
2026-09-15 09:45:11,927 - schedule - DEBUG - Running job Job(interval=15, unit=seconds, do=minute_check, args=(), kwargs={})
2026-09-15 09:45:13,431 - schedule - DEBUG - Running job Job(interval=15, unit=seconds, do=minute_check, args=(), kwargs={})
2026-09-15 09:45:26,933 - schedule - DEBUG - Running job Job(interval=15, unit=seconds, do=minute_check, args=(), kwargs={})
2026-09-15 09:45:28,437 - schedule - DEBUG - Running job Job(interval=15, unit=seconds, do=minute_check, args=(), kwargs={})
2026-09-15 09:45:41,939 - schedule - DEBUG - Running job Job(interval=15, unit=seconds, do=minute_check, args=(), kwargs={})
2026-09-15 09:45:43,443 - schedule - DEBUG - Running job Job(interval=15, unit=seconds, do=minute_check, args=(), kwargs={})
2026-09-15 09:45:56,945 - schedule - DEBUG - Running job Job(interval=15, unit=seconds, do=minute_check, args=(), kwargs={})
2026-09-15 09:45:58,449 - schedule - DEBUG - Running job Job(interval=15, unit=seconds, do=minute_check, args=(), kwargs={})
2026-09-15 09:46:11,951 - schedule - DEBUG - Running job Job(interval=15, unit=seconds, do=minute_check, args=(), kwargs={})
2026-09-15 09:46:13,455 - schedule - DEBUG - Running job Job(interval=15, unit=seconds, do=minute_check, args=(), kwargs={})
2026-09-15 09:46:26,958 - schedule - DEBUG - Running job Job(interval=15, unit=seconds, do=minute_check, args=(), kwargs={})
2026-09-15 09:46:28,461 - schedule - DEBUG - Running job Job(interval=15, unit=seconds, do=minute_check, args=(), kwargs={})
2026-09-15 09:46:41,964 - schedule - DEBUG - Running job Job(interval=15, unit=seconds, do=minute_check, args=(), kwargs={})
2026-09-15 09:46:43,467 - schedule - DEBUG - Running job Job(interval=15, unit=seconds, do=minute_check, args=(), kwargs={})
2026-09-15 09:46:56,970 - schedule - DEBUG - Running job Job(interval=15, unit=seconds, do=minute_check, args=(), kwargs={})
2026-09-15 09:46:58,473 - schedule - DEBUG - Running job Job(interval=15, unit=seconds, do=minute_check, args=(), kwargs={})
2026-09-15 09:47:11,975 - schedule - DEBUG - Running job Job(interval=15, unit=seconds, do=minute_check, args=(), kwargs={})
2026-09-15 09:47:13,478 - schedule - DEBUG - Running job Job(interval=15, unit=seconds, do=minute_check, args=(), kwargs={})
2026-09-15 09:47:26,981 - schedule - DEBUG - Running job Job(interval=15, unit=seconds, do=minute_check, args=(), kwargs={})
2026-09-15 09:47:28,484 - schedule - DEBUG - Running job Job(interval=15, unit=seconds, do=minute_check, args=(), kwargs={})
2026-09-15 09:47:41,987 - schedule - DEBUG - Running job Job(interval=15, unit=seconds, do=minute_check, args=(), kwargs={})
2026-09-15 09:47:43,490 - schedule - DEBUG - Running job Job(interval=15, unit=seconds, do=minute_check, args=(), kwargs={})
2026-09-15 09:47:56,993 - schedule - DEBUG - Running job Job(interval=15, unit=seconds, do=minute_check, args=(), kwargs={})
2026-09-15 09:47:58,496 - schedule - DEBUG - Running job Job(interval=15, unit=seconds, do=minute_check, args=(), kwargs={})
2026-09-15 09:48:11,999 - schedule - DEBUG - Running job Job(interval=15, unit=seconds, do=minute_check, args=(), kwargs={})
2026-09-15 09:48:13,502 - schedule - DEBUG - Running job Job(interval=15, unit=seconds, do=minute_check, args=(), kwargs={})
2026-09-15 09:48:27,005 - schedule - DEBUG - Running job Job(interval=15, unit=seconds, do=minute_check, args=(), kwargs={})
2026-09-15 09:48:28,508 - schedule - DEBUG - Running job Job(interval=15, unit=seconds, do=minute_check, args=(), kwargs={})
2026-09-15 09:48:42,011 - schedule - DEBUG - Running job Job(interval=15, unit=seconds, do=minute_check, args=(), kwargs={})
2026-09-15 09:48:43,514 - schedule - DEBUG - Running job Job(interval=15, unit=seconds, do=minute_check, args=(), kwargs={})
2026-09-15 09:48:57,017 - schedule - DEBUG - Running job Job(interval=15, unit=seconds, do=minute_check, args=(), kwargs={})
2026-09-15 09:48:58,520 - schedule - DEBUG - Running job Job(interval=15, unit=seconds, do=minute_check, args=(), kwargs={})
2026-09-15 09:49:12,025 - schedule - DEBUG - Running job Job(interval=15, unit=seconds, do=minute_check, args=(), kwargs={})
2026-09-15 09:49:13,526 - schedule - DEBUG - Running job Job(interval=15, unit=seconds, do=minute_check, args=(), kwargs={})
2026-09-15 09:49:27,030 - schedule - DEBUG - Running job Job(interval=15, unit=seconds, do=minute_check, args=(), kwargs={})
2026-09-15 09:49:28,531 - schedule - DEBUG - Running job Job(interval=15, unit=seconds, do=minute_check, args=(), kwargs={})
2026-09-15 09:49:42,036 - schedule - DEBUG - Running job Job(interval=15, unit=seconds, do=minute_check, args=(), kwargs={})
2026-09-15 09:49:43,538 - schedule - DEBUG - Running job Job(interval=15, unit=seconds, do=minute_check, args=(), kwargs={})
2026-09-15 09:49:57,042 - schedule - DEBUG - Running job Job(interval=15, unit=seconds, do=minute_check, args=(), kwargs={})
2026-09-15 09:49:58,544 - schedule - DEBUG - Running job Job(interval=15, unit=seconds, do=minute_check, args=(), kwargs={})
2026-09-15 09:50:12,048 - schedule - DEBUG - Running job Job(interval=15, unit=seconds, do=minute_check, args=(), kwargs={})
2026-09-15 09:50:13,550 - schedule - DEBUG - Running job Job(interval=15, unit=seconds, do=minute_check, args=(), kwargs={})
2026-09-15 09:50:27,054 - schedule - DEBUG - Running job Job(interval=15, unit=seconds, do=minute_check, args=(), kwargs={})
2026-09-15 09:50:28,556 - schedule - DEBUG - Running job Job(interval=15, unit=seconds, do=minute_check, args=(), kwargs={})
2026-09-15 09:50:42,061 - schedule - DEBUG - Running job Job(interval=15, unit=seconds, do=minute_check, args=(), kwargs={})
2026-09-15 09:50:43,562 - schedule - DEBUG - Running job Job(interval=15, unit=seconds, do=minute_check, args=(), kwargs={})
2026-09-15 09:50:57,067 - schedule - DEBUG - Running job Job(interval=15, unit=seconds, do=minute_check, args=(), kwargs={})
2026-09-15 09:50:58,568 - schedule - DEBUG - Running job Job(interval=15, unit=seconds, do=minute_check, args=(), kwargs={})
2026-09-15 09:51:12,073 - schedule - DEBUG - Running job Job(interval=15, unit=seconds, do=minute_check, args=(), kwargs={})
2026-09-15 09:51:13,574 - schedule - DEBUG - Running job Job(interval=15, unit=seconds, do=minute_check, args=(), kwargs={})
2026-09-15 09:51:27,079 - schedule - DEBUG - Running job Job(interval=15, unit=seconds, do=minute_check, args=(), kwargs={})
2026-09-15 09:51:28,579 - schedule - DEBUG - Running job Job(interval=15, unit=seconds, do=minute_check, args=(), kwargs={})
2026-09-15 09:51:42,085 - schedule - DEBUG - Running job Job(interval=15, unit=seconds, do=minute_check, args=(), kwargs={})
2026-09-15 09:51:43,345 - __main__ - INFO - 
SCHEDULER STOPPED
2026-09-15 09:51:57,091 - schedule - DEBUG - Running job Job(interval=15, unit=seconds, do=minute_check, args=(), kwargs={})
2026-09-15 09:52:12,097 - schedule - DEBUG - Running job Job(interval=15, unit=seconds, do=minute_check, args=(), kwargs={})
2026-09-15 09:52:27,103 - schedule - DEBUG - Running job Job(interval=15, unit=seconds, do=minute_check, args=(), kwargs={})
2026-09-15 09:52:42,110 - schedule - DEBUG - Running job Job(interval=15, unit=seconds, do=minute_check, args=(), kwargs={})
2026-09-15 09:52:57,116 - schedule - DEBUG - Running job Job(interval=15, unit=seconds, do=minute_check, args=(), kwargs={})
2026-09-15 09:53:12,122 - schedule - DEBUG - Running job Job(interval=15, unit=seconds, do=minute_check, args=(), kwargs={})
2026-09-15 09:53:27,129 - schedule - DEBUG - Running job Job(interval=15, unit=seconds, do=minute_check, args=(), kwargs={})
2026-09-15 09:53:42,135 - schedule - DEBUG - Running job Job(interval=15, unit=seconds, do=minute_check, args=(), kwargs={})
2026-09-15 09:53:57,141 - schedule - DEBUG - Running job Job(interval=15, unit=seconds, do=minute_check, args=(), kwargs={})
2026-09-15 09:54:12,148 - schedule - DEBUG - Running job Job(interval=15, unit=seconds, do=minute_check, args=(), kwargs={})
2026-09-15 09:54:27,154 - schedule - DEBUG - Running job Job(interval=15, unit=seconds, do=minute_check, args=(), kwargs={})
2026-09-15 09:54:42,160 - schedule - DEBUG - Running job Job(interval=15, unit=seconds, do=minute_check, args=(), kwargs={})
2026-09-15 09:54:57,166 - schedule - DEBUG - Running job Job(interval=15, unit=seconds, do=minute_check, args=(), kwargs={})
2026-09-15 09:55:12,172 - schedule - DEBUG - Running job Job(interval=15, unit=seconds, do=minute_check, args=(), kwargs={})
2026-09-15 09:55:27,178 - schedule - DEBUG - Running job Job(interval=15, unit=seconds, do=minute_check, args=(), kwargs={})
2026-09-15 09:55:42,184 - schedule - DEBUG - Running job Job(interval=15, unit=seconds, do=minute_check, args=(), kwargs={})
2026-09-15 09:55:57,189 - schedule - DEBUG - Running job Job(interval=15, unit=seconds, do=minute_check, args=(), kwargs={})
2026-09-15 09:56:12,195 - schedule - DEBUG - Running job Job(interval=15, unit=seconds, do=minute_check, args=(), kwargs={})
2026-09-15 09:56:27,201 - schedule - DEBUG - Running job Job(interval=15, unit=seconds, do=minute_check, args=(), kwargs={})
2026-09-15 09:56:42,207 - schedule - DEBUG - Running job Job(interval=15, unit=seconds, do=minute_check, args=(), kwargs={})
2026-09-15 09:56:57,213 - schedule - DEBUG - Running job Job(interval=15, unit=seconds, do=minute_check, args=(), kwargs={})
2026-09-15 09:57:12,219 - schedule - DEBUG - Running job Job(interval=15, unit=seconds, do=minute_check, args=(), kwargs={})
2026-09-15 09:57:27,226 - schedule - DEBUG - Running job Job(interval=15, unit=seconds, do=minute_check, args=(), kwargs={})
2026-09-15 09:57:42,232 - schedule - DEBUG - Running job Job(interval=15, unit=seconds, do=minute_check, args=(), kwargs={})
2026-09-15 09:57:57,238 - schedule - DEBUG - Running job Job(interval=15, unit=seconds, do=minute_check, args=(), kwargs={})
2026-09-15 09:58:12,244 - schedule - DEBUG - Running job Job(interval=15, unit=seconds, do=minute_check, args=(), kwargs={})
2026-09-15 09:58:27,250 - schedule - DEBUG - Running job Job(interval=15, unit=seconds, do=minute_check, args=(), kwargs={})
2026-09-15 09:58:42,257 - schedule - DEBUG - Running job Job(interval=15, unit=seconds, do=minute_check, args=(), kwargs={})
2026-09-15 09:58:57,263 - schedule - DEBUG - Running job Job(interval=15, unit=seconds, do=minute_check, args=(), kwargs={})
2026-09-15 09:59:12,270 - schedule - DEBUG - Running job Job(interval=15, unit=seconds, do=minute_check, args=(), kwargs={})
2026-09-15 09:59:27,277 - schedule - DEBUG - Running job Job(interval=15, unit=seconds, do=minute_check, args=(), kwargs={})
2026-09-15 09:59:42,283 - schedule - DEBUG - Running job Job(interval=15, unit=seconds, do=minute_check, args=(), kwargs={})
2026-09-15 09:59:57,290 - schedule - DEBUG - Running job Job(interval=15, unit=seconds, do=minute_check, args=(), kwargs={})
2026-09-15 10:00:12,296 - schedule - DEBUG - Running job Job(interval=15, unit=seconds, do=minute_check, args=(), kwargs={})
2026-09-15 10:00:27,302 - schedule - DEBUG - Running job Job(interval=15, unit=seconds, do=minute_check, args=(), kwargs={})
2026-09-15 10:00:42,308 - schedule - DEBUG - Running job Job(interval=15, unit=seconds, do=minute_check, args=(), kwargs={})
2026-09-15 10:00:57,314 - schedule - DEBUG - Running job Job(interval=15, unit=seconds, do=minute_check, args=(), kwargs={})
2026-09-15 10:01:12,321 - schedule - DEBUG - Running job Job(interval=15, unit=seconds, do=minute_check, args=(), kwargs={})
2026-09-15 10:01:27,327 - schedule - DEBUG - Running job Job(interval=15, unit=seconds, do=minute_check, args=(), kwargs={})
2026-09-15 10:01:42,334 - schedule - DEBUG - Running job Job(interval=15, unit=seconds, do=minute_check, args=(), kwargs={})
2026-09-15 10:01:57,340 - schedule - DEBUG - Running job Job(interval=15, unit=seconds, do=minute_check, args=(), kwargs={})
2026-09-15 10:02:12,345 - schedule - DEBUG - Running job Job(interval=15, unit=seconds, do=minute_check, args=(), kwargs={})
2026-09-15 10:02:27,351 - schedule - DEBUG - Running job Job(interval=15, unit=seconds, do=minute_check, args=(), kwargs={})
2026-09-15 10:02:42,357 - schedule - DEBUG - Running job Job(interval=15, unit=seconds, do=minute_check, args=(), kwargs={})
2026-09-15 10:02:57,364 - schedule - DEBUG - Running job Job(interval=15, unit=seconds, do=minute_check, args=(), kwargs={})
2026-09-15 10:03:12,370 - schedule - DEBUG - Running job Job(interval=15, unit=seconds, do=minute_check, args=(), kwargs={})
2026-09-15 10:03:27,376 - schedule - DEBUG - Running job Job(interval=15, unit=seconds, do=minute_check, args=(), kwargs={})
2026-09-15 10:03:35,918 - urllib3.connectionpool - DEBUG - Starting new HTTPS connection (1): paper-api.alpaca.markets:443
2026-09-15 10:03:36,067 - urllib3.connectionpool - DEBUG - https://paper-api.alpaca.markets:443 "GET /v2/account HTTP/1.1" 200 960
2026-09-15 10:03:36,068 - api_handler - INFO - Connected to Alpaca
2026-09-15 10:03:36,068 - api_handler - INFO -   Equity: $100000.00
2026-09-15 10:03:36,069 - api_handler - INFO -   Buying Power: $400000.00
2026-09-15 10:03:36,070 - __main__ - INFO - ================================================================================
2026-09-15 10:03:36,070 - __main__ - INFO - ASTRA SCHEDULER INITIALIZED
2026-09-15 10:03:36,070 - __main__ - INFO - Trading: Account 1 ($10000)
2026-09-15 10:03:36,071 - __main__ - INFO - Mode: REAL ALPACA PAPER ORDERS
2026-09-15 10:03:36,071 - __main__ - INFO - ================================================================================
2026-09-15 10:03:36,072 - __main__ - INFO - Schedule configured
2026-09-15 10:03:36,072 - __main__ - INFO -   • 8:00 AM: Start
2026-09-15 10:03:36,072 - __main__ - INFO -   • Every minute: Check signals & manage positions
2026-09-15 10:03:36,072 - __main__ - INFO -   • 12:30 PM: Close all positions
2026-09-15 10:03:42,383 - schedule - DEBUG - Running job Job(interval=15, unit=seconds, do=minute_check, args=(), kwargs={})
2026-09-15 10:03:57,389 - schedule - DEBUG - Running job Job(interval=15, unit=seconds, do=minute_check, args=(), kwargs={})
2026-09-15 10:04:12,397 - schedule - DEBUG - Running job Job(interval=15, unit=seconds, do=minute_check, args=(), kwargs={})
2026-09-15 10:04:27,404 - schedule - DEBUG - Running job Job(interval=15, unit=seconds, do=minute_check, args=(), kwargs={})
2026-09-15 10:04:42,411 - schedule - DEBUG - Running job Job(interval=15, unit=seconds, do=minute_check, args=(), kwargs={})
2026-09-15 10:04:43,396 - urllib3.connectionpool - DEBUG - Starting new HTTPS connection (1): paper-api.alpaca.markets:443
2026-09-15 10:04:43,506 - urllib3.connectionpool - DEBUG - https://paper-api.alpaca.markets:443 "GET /v2/account HTTP/1.1" 200 960
2026-09-15 10:04:43,507 - api_handler - INFO - Connected to Alpaca
2026-09-15 10:04:43,507 - api_handler - INFO -   Equity: $100000.00
2026-09-15 10:04:43,508 - api_handler - INFO -   Buying Power: $400000.00
2026-09-15 10:04:43,510 - __main__ - INFO - ================================================================================
2026-09-15 10:04:43,510 - __main__ - INFO - ASTRA SCHEDULER INITIALIZED
2026-09-15 10:04:43,510 - __main__ - INFO - Trading: Account 1 ($10000)
2026-09-15 10:04:43,511 - __main__ - INFO - Mode: REAL ALPACA PAPER ORDERS
2026-09-15 10:04:43,511 - __main__ - INFO - ================================================================================
2026-09-15 10:04:43,512 - __main__ - INFO - Schedule configured
2026-09-15 10:04:43,512 - __main__ - INFO -   • 8:00 AM: Start
2026-09-15 10:04:43,512 - __main__ - INFO -   • Every minute: Check signals & manage positions
2026-09-15 10:04:43,513 - __main__ - INFO -   • 12:30 PM: Close all positions
2026-09-15 10:04:43,513 - __main__ - INFO - 
 LATE START DETECTED - Current time: 11:04 
2026-09-15 10:04:43,513 - __main__ - INFO - Starting trading immediately..

2026-09-15 10:04:43,514 - urllib3.connectionpool - DEBUG - Starting new HTTPS connection (1): paper-api.alpaca.markets:443
2026-09-15 10:04:43,619 - urllib3.connectionpool - DEBUG - https://paper-api.alpaca.markets:443 "GET /v2/account HTTP/1.1" 200 960
2026-09-15 10:04:43,621 - yfinance - DEBUG - Entering download()
2026-09-15 10:04:43,621 - yfinance - DEBUG - Disabling multithreading because DEBUG logging enabled
2026-09-15 10:04:43,622 - yfinance - DEBUG -  Entering history()
2026-09-15 10:04:43,623 - peewee - DEBUG - ('CREATE TABLE IF NOT EXISTS "_tz_kv" ("key" VARCHAR(255) NOT NULL PRIMARY KEY, "value" VARCHAR(255)) WITHOUT ROWID', [])
2026-09-15 10:04:43,623 - peewee - DEBUG - ('SELECT "t1"."key", "t1"."value" FROM "_tz_kv" AS "t1" WHERE ("t1"."key" = ?) LIMIT ? OFFSET ?', ['ES=F', 1, 0])
2026-09-15 10:04:43,624 - yfinance - DEBUG -   Entering history()
2026-09-15 10:04:43,625 - yfinance - DEBUG - ES=F: Yahoo GET parameters: {'range': '5d', 'interval': '1d', 'includePrePost': False, 'events': 'div,splits,capitalGains'}
2026-09-15 10:04:43,625 - yfinance - DEBUG -    Entering get()
2026-09-15 10:04:43,625 - yfinance - DEBUG -     Entering _make_request()
2026-09-15 10:04:43,626 - yfinance - DEBUG - url=https://query2.finance.yahoo.com/v8/finance/chart/ES=F
2026-09-15 10:04:43,626 - yfinance - DEBUG - params={'range': '5d', 'interval': '1d', 'includePrePost': False, 'events': 'div,splits,capitalGains'}
2026-09-15 10:04:43,627 - yfinance - DEBUG -      Entering _get_cookie_and_crumb()
2026-09-15 10:04:43,627 - yfinance - DEBUG - cookie_mode = 'basic'
2026-09-15 10:04:43,628 - yfinance - DEBUG -       Entering _get_cookie_and_crumb_basic()
2026-09-15 10:04:43,628 - yfinance - DEBUG -        Entering _get_cookie_basic()
2026-09-15 10:04:43,628 - yfinance - DEBUG -         Entering _load_cookie_curlCffi()
2026-09-15 10:04:43,630 - peewee - DEBUG - ('CREATE TABLE IF NOT EXISTS "_cookieschema" ("strategy" VARCHAR(255) NOT NULL PRIMARY KEY, "fetch_date" DATETIME NOT NULL, "cookie_bytes" BLOB NOT NULL) WITHOUT ROWID', [])
2026-09-15 10:04:43,630 - peewee - DEBUG - ('SELECT "t1"."strategy", "t1"."fetch_date", "t1"."cookie_bytes" FROM "_cookieschema" AS "t1" WHERE ("t1"."strategy" = ?) LIMIT ? OFFSET ?', ['curlCffi', 1, 0])
2026-09-15 10:04:43,631 - yfinance - DEBUG -         Exiting _load_cookie_curlCffi()
2026-09-15 10:04:43,631 - yfinance - DEBUG - reusing persistent cookie
2026-09-15 10:04:43,631 - yfinance - DEBUG -        Exiting _get_cookie_basic()
2026-09-15 10:04:43,631 - yfinance - DEBUG -        Entering _get_crumb_basic()
2026-09-15 10:04:43,632 - yfinance - DEBUG -         Entering _get_cookie_basic()
2026-09-15 10:04:43,632 - yfinance - DEBUG - reusing cookie
2026-09-15 10:04:43,632 - yfinance - DEBUG -         Exiting _get_cookie_basic()
2026-09-15 10:04:43,777 - yfinance - DEBUG - crumb = 'b5vh54V3qcC'
2026-09-15 10:04:43,778 - yfinance - DEBUG -        Exiting _get_crumb_basic()
2026-09-15 10:04:43,782 - yfinance - DEBUG -       Exiting _get_cookie_and_crumb_basic()
2026-09-15 10:04:43,783 - yfinance - DEBUG -      Exiting _get_cookie_and_crumb()
2026-09-15 10:04:43,938 - yfinance - DEBUG - response code=200
2026-09-15 10:04:43,939 - yfinance - DEBUG -     Exiting _make_request()
2026-09-15 10:04:43,943 - yfinance - DEBUG -    Exiting get()
2026-09-15 10:04:43,951 - yfinance - DEBUG - ES=F: yfinance received OHLC data: 2026-09-10 04:00:00 -> 2026-09-15 04:00:00
2026-09-15 10:04:43,986 - yfinance - DEBUG - ES=F: OHLC after cleaning: 2026-09-10 00:00:00-04:00 -> 2026-09-15 00:00:00-04:00
2026-09-15 10:04:43,990 - yfinance - DEBUG - ES=F: OHLC after combining events: 2026-09-10 00:00:00-04:00 -> 2026-09-15 00:00:00-04:00
2026-09-15 10:04:43,998 - yfinance - DEBUG - ES=F: yfinance returning OHLC: 2026-09-10 00:00:00-04:00 -> 2026-09-15 00:00:00-04:00
2026-09-15 10:04:43,998 - yfinance - DEBUG -   Exiting history()
2026-09-15 10:04:43,999 - yfinance - DEBUG -  Exiting history()
2026-09-15 10:04:44,005 - yfinance - DEBUG - Exiting download()
2026-09-15 10:04:44,006 - strategy - INFO - Overnight: High 7652.0 / Low 7593.75
2026-09-15 10:04:44,007 - __main__ - INFO - TRADING DAY STARTED
2026-09-15 10:04:44,007 - __main__ - INFO -    Equity: $400,000.00
2026-09-15 10:04:44,008 - __main__ - INFO -    Tier: TIER_5
2026-09-15 10:04:44,009 - __main__ - INFO -    Max Risk: $20,000.00
2026-09-15 10:04:44,010 - __main__ - INFO -    Spread Width: 10 pt
2026-09-15 10:04:44,011 - __main__ - INFO - 
 ASTRA SCHEDULE RUNNING _ PRESS CTRL + C to stop

2026-09-15 10:04:50,389 - __main__ - INFO - 
SCHEDULER STOPPED
2026-09-15 10:04:53,423 - urllib3.connectionpool - DEBUG - Starting new HTTPS connection (1): paper-api.alpaca.markets:443
2026-09-15 10:04:53,562 - urllib3.connectionpool - DEBUG - https://paper-api.alpaca.markets:443 "GET /v2/account HTTP/1.1" 200 940
2026-09-15 10:04:53,565 - api_handler - INFO - Connected to Alpaca
2026-09-15 10:04:53,565 - api_handler - INFO -   Equity: $5000.00
2026-09-15 10:04:53,567 - api_handler - INFO -   Buying Power: $20000.00
2026-09-15 10:04:53,573 - __main__ - INFO - ================================================================================
2026-09-15 10:04:53,574 - __main__ - INFO - ASTRA SCHEDULER INITIALIZED
2026-09-15 10:04:53,576 - __main__ - INFO - Trading: Account 2 ($10000)
2026-09-15 10:04:53,578 - __main__ - INFO - Mode: REAL ALPACA PAPER ORDERS
2026-09-15 10:04:53,580 - __main__ - INFO - ================================================================================
2026-09-15 10:04:53,582 - __main__ - INFO - Schedule configured
2026-09-15 10:04:53,583 - __main__ - INFO -   • 8:00 AM: Start
2026-09-15 10:04:53,585 - __main__ - INFO -   • Every minute: Check signals & manage positions
2026-09-15 10:04:53,587 - __main__ - INFO -   • 12:30 PM: Close all positions
2026-09-15 10:04:53,593 - __main__ - INFO - 
 LATE START DETECTED - Current time: 11:04 
2026-09-15 10:04:53,595 - __main__ - INFO - Starting trading immediately..

2026-09-15 10:04:53,601 - urllib3.connectionpool - DEBUG - Starting new HTTPS connection (1): paper-api.alpaca.markets:443
2026-09-15 10:04:53,890 - urllib3.connectionpool - DEBUG - https://paper-api.alpaca.markets:443 "GET /v2/account HTTP/1.1" 200 940
2026-09-15 10:04:53,896 - yfinance - DEBUG - Entering download()
2026-09-15 10:04:53,898 - yfinance - DEBUG - Disabling multithreading because DEBUG logging enabled
2026-09-15 10:04:53,900 - yfinance - DEBUG -  Entering history()
2026-09-15 10:04:53,908 - peewee - DEBUG - ('CREATE TABLE IF NOT EXISTS "_tz_kv" ("key" VARCHAR(255) NOT NULL PRIMARY KEY, "value" VARCHAR(255)) WITHOUT ROWID', [])
2026-09-15 10:04:53,910 - peewee - DEBUG - ('SELECT "t1"."key", "t1"."value" FROM "_tz_kv" AS "t1" WHERE ("t1"."key" = ?) LIMIT ? OFFSET ?', ['ES=F', 1, 0])
2026-09-15 10:04:53,915 - yfinance - DEBUG -   Entering history()
2026-09-15 10:04:53,916 - yfinance - DEBUG - ES=F: Yahoo GET parameters: {'range': '5d', 'interval': '1d', 'includePrePost': False, 'events': 'div,splits,capitalGains'}
2026-09-15 10:04:53,918 - yfinance - DEBUG -    Entering get()
2026-09-15 10:04:53,920 - yfinance - DEBUG -     Entering _make_request()
2026-09-15 10:04:53,922 - yfinance - DEBUG - url=https://query2.finance.yahoo.com/v8/finance/chart/ES=F
2026-09-15 10:04:53,927 - yfinance - DEBUG - params={'range': '5d', 'interval': '1d', 'includePrePost': False, 'events': 'div,splits,capitalGains'}
2026-09-15 10:04:53,929 - yfinance - DEBUG -      Entering _get_cookie_and_crumb()
2026-09-15 10:04:53,931 - yfinance - DEBUG - cookie_mode = 'basic'
2026-09-15 10:04:53,932 - yfinance - DEBUG -       Entering _get_cookie_and_crumb_basic()
2026-09-15 10:04:53,934 - yfinance - DEBUG -        Entering _get_cookie_basic()
2026-09-15 10:04:53,936 - yfinance - DEBUG -         Entering _load_cookie_curlCffi()
2026-09-15 10:04:53,945 - peewee - DEBUG - ('CREATE TABLE IF NOT EXISTS "_cookieschema" ("strategy" VARCHAR(255) NOT NULL PRIMARY KEY, "fetch_date" DATETIME NOT NULL, "cookie_bytes" BLOB NOT NULL) WITHOUT ROWID', [])
2026-09-15 10:04:53,947 - peewee - DEBUG - ('SELECT "t1"."strategy", "t1"."fetch_date", "t1"."cookie_bytes" FROM "_cookieschema" AS "t1" WHERE ("t1"."strategy" = ?) LIMIT ? OFFSET ?', ['curlCffi', 1, 0])
2026-09-15 10:04:53,948 - yfinance - DEBUG -         Exiting _load_cookie_curlCffi()
2026-09-15 10:04:53,948 - yfinance - DEBUG - reusing persistent cookie
2026-09-15 10:04:53,950 - yfinance - DEBUG -        Exiting _get_cookie_basic()
2026-09-15 10:04:53,951 - yfinance - DEBUG -        Entering _get_crumb_basic()
2026-09-15 10:04:53,954 - yfinance - DEBUG -         Entering _get_cookie_basic()
2026-09-15 10:04:53,956 - yfinance - DEBUG - reusing cookie
2026-09-15 10:04:53,957 - yfinance - DEBUG -         Exiting _get_cookie_basic()
2026-09-15 10:04:54,173 - yfinance - DEBUG - crumb = 'b5vh54V3qcC'
2026-09-15 10:04:54,174 - yfinance - DEBUG -        Exiting _get_crumb_basic()
2026-09-15 10:04:54,178 - yfinance - DEBUG -       Exiting _get_cookie_and_crumb_basic()
2026-09-15 10:04:54,180 - yfinance - DEBUG -      Exiting _get_cookie_and_crumb()
2026-09-15 10:04:54,591 - yfinance - DEBUG - response code=200
2026-09-15 10:04:54,592 - yfinance - DEBUG -     Exiting _make_request()
2026-09-15 10:04:54,596 - yfinance - DEBUG -    Exiting get()
2026-09-15 10:04:54,606 - yfinance - DEBUG - ES=F: yfinance received OHLC data: 2026-09-10 04:00:00 -> 2026-09-15 04:00:00
2026-09-15 10:04:54,638 - yfinance - DEBUG - ES=F: OHLC after cleaning: 2026-09-10 00:00:00-04:00 -> 2026-09-15 00:00:00-04:00
2026-09-15 10:04:54,644 - yfinance - DEBUG - ES=F: OHLC after combining events: 2026-09-10 00:00:00-04:00 -> 2026-09-15 00:00:00-04:00
2026-09-15 10:04:54,652 - yfinance - DEBUG - ES=F: yfinance returning OHLC: 2026-09-10 00:00:00-04:00 -> 2026-09-15 00:00:00-04:00
2026-09-15 10:04:54,653 - yfinance - DEBUG -   Exiting history()
2026-09-15 10:04:54,654 - yfinance - DEBUG -  Exiting history()
2026-09-15 10:04:54,660 - yfinance - DEBUG - Exiting download()
2026-09-15 10:04:54,662 - strategy - INFO - Overnight: High 7652.0 / Low 7593.75
2026-09-15 10:04:54,662 - __main__ - INFO - TRADING DAY STARTED
2026-09-15 10:04:54,663 - __main__ - INFO -    Equity: $20,000.00
2026-09-15 10:04:54,664 - __main__ - INFO -    Tier: TIER_3
2026-09-15 10:04:54,665 - __main__ - INFO -    Max Risk: $1,000.00
2026-09-15 10:04:54,666 - __main__ - INFO -    Spread Width: 10 pt
2026-09-15 10:04:54,668 - __main__ - INFO - 
 CLAUDE SCHEDULE RUNNING _ PRESS CTRL + C to stop

2026-09-15 10:04:59,017 - schedule - DEBUG - Running job Job(interval=15, unit=seconds, do=minute_check, args=(), kwargs={})
2026-09-15 10:04:59,022 - urllib3.connectionpool - DEBUG - Starting new HTTPS connection (1): paper-api.alpaca.markets:443
2026-09-15 10:04:59,174 - urllib3.connectionpool - DEBUG - https://paper-api.alpaca.markets:443 "GET /v2/account HTTP/1.1" 200 960
2026-09-15 10:04:59,180 - yfinance - DEBUG - Entering download()
2026-09-15 10:04:59,184 - yfinance - DEBUG - Disabling multithreading because DEBUG logging enabled
2026-09-15 10:04:59,185 - yfinance - DEBUG -  Entering history()
2026-09-15 10:04:59,188 - peewee - DEBUG - ('SELECT "t1"."key", "t1"."value" FROM "_tz_kv" AS "t1" WHERE ("t1"."key" = ?) LIMIT ? OFFSET ?', ['ES=F', 1, 0])
2026-09-15 10:04:59,189 - yfinance - DEBUG -   Entering history()
2026-09-15 10:04:59,191 - yfinance - DEBUG - ES=F: Yahoo GET parameters: {'range': '1d', 'interval': '1m', 'includePrePost': False, 'events': 'div,splits,capitalGains'}
2026-09-15 10:04:59,193 - yfinance - DEBUG -    Entering get()
2026-09-15 10:04:59,195 - yfinance - DEBUG -     Entering _make_request()
2026-09-15 10:04:59,196 - yfinance - DEBUG - url=https://query2.finance.yahoo.com/v8/finance/chart/ES=F
2026-09-15 10:04:59,198 - yfinance - DEBUG - params={'range': '1d', 'interval': '1m', 'includePrePost': False, 'events': 'div,splits,capitalGains'}
2026-09-15 10:04:59,203 - yfinance - DEBUG -      Entering _get_cookie_and_crumb()
2026-09-15 10:04:59,205 - yfinance - DEBUG - cookie_mode = 'basic'
2026-09-15 10:04:59,207 - yfinance - DEBUG -       Entering _get_cookie_and_crumb_basic()
2026-09-15 10:04:59,208 - yfinance - DEBUG -        Entering _get_cookie_basic()
2026-09-15 10:04:59,210 - yfinance - DEBUG - reusing cookie
2026-09-15 10:04:59,212 - yfinance - DEBUG -        Exiting _get_cookie_basic()
2026-09-15 10:04:59,214 - yfinance - DEBUG -        Entering _get_crumb_basic()
2026-09-15 10:04:59,218 - yfinance - DEBUG - reusing crumb
2026-09-15 10:04:59,220 - yfinance - DEBUG -        Exiting _get_crumb_basic()
2026-09-15 10:04:59,222 - yfinance - DEBUG -       Exiting _get_cookie_and_crumb_basic()
2026-09-15 10:04:59,223 - yfinance - DEBUG -      Exiting _get_cookie_and_crumb()
2026-09-15 10:04:59,357 - yfinance - DEBUG - response code=200
2026-09-15 10:04:59,358 - yfinance - DEBUG -     Exiting _make_request()
2026-09-15 10:04:59,362 - yfinance - DEBUG -    Exiting get()
2026-09-15 10:04:59,373 - yfinance - DEBUG - ES=F: yfinance received OHLC data: 2026-09-15 04:09:00 -> 2026-09-15 14:54:57
2026-09-15 10:04:59,404 - yfinance - DEBUG - ES=F: OHLC after cleaning: 2026-09-15 00:09:00-04:00 -> 2026-09-15 10:54:57-04:00
2026-09-15 10:04:59,408 - yfinance - DEBUG - ES=F: OHLC after combining events: 2026-09-15 00:09:00-04:00 -> 2026-09-15 10:54:57-04:00
2026-09-15 10:04:59,421 - yfinance - DEBUG - ES=F: yfinance returning OHLC: 2026-09-15 00:09:00-04:00 -> 2026-09-15 10:54:00-04:00
2026-09-15 10:04:59,422 - yfinance - DEBUG -   Exiting history()
2026-09-15 10:04:59,422 - yfinance - DEBUG -  Exiting history()
2026-09-15 10:04:59,427 - yfinance - DEBUG - Exiting download()
2026-09-15 10:04:59,429 - market_data - ERROR - Error getting price for ES=F: float() argument must be a string or a real number, not 'Series'
2026-09-15 10:04:59,429 - yfinance - DEBUG - Entering download()
2026-09-15 10:04:59,432 - yfinance - DEBUG - Disabling multithreading because DEBUG logging enabled
2026-09-15 10:04:59,432 - yfinance - DEBUG -  Entering history()
2026-09-15 10:04:59,432 - peewee - DEBUG - ('SELECT "t1"."key", "t1"."value" FROM "_tz_kv" AS "t1" WHERE ("t1"."key" = ?) LIMIT ? OFFSET ?', ['^GSPC', 1, 0])
2026-09-15 10:04:59,433 - yfinance - DEBUG -   Entering history()
2026-09-15 10:04:59,433 - yfinance - DEBUG - ^GSPC: Yahoo GET parameters: {'range': '1d', 'interval': '1m', 'includePrePost': False, 'events': 'div,splits,capitalGains'}
2026-09-15 10:04:59,433 - yfinance - DEBUG -    Entering get()
2026-09-15 10:04:59,434 - yfinance - DEBUG -     Entering _make_request()
2026-09-15 10:04:59,434 - yfinance - DEBUG - url=https://query2.finance.yahoo.com/v8/finance/chart/^GSPC
2026-09-15 10:04:59,434 - yfinance - DEBUG - params={'range': '1d', 'interval': '1m', 'includePrePost': False, 'events': 'div,splits,capitalGains'}
2026-09-15 10:04:59,436 - yfinance - DEBUG -      Entering _get_cookie_and_crumb()
2026-09-15 10:04:59,437 - yfinance - DEBUG - cookie_mode = 'basic'
2026-09-15 10:04:59,438 - yfinance - DEBUG -       Entering _get_cookie_and_crumb_basic()
2026-09-15 10:04:59,438 - yfinance - DEBUG -        Entering _get_cookie_basic()
2026-09-15 10:04:59,438 - yfinance - DEBUG - reusing cookie
2026-09-15 10:04:59,439 - yfinance - DEBUG -        Exiting _get_cookie_basic()
2026-09-15 10:04:59,439 - yfinance - DEBUG -        Entering _get_crumb_basic()
2026-09-15 10:04:59,440 - yfinance - DEBUG - reusing crumb
2026-09-15 10:04:59,440 - yfinance - DEBUG -        Exiting _get_crumb_basic()
2026-09-15 10:04:59,440 - yfinance - DEBUG -       Exiting _get_cookie_and_crumb_basic()
2026-09-15 10:04:59,441 - yfinance - DEBUG -      Exiting _get_cookie_and_crumb()
2026-09-15 10:04:59,588 - yfinance - DEBUG - response code=200
2026-09-15 10:04:59,589 - yfinance - DEBUG -     Exiting _make_request()
2026-09-15 10:04:59,593 - yfinance - DEBUG -    Exiting get()
2026-09-15 10:04:59,599 - yfinance - DEBUG - ^GSPC: yfinance received OHLC data: 2026-09-15 13:30:00 -> 2026-09-15 15:04:59
2026-09-15 10:04:59,632 - yfinance - DEBUG - ^GSPC: OHLC after cleaning: 2026-09-15 09:30:00-04:00 -> 2026-09-15 11:04:59-04:00
2026-09-15 10:04:59,641 - yfinance - DEBUG - ^GSPC: OHLC after combining events: 2026-09-15 09:30:00-04:00 -> 2026-09-15 11:04:59-04:00
2026-09-15 10:04:59,654 - yfinance - DEBUG - ^GSPC: yfinance returning OHLC: 2026-09-15 09:30:00-04:00 -> 2026-09-15 11:04:00-04:00
2026-09-15 10:04:59,655 - yfinance - DEBUG -   Exiting history()
2026-09-15 10:04:59,655 - yfinance - DEBUG -  Exiting history()
2026-09-15 10:04:59,660 - yfinance - DEBUG - Exiting download()
2026-09-15 10:04:59,662 - market_data - ERROR - Error getting price for ^GSPC: float() argument must be a string or a real number, not 'Series'
2026-09-15 10:04:59,662 - __main__ - WARNING - Failed to get price data
2026-09-15 10:05:08,674 - schedule - DEBUG - Running job Job(interval=15, unit=seconds, do=minute_check, args=(), kwargs={})
2026-09-15 10:05:08,679 - urllib3.connectionpool - DEBUG - Starting new HTTPS connection (1): paper-api.alpaca.markets:443
2026-09-15 10:05:08,809 - urllib3.connectionpool - DEBUG - https://paper-api.alpaca.markets:443 "GET /v2/account HTTP/1.1" 200 940
2026-09-15 10:05:08,815 - yfinance - DEBUG - Entering download()
2026-09-15 10:05:08,819 - yfinance - DEBUG - Disabling multithreading because DEBUG logging enabled
2026-09-15 10:05:08,820 - yfinance - DEBUG -  Entering history()
2026-09-15 10:05:08,822 - peewee - DEBUG - ('SELECT "t1"."key", "t1"."value" FROM "_tz_kv" AS "t1" WHERE ("t1"."key" = ?) LIMIT ? OFFSET ?', ['ES=F', 1, 0])
2026-09-15 10:05:08,825 - yfinance - DEBUG -   Entering history()
2026-09-15 10:05:08,825 - yfinance - DEBUG - ES=F: Yahoo GET parameters: {'range': '1d', 'interval': '1m', 'includePrePost': False, 'events': 'div,splits,capitalGains'}
2026-09-15 10:05:08,828 - yfinance - DEBUG -    Entering get()
2026-09-15 10:05:08,829 - yfinance - DEBUG -     Entering _make_request()
2026-09-15 10:05:08,834 - yfinance - DEBUG - url=https://query2.finance.yahoo.com/v8/finance/chart/ES=F
2026-09-15 10:05:08,836 - yfinance - DEBUG - params={'range': '1d', 'interval': '1m', 'includePrePost': False, 'events': 'div,splits,capitalGains'}
2026-09-15 10:05:08,838 - yfinance - DEBUG -      Entering _get_cookie_and_crumb()
2026-09-15 10:05:08,840 - yfinance - DEBUG - cookie_mode = 'basic'
2026-09-15 10:05:08,842 - yfinance - DEBUG -       Entering _get_cookie_and_crumb_basic()
2026-09-15 10:05:08,844 - yfinance - DEBUG -        Entering _get_cookie_basic()
2026-09-15 10:05:08,845 - yfinance - DEBUG - reusing cookie
2026-09-15 10:05:08,850 - yfinance - DEBUG -        Exiting _get_cookie_basic()
2026-09-15 10:05:08,852 - yfinance - DEBUG -        Entering _get_crumb_basic()
2026-09-15 10:05:08,853 - yfinance - DEBUG - reusing crumb
2026-09-15 10:05:08,854 - yfinance - DEBUG -        Exiting _get_crumb_basic()
2026-09-15 10:05:08,855 - yfinance - DEBUG -       Exiting _get_cookie_and_crumb_basic()
2026-09-15 10:05:08,857 - yfinance - DEBUG -      Exiting _get_cookie_and_crumb()
2026-09-15 10:05:09,042 - yfinance - DEBUG - response code=200
2026-09-15 10:05:09,043 - yfinance - DEBUG -     Exiting _make_request()
2026-09-15 10:05:09,047 - yfinance - DEBUG -    Exiting get()
2026-09-15 10:05:09,060 - yfinance - DEBUG - ES=F: yfinance received OHLC data: 2026-09-15 04:09:00 -> 2026-09-15 14:55:07
2026-09-15 10:05:09,092 - yfinance - DEBUG - ES=F: OHLC after cleaning: 2026-09-15 00:09:00-04:00 -> 2026-09-15 10:55:07-04:00
2026-09-15 10:05:09,097 - yfinance - DEBUG - ES=F: OHLC after combining events: 2026-09-15 00:09:00-04:00 -> 2026-09-15 10:55:07-04:00
2026-09-15 10:05:09,111 - yfinance - DEBUG - ES=F: yfinance returning OHLC: 2026-09-15 00:09:00-04:00 -> 2026-09-15 10:55:00-04:00
2026-09-15 10:05:09,112 - yfinance - DEBUG -   Exiting history()
2026-09-15 10:05:09,113 - yfinance - DEBUG -  Exiting history()
2026-09-15 10:05:09,118 - yfinance - DEBUG - Exiting download()
2026-09-15 10:05:09,120 - market_data - ERROR - Error getting price for ES=F: float() argument must be a string or a real number, not 'Series'
2026-09-15 10:05:09,120 - yfinance - DEBUG - Entering download()
2026-09-15 10:05:09,122 - yfinance - DEBUG - Disabling multithreading because DEBUG logging enabled
2026-09-15 10:05:09,122 - yfinance - DEBUG -  Entering history()
2026-09-15 10:05:09,123 - peewee - DEBUG - ('SELECT "t1"."key", "t1"."value" FROM "_tz_kv" AS "t1" WHERE ("t1"."key" = ?) LIMIT ? OFFSET ?', ['^GSPC', 1, 0])
2026-09-15 10:05:09,124 - yfinance - DEBUG -   Entering history()
2026-09-15 10:05:09,124 - yfinance - DEBUG - ^GSPC: Yahoo GET parameters: {'range': '1d', 'interval': '1m', 'includePrePost': False, 'events': 'div,splits,capitalGains'}
2026-09-15 10:05:09,124 - yfinance - DEBUG -    Entering get()
2026-09-15 10:05:09,125 - yfinance - DEBUG -     Entering _make_request()
2026-09-15 10:05:09,126 - yfinance - DEBUG - url=https://query2.finance.yahoo.com/v8/finance/chart/^GSPC
2026-09-15 10:05:09,126 - yfinance - DEBUG - params={'range': '1d', 'interval': '1m', 'includePrePost': False, 'events': 'div,splits,capitalGains'}
2026-09-15 10:05:09,127 - yfinance - DEBUG -      Entering _get_cookie_and_crumb()
2026-09-15 10:05:09,127 - yfinance - DEBUG - cookie_mode = 'basic'
2026-09-15 10:05:09,128 - yfinance - DEBUG -       Entering _get_cookie_and_crumb_basic()
2026-09-15 10:05:09,128 - yfinance - DEBUG -        Entering _get_cookie_basic()
2026-09-15 10:05:09,128 - yfinance - DEBUG - reusing cookie
2026-09-15 10:05:09,129 - yfinance - DEBUG -        Exiting _get_cookie_basic()
2026-09-15 10:05:09,129 - yfinance - DEBUG -        Entering _get_crumb_basic()
2026-09-15 10:05:09,130 - yfinance - DEBUG - reusing crumb
2026-09-15 10:05:09,130 - yfinance - DEBUG -        Exiting _get_crumb_basic()
2026-09-15 10:05:09,131 - yfinance - DEBUG -       Exiting _get_cookie_and_crumb_basic()
2026-09-15 10:05:09,134 - yfinance - DEBUG -      Exiting _get_cookie_and_crumb()
2026-09-15 10:05:09,292 - yfinance - DEBUG - response code=200
2026-09-15 10:05:09,293 - yfinance - DEBUG -     Exiting _make_request()
2026-09-15 10:05:09,295 - yfinance - DEBUG -    Exiting get()
2026-09-15 10:05:09,303 - yfinance - DEBUG - ^GSPC: yfinance received OHLC data: 2026-09-15 13:30:00 -> 2026-09-15 15:05:08
2026-09-15 10:05:09,333 - yfinance - DEBUG - ^GSPC: OHLC after cleaning: 2026-09-15 09:30:00-04:00 -> 2026-09-15 11:05:08-04:00
2026-09-15 10:05:09,337 - yfinance - DEBUG - ^GSPC: OHLC after combining events: 2026-09-15 09:30:00-04:00 -> 2026-09-15 11:05:08-04:00
2026-09-15 10:05:09,349 - yfinance - DEBUG - ^GSPC: yfinance returning OHLC: 2026-09-15 09:30:00-04:00 -> 2026-09-15 11:05:00-04:00
2026-09-15 10:05:09,350 - yfinance - DEBUG -   Exiting history()
2026-09-15 10:05:09,352 - yfinance - DEBUG -  Exiting history()
2026-09-15 10:05:09,356 - yfinance - DEBUG - Exiting download()
2026-09-15 10:05:09,358 - market_data - ERROR - Error getting price for ^GSPC: float() argument must be a string or a real number, not 'Series'
2026-09-15 10:05:09,358 - __main__ - WARNING - Failed to get price data
2026-09-15 10:05:14,668 - schedule - DEBUG - Running job Job(interval=15, unit=seconds, do=minute_check, args=(), kwargs={})
2026-09-15 10:05:14,673 - urllib3.connectionpool - DEBUG - Starting new HTTPS connection (1): paper-api.alpaca.markets:443
2026-09-15 10:05:14,817 - urllib3.connectionpool - DEBUG - https://paper-api.alpaca.markets:443 "GET /v2/account HTTP/1.1" 200 960
2026-09-15 10:05:14,822 - yfinance - DEBUG - Entering download()
2026-09-15 10:05:14,827 - yfinance - DEBUG - Disabling multithreading because DEBUG logging enabled
2026-09-15 10:05:14,828 - yfinance - DEBUG -  Entering history()
2026-09-15 10:05:14,830 - peewee - DEBUG - ('SELECT "t1"."key", "t1"."value" FROM "_tz_kv" AS "t1" WHERE ("t1"."key" = ?) LIMIT ? OFFSET ?', ['ES=F', 1, 0])
2026-09-15 10:05:14,832 - yfinance - DEBUG -   Entering history()
2026-09-15 10:05:14,833 - yfinance - DEBUG - ES=F: Yahoo GET parameters: {'range': '1d', 'interval': '1m', 'includePrePost': False, 'events': 'div,splits,capitalGains'}
2026-09-15 10:05:14,835 - yfinance - DEBUG -    Entering get()
2026-09-15 10:05:14,837 - yfinance - DEBUG -     Entering _make_request()
2026-09-15 10:05:14,838 - yfinance - DEBUG - url=https://query2.finance.yahoo.com/v8/finance/chart/ES=F
2026-09-15 10:05:14,840 - yfinance - DEBUG - params={'range': '1d', 'interval': '1m', 'includePrePost': False, 'events': 'div,splits,capitalGains'}
2026-09-15 10:05:14,843 - yfinance - DEBUG -      Entering _get_cookie_and_crumb()
2026-09-15 10:05:14,848 - yfinance - DEBUG - cookie_mode = 'basic'
2026-09-15 10:05:14,850 - yfinance - DEBUG -       Entering _get_cookie_and_crumb_basic()
2026-09-15 10:05:14,852 - yfinance - DEBUG -        Entering _get_cookie_basic()
2026-09-15 10:05:14,853 - yfinance - DEBUG - reusing cookie
2026-09-15 10:05:14,854 - yfinance - DEBUG -        Exiting _get_cookie_basic()
2026-09-15 10:05:14,855 - yfinance - DEBUG -        Entering _get_crumb_basic()
2026-09-15 10:05:14,856 - yfinance - DEBUG - reusing crumb
2026-09-15 10:05:14,858 - yfinance - DEBUG -        Exiting _get_crumb_basic()
2026-09-15 10:05:14,860 - yfinance - DEBUG -       Exiting _get_cookie_and_crumb_basic()
2026-09-15 10:05:14,863 - yfinance - DEBUG -      Exiting _get_cookie_and_crumb()
2026-09-15 10:05:15,030 - yfinance - DEBUG - response code=200
2026-09-15 10:05:15,030 - yfinance - DEBUG -     Exiting _make_request()
2026-09-15 10:05:15,034 - yfinance - DEBUG -    Exiting get()
2026-09-15 10:05:15,045 - yfinance - DEBUG - ES=F: yfinance received OHLC data: 2026-09-15 04:09:00 -> 2026-09-15 14:55:13
2026-09-15 10:05:15,068 - yfinance - DEBUG - ES=F: OHLC after cleaning: 2026-09-15 00:09:00-04:00 -> 2026-09-15 10:55:13-04:00
2026-09-15 10:05:15,071 - yfinance - DEBUG - ES=F: OHLC after combining events: 2026-09-15 00:09:00-04:00 -> 2026-09-15 10:55:13-04:00
2026-09-15 10:05:15,084 - yfinance - DEBUG - ES=F: yfinance returning OHLC: 2026-09-15 00:09:00-04:00 -> 2026-09-15 10:55:00-04:00
2026-09-15 10:05:15,085 - yfinance - DEBUG -   Exiting history()
2026-09-15 10:05:15,085 - yfinance - DEBUG -  Exiting history()
2026-09-15 10:05:15,090 - yfinance - DEBUG - Exiting download()
2026-09-15 10:05:15,091 - market_data - ERROR - Error getting price for ES=F: float() argument must be a string or a real number, not 'Series'
2026-09-15 10:05:15,092 - yfinance - DEBUG - Entering download()
2026-09-15 10:05:15,093 - yfinance - DEBUG - Disabling multithreading because DEBUG logging enabled
2026-09-15 10:05:15,094 - yfinance - DEBUG -  Entering history()
2026-09-15 10:05:15,094 - peewee - DEBUG - ('SELECT "t1"."key", "t1"."value" FROM "_tz_kv" AS "t1" WHERE ("t1"."key" = ?) LIMIT ? OFFSET ?', ['^GSPC', 1, 0])
2026-09-15 10:05:15,095 - yfinance - DEBUG -   Entering history()
2026-09-15 10:05:15,096 - yfinance - DEBUG - ^GSPC: Yahoo GET parameters: {'range': '1d', 'interval': '1m', 'includePrePost': False, 'events': 'div,splits,capitalGains'}
2026-09-15 10:05:15,097 - yfinance - DEBUG -    Entering get()
2026-09-15 10:05:15,098 - yfinance - DEBUG -     Entering _make_request()
2026-09-15 10:05:15,098 - yfinance - DEBUG - url=https://query2.finance.yahoo.com/v8/finance/chart/^GSPC
2026-09-15 10:05:15,099 - yfinance - DEBUG - params={'range': '1d', 'interval': '1m', 'includePrePost': False, 'events': 'div,splits,capitalGains'}
2026-09-15 10:05:15,099 - yfinance - DEBUG -      Entering _get_cookie_and_crumb()
2026-09-15 10:05:15,100 - yfinance - DEBUG - cookie_mode = 'basic'
2026-09-15 10:05:15,100 - yfinance - DEBUG -       Entering _get_cookie_and_crumb_basic()
2026-09-15 10:05:15,101 - yfinance - DEBUG -        Entering _get_cookie_basic()
2026-09-15 10:05:15,101 - yfinance - DEBUG - reusing cookie
2026-09-15 10:05:15,102 - yfinance - DEBUG -        Exiting _get_cookie_basic()
2026-09-15 10:05:15,102 - yfinance - DEBUG -        Entering _get_crumb_basic()
2026-09-15 10:05:15,102 - yfinance - DEBUG - reusing crumb
2026-09-15 10:05:15,103 - yfinance - DEBUG -        Exiting _get_crumb_basic()
2026-09-15 10:05:15,103 - yfinance - DEBUG -       Exiting _get_cookie_and_crumb_basic()
2026-09-15 10:05:15,104 - yfinance - DEBUG -      Exiting _get_cookie_and_crumb()
2026-09-15 10:05:15,246 - yfinance - DEBUG - response code=200
2026-09-15 10:05:15,247 - yfinance - DEBUG -     Exiting _make_request()
2026-09-15 10:05:15,250 - yfinance - DEBUG -    Exiting get()
2026-09-15 10:05:15,257 - yfinance - DEBUG - ^GSPC: yfinance received OHLC data: 2026-09-15 13:30:00 -> 2026-09-15 15:05:14
2026-09-15 10:05:15,282 - yfinance - DEBUG - ^GSPC: OHLC after cleaning: 2026-09-15 09:30:00-04:00 -> 2026-09-15 11:05:14-04:00
2026-09-15 10:05:15,288 - yfinance - DEBUG - ^GSPC: OHLC after combining events: 2026-09-15 09:30:00-04:00 -> 2026-09-15 11:05:14-04:00
2026-09-15 10:05:15,310 - yfinance - DEBUG - ^GSPC: yfinance returning OHLC: 2026-09-15 09:30:00-04:00 -> 2026-09-15 11:05:00-04:00
2026-09-15 10:05:15,311 - yfinance - DEBUG -   Exiting history()
2026-09-15 10:05:15,312 - yfinance - DEBUG -  Exiting history()
2026-09-15 10:05:15,320 - yfinance - DEBUG - Exiting download()
2026-09-15 10:05:15,321 - market_data - ERROR - Error getting price for ^GSPC: float() argument must be a string or a real number, not 'Series'
2026-09-15 10:05:15,322 - __main__ - WARNING - Failed to get price data
2026-09-15 10:05:24,364 - schedule - DEBUG - Running job Job(interval=15, unit=seconds, do=minute_check, args=(), kwargs={})
2026-09-15 10:05:30,328 - schedule - DEBUG - Running job Job(interval=15, unit=seconds, do=minute_check, args=(), kwargs={})
2026-09-15 10:05:30,333 - urllib3.connectionpool - DEBUG - Starting new HTTPS connection (1): paper-api.alpaca.markets:443
2026-09-15 10:05:30,472 - urllib3.connectionpool - DEBUG - https://paper-api.alpaca.markets:443 "GET /v2/account HTTP/1.1" 200 960
2026-09-15 10:05:30,478 - yfinance - DEBUG - Entering download()
2026-09-15 10:05:30,482 - yfinance - DEBUG - Disabling multithreading because DEBUG logging enabled
2026-09-15 10:05:30,483 - yfinance - DEBUG -  Entering history()
2026-09-15 10:05:30,485 - peewee - DEBUG - ('SELECT "t1"."key", "t1"."value" FROM "_tz_kv" AS "t1" WHERE ("t1"."key" = ?) LIMIT ? OFFSET ?', ['ES=F', 1, 0])
2026-09-15 10:05:30,488 - yfinance - DEBUG -   Entering history()
2026-09-15 10:05:30,493 - yfinance - DEBUG - ES=F: Yahoo GET parameters: {'range': '1d', 'interval': '1m', 'includePrePost': False, 'events': 'div,splits,capitalGains'}
2026-09-15 10:05:30,495 - yfinance - DEBUG -    Entering get()
2026-09-15 10:05:30,500 - yfinance - DEBUG -     Entering _make_request()
2026-09-15 10:05:30,501 - yfinance - DEBUG - url=https://query2.finance.yahoo.com/v8/finance/chart/ES=F
2026-09-15 10:05:30,503 - yfinance - DEBUG - params={'range': '1d', 'interval': '1m', 'includePrePost': False, 'events': 'div,splits,capitalGains'}
2026-09-15 10:05:30,508 - yfinance - DEBUG -      Entering _get_cookie_and_crumb()
2026-09-15 10:05:30,510 - yfinance - DEBUG - cookie_mode = 'basic'
2026-09-15 10:05:30,512 - yfinance - DEBUG -       Entering _get_cookie_and_crumb_basic()
2026-09-15 10:05:30,513 - yfinance - DEBUG -        Entering _get_cookie_basic()
2026-09-15 10:05:30,515 - yfinance - DEBUG - reusing cookie
2026-09-15 10:05:30,517 - yfinance - DEBUG -        Exiting _get_cookie_basic()
2026-09-15 10:05:30,519 - yfinance - DEBUG -        Entering _get_crumb_basic()
2026-09-15 10:05:30,524 - yfinance - DEBUG - reusing crumb
2026-09-15 10:05:30,527 - yfinance - DEBUG -        Exiting _get_crumb_basic()
2026-09-15 10:05:30,530 - yfinance - DEBUG -       Exiting _get_cookie_and_crumb_basic()
2026-09-15 10:05:30,532 - yfinance - DEBUG -      Exiting _get_cookie_and_crumb()
2026-09-15 10:05:30,688 - yfinance - DEBUG - response code=200
2026-09-15 10:05:30,689 - yfinance - DEBUG -     Exiting _make_request()
2026-09-15 10:05:30,692 - yfinance - DEBUG -    Exiting get()
2026-09-15 10:05:30,700 - yfinance - DEBUG - ES=F: yfinance received OHLC data: 2026-09-15 04:09:00 -> 2026-09-15 14:55:29
2026-09-15 10:05:30,723 - yfinance - DEBUG - ES=F: OHLC after cleaning: 2026-09-15 00:09:00-04:00 -> 2026-09-15 10:55:29-04:00
2026-09-15 10:05:30,727 - yfinance - DEBUG - ES=F: OHLC after combining events: 2026-09-15 00:09:00-04:00 -> 2026-09-15 10:55:29-04:00
2026-09-15 10:05:30,735 - yfinance - DEBUG - ES=F: yfinance returning OHLC: 2026-09-15 00:09:00-04:00 -> 2026-09-15 10:55:00-04:00
2026-09-15 10:05:30,735 - yfinance - DEBUG -   Exiting history()
2026-09-15 10:05:30,735 - yfinance - DEBUG -  Exiting history()
2026-09-15 10:05:30,738 - yfinance - DEBUG - Exiting download()
2026-09-15 10:05:30,739 - market_data - ERROR - Error getting price for ES=F: float() argument must be a string or a real number, not 'Series'
2026-09-15 10:05:30,740 - yfinance - DEBUG - Entering download()
2026-09-15 10:05:30,741 - yfinance - DEBUG - Disabling multithreading because DEBUG logging enabled
2026-09-15 10:05:30,743 - yfinance - DEBUG -  Entering history()
2026-09-15 10:05:30,744 - peewee - DEBUG - ('SELECT "t1"."key", "t1"."value" FROM "_tz_kv" AS "t1" WHERE ("t1"."key" = ?) LIMIT ? OFFSET ?', ['^GSPC', 1, 0])
2026-09-15 10:05:30,744 - yfinance - DEBUG -   Entering history()
2026-09-15 10:05:30,745 - yfinance - DEBUG - ^GSPC: Yahoo GET parameters: {'range': '1d', 'interval': '1m', 'includePrePost': False, 'events': 'div,splits,capitalGains'}
2026-09-15 10:05:30,745 - yfinance - DEBUG -    Entering get()
2026-09-15 10:05:30,746 - yfinance - DEBUG -     Entering _make_request()
2026-09-15 10:05:30,746 - yfinance - DEBUG - url=https://query2.finance.yahoo.com/v8/finance/chart/^GSPC
2026-09-15 10:05:30,747 - yfinance - DEBUG - params={'range': '1d', 'interval': '1m', 'includePrePost': False, 'events': 'div,splits,capitalGains'}
2026-09-15 10:05:30,747 - yfinance - DEBUG -      Entering _get_cookie_and_crumb()
2026-09-15 10:05:30,748 - yfinance - DEBUG - cookie_mode = 'basic'
2026-09-15 10:05:30,748 - yfinance - DEBUG -       Entering _get_cookie_and_crumb_basic()
2026-09-15 10:05:30,749 - yfinance - DEBUG -        Entering _get_cookie_basic()
2026-09-15 10:05:30,750 - yfinance - DEBUG - reusing cookie
2026-09-15 10:05:30,750 - yfinance - DEBUG -        Exiting _get_cookie_basic()
2026-09-15 10:05:30,751 - yfinance - DEBUG -        Entering _get_crumb_basic()
2026-09-15 10:05:30,753 - yfinance - DEBUG - reusing crumb
2026-09-15 10:05:30,753 - yfinance - DEBUG -        Exiting _get_crumb_basic()
2026-09-15 10:05:30,754 - yfinance - DEBUG -       Exiting _get_cookie_and_crumb_basic()
2026-09-15 10:05:30,754 - yfinance - DEBUG -      Exiting _get_cookie_and_crumb()
2026-09-15 10:05:30,887 - yfinance - DEBUG - response code=200
2026-09-15 10:05:30,888 - yfinance - DEBUG -     Exiting _make_request()
2026-09-15 10:05:30,893 - yfinance - DEBUG -    Exiting get()
2026-09-15 10:05:30,899 - yfinance - DEBUG - ^GSPC: yfinance received OHLC data: 2026-09-15 13:30:00 -> 2026-09-15 15:05:30
2026-09-15 10:05:30,932 - yfinance - DEBUG - ^GSPC: OHLC after cleaning: 2026-09-15 09:30:00-04:00 -> 2026-09-15 11:05:30-04:00
2026-09-15 10:05:30,936 - yfinance - DEBUG - ^GSPC: OHLC after combining events: 2026-09-15 09:30:00-04:00 -> 2026-09-15 11:05:30-04:00
2026-09-15 10:05:30,948 - yfinance - DEBUG - ^GSPC: yfinance returning OHLC: 2026-09-15 09:30:00-04:00 -> 2026-09-15 11:05:00-04:00
2026-09-15 10:05:30,949 - yfinance - DEBUG -   Exiting history()
2026-09-15 10:05:30,950 - yfinance - DEBUG -  Exiting history()
2026-09-15 10:05:30,956 - yfinance - DEBUG - Exiting download()
2026-09-15 10:05:30,957 - market_data - ERROR - Error getting price for ^GSPC: float() argument must be a string or a real number, not 'Series'
2026-09-15 10:05:30,958 - __main__ - WARNING - Failed to get price data
2026-09-15 10:05:45,964 - schedule - DEBUG - Running job Job(interval=15, unit=seconds, do=minute_check, args=(), kwargs={})
2026-09-15 10:05:45,969 - urllib3.connectionpool - DEBUG - Starting new HTTPS connection (1): paper-api.alpaca.markets:443
2026-09-15 10:05:46,122 - urllib3.connectionpool - DEBUG - https://paper-api.alpaca.markets:443 "GET /v2/account HTTP/1.1" 200 960
2026-09-15 10:05:46,128 - yfinance - DEBUG - Entering download()
2026-09-15 10:05:46,132 - yfinance - DEBUG - Disabling multithreading because DEBUG logging enabled
2026-09-15 10:05:46,133 - yfinance - DEBUG -  Entering history()
2026-09-15 10:05:46,135 - peewee - DEBUG - ('SELECT "t1"."key", "t1"."value" FROM "_tz_kv" AS "t1" WHERE ("t1"."key" = ?) LIMIT ? OFFSET ?', ['ES=F', 1, 0])
2026-09-15 10:05:46,137 - yfinance - DEBUG -   Entering history()
2026-09-15 10:05:46,138 - yfinance - DEBUG - ES=F: Yahoo GET parameters: {'range': '1d', 'interval': '1m', 'includePrePost': False, 'events': 'div,splits,capitalGains'}
2026-09-15 10:05:46,141 - yfinance - DEBUG -    Entering get()
2026-09-15 10:05:46,142 - yfinance - DEBUG -     Entering _make_request()
2026-09-15 10:05:46,143 - yfinance - DEBUG - url=https://query2.finance.yahoo.com/v8/finance/chart/ES=F
2026-09-15 10:05:46,144 - yfinance - DEBUG - params={'range': '1d', 'interval': '1m', 'includePrePost': False, 'events': 'div,splits,capitalGains'}
2026-09-15 10:05:46,145 - yfinance - DEBUG -      Entering _get_cookie_and_crumb()
2026-09-15 10:05:46,146 - yfinance - DEBUG - cookie_mode = 'basic'
2026-09-15 10:05:46,147 - yfinance - DEBUG -       Entering _get_cookie_and_crumb_basic()
2026-09-15 10:05:46,151 - yfinance - DEBUG -        Entering _get_cookie_basic()
2026-09-15 10:05:46,152 - yfinance - DEBUG - reusing cookie
2026-09-15 10:05:46,153 - yfinance - DEBUG -        Exiting _get_cookie_basic()
2026-09-15 10:05:46,156 - yfinance - DEBUG -        Entering _get_crumb_basic()
2026-09-15 10:05:46,157 - yfinance - DEBUG - reusing crumb
2026-09-15 10:05:46,158 - yfinance - DEBUG -        Exiting _get_crumb_basic()
2026-09-15 10:05:46,160 - yfinance - DEBUG -       Exiting _get_cookie_and_crumb_basic()
2026-09-15 10:05:46,161 - yfinance - DEBUG -      Exiting _get_cookie_and_crumb()
2026-09-15 10:05:46,321 - yfinance - DEBUG - response code=200
2026-09-15 10:05:46,322 - yfinance - DEBUG -     Exiting _make_request()
2026-09-15 10:05:46,326 - yfinance - DEBUG -    Exiting get()
2026-09-15 10:05:46,338 - yfinance - DEBUG - ES=F: yfinance received OHLC data: 2026-09-15 04:09:00 -> 2026-09-15 14:55:45
2026-09-15 10:05:46,373 - yfinance - DEBUG - ES=F: OHLC after cleaning: 2026-09-15 00:09:00-04:00 -> 2026-09-15 10:55:45-04:00
2026-09-15 10:05:46,383 - yfinance - DEBUG - ES=F: OHLC after combining events: 2026-09-15 00:09:00-04:00 -> 2026-09-15 10:55:45-04:00
2026-09-15 10:05:46,400 - yfinance - DEBUG - ES=F: yfinance returning OHLC: 2026-09-15 00:09:00-04:00 -> 2026-09-15 10:55:00-04:00
2026-09-15 10:05:46,401 - yfinance - DEBUG -   Exiting history()
2026-09-15 10:05:46,402 - yfinance - DEBUG -  Exiting history()
2026-09-15 10:05:46,409 - yfinance - DEBUG - Exiting download()
2026-09-15 10:05:46,411 - market_data - ERROR - Error getting price for ES=F: float() argument must be a string or a real number, not 'Series'
2026-09-15 10:05:46,411 - yfinance - DEBUG - Entering download()
2026-09-15 10:05:46,413 - yfinance - DEBUG - Disabling multithreading because DEBUG logging enabled
2026-09-15 10:05:46,414 - yfinance - DEBUG -  Entering history()
2026-09-15 10:05:46,414 - peewee - DEBUG - ('SELECT "t1"."key", "t1"."value" FROM "_tz_kv" AS "t1" WHERE ("t1"."key" = ?) LIMIT ? OFFSET ?', ['^GSPC', 1, 0])
2026-09-15 10:05:46,415 - yfinance - DEBUG -   Entering history()
2026-09-15 10:05:46,416 - yfinance - DEBUG - ^GSPC: Yahoo GET parameters: {'range': '1d', 'interval': '1m', 'includePrePost': False, 'events': 'div,splits,capitalGains'}
2026-09-15 10:05:46,418 - yfinance - DEBUG -    Entering get()
2026-09-15 10:05:46,418 - yfinance - DEBUG -     Entering _make_request()
2026-09-15 10:05:46,420 - yfinance - DEBUG - url=https://query2.finance.yahoo.com/v8/finance/chart/^GSPC
2026-09-15 10:05:46,421 - yfinance - DEBUG - params={'range': '1d', 'interval': '1m', 'includePrePost': False, 'events': 'div,splits,capitalGains'}
2026-09-15 10:05:46,422 - yfinance - DEBUG -      Entering _get_cookie_and_crumb()
2026-09-15 10:05:46,422 - yfinance - DEBUG - cookie_mode = 'basic'
2026-09-15 10:05:46,423 - yfinance - DEBUG -       Entering _get_cookie_and_crumb_basic()
2026-09-15 10:05:46,423 - yfinance - DEBUG -        Entering _get_cookie_basic()
2026-09-15 10:05:46,424 - yfinance - DEBUG - reusing cookie
2026-09-15 10:05:46,425 - yfinance - DEBUG -        Exiting _get_cookie_basic()
2026-09-15 10:05:46,426 - yfinance - DEBUG -        Entering _get_crumb_basic()
2026-09-15 10:05:46,426 - yfinance - DEBUG - reusing crumb
2026-09-15 10:05:46,427 - yfinance - DEBUG -        Exiting _get_crumb_basic()
2026-09-15 10:05:46,428 - yfinance - DEBUG -       Exiting _get_cookie_and_crumb_basic()
2026-09-15 10:05:46,428 - yfinance - DEBUG -      Exiting _get_cookie_and_crumb()
2026-09-15 10:05:46,584 - yfinance - DEBUG - response code=200
2026-09-15 10:05:46,585 - yfinance - DEBUG -     Exiting _make_request()
2026-09-15 10:05:46,589 - yfinance - DEBUG -    Exiting get()
2026-09-15 10:05:46,596 - yfinance - DEBUG - ^GSPC: yfinance received OHLC data: 2026-09-15 13:30:00 -> 2026-09-15 15:05:46
2026-09-15 10:05:46,623 - yfinance - DEBUG - ^GSPC: OHLC after cleaning: 2026-09-15 09:30:00-04:00 -> 2026-09-15 11:05:46-04:00
2026-09-15 10:05:46,628 - yfinance - DEBUG - ^GSPC: OHLC after combining events: 2026-09-15 09:30:00-04:00 -> 2026-09-15 11:05:46-04:00
2026-09-15 10:05:46,642 - yfinance - DEBUG - ^GSPC: yfinance returning OHLC: 2026-09-15 09:30:00-04:00 -> 2026-09-15 11:05:00-04:00
2026-09-15 10:05:46,643 - yfinance - DEBUG -   Exiting history()
2026-09-15 10:05:46,644 - yfinance - DEBUG -  Exiting history()
2026-09-15 10:05:46,650 - yfinance - DEBUG - Exiting download()
2026-09-15 10:05:46,652 - market_data - ERROR - Error getting price for ^GSPC: float() argument must be a string or a real number, not 'Series'
2026-09-15 10:05:46,652 - __main__ - WARNING - Failed to get price data
2026-09-15 10:05:47,657 - urllib3.connectionpool - DEBUG - Starting new HTTPS connection (1): paper-api.alpaca.markets:443
2026-09-15 10:05:47,789 - urllib3.connectionpool - DEBUG - https://paper-api.alpaca.markets:443 "GET /v2/account HTTP/1.1" 200 940
2026-09-15 10:05:47,790 - yfinance - DEBUG - Entering download()
2026-09-15 10:05:47,791 - yfinance - DEBUG - Disabling multithreading because DEBUG logging enabled
2026-09-15 10:05:47,792 - yfinance - DEBUG -  Entering history()
2026-09-15 10:05:47,792 - peewee - DEBUG - ('SELECT "t1"."key", "t1"."value" FROM "_tz_kv" AS "t1" WHERE ("t1"."key" = ?) LIMIT ? OFFSET ?', ['ES=F', 1, 0])
2026-09-15 10:05:47,793 - yfinance - DEBUG -   Entering history()
2026-09-15 10:05:47,793 - yfinance - DEBUG - ES=F: Yahoo GET parameters: {'range': '1d', 'interval': '1m', 'includePrePost': False, 'events': 'div,splits,capitalGains'}
2026-09-15 10:05:47,794 - yfinance - DEBUG -    Entering get()
2026-09-15 10:05:47,794 - yfinance - DEBUG -     Entering _make_request()
2026-09-15 10:05:47,795 - yfinance - DEBUG - url=https://query2.finance.yahoo.com/v8/finance/chart/ES=F
2026-09-15 10:05:47,795 - yfinance - DEBUG - params={'range': '1d', 'interval': '1m', 'includePrePost': False, 'events': 'div,splits,capitalGains'}
2026-09-15 10:05:47,795 - yfinance - DEBUG -      Entering _get_cookie_and_crumb()
2026-09-15 10:05:47,796 - yfinance - DEBUG - cookie_mode = 'basic'
2026-09-15 10:05:47,796 - yfinance - DEBUG -       Entering _get_cookie_and_crumb_basic()
2026-09-15 10:05:47,797 - yfinance - DEBUG -        Entering _get_cookie_basic()
2026-09-15 10:05:47,797 - yfinance - DEBUG - reusing cookie
2026-09-15 10:05:47,798 - yfinance - DEBUG -        Exiting _get_cookie_basic()
2026-09-15 10:05:47,798 - yfinance - DEBUG -        Entering _get_crumb_basic()
2026-09-15 10:05:47,799 - yfinance - DEBUG - reusing crumb
2026-09-15 10:05:47,799 - yfinance - DEBUG -        Exiting _get_crumb_basic()
2026-09-15 10:05:47,799 - yfinance - DEBUG -       Exiting _get_cookie_and_crumb_basic()
2026-09-15 10:05:47,800 - yfinance - DEBUG -      Exiting _get_cookie_and_crumb()
2026-09-15 10:05:47,934 - yfinance - DEBUG - response code=200
2026-09-15 10:05:47,935 - yfinance - DEBUG -     Exiting _make_request()
2026-09-15 10:05:47,936 - yfinance - DEBUG -    Exiting get()
2026-09-15 10:05:47,940 - yfinance - DEBUG - ES=F: yfinance received OHLC data: 2026-09-15 04:09:00 -> 2026-09-15 14:55:45
2026-09-15 10:05:47,948 - yfinance - DEBUG - ES=F: OHLC after cleaning: 2026-09-15 00:09:00-04:00 -> 2026-09-15 10:55:45-04:00
2026-09-15 10:05:47,950 - yfinance - DEBUG - ES=F: OHLC after combining events: 2026-09-15 00:09:00-04:00 -> 2026-09-15 10:55:45-04:00
2026-09-15 10:05:47,957 - yfinance - DEBUG - ES=F: yfinance returning OHLC: 2026-09-15 00:09:00-04:00 -> 2026-09-15 10:55:00-04:00
2026-09-15 10:05:47,958 - yfinance - DEBUG -   Exiting history()
2026-09-15 10:05:47,958 - yfinance - DEBUG -  Exiting history()
2026-09-15 10:05:47,960 - yfinance - DEBUG - Exiting download()
2026-09-15 10:05:47,962 - market_data - ERROR - Error getting price for ES=F: float() argument must be a string or a real number, not 'Series'
2026-09-15 10:05:47,962 - yfinance - DEBUG - Entering download()
2026-09-15 10:05:47,963 - yfinance - DEBUG - Disabling multithreading because DEBUG logging enabled
2026-09-15 10:05:47,964 - yfinance - DEBUG -  Entering history()
2026-09-15 10:05:47,964 - peewee - DEBUG - ('SELECT "t1"."key", "t1"."value" FROM "_tz_kv" AS "t1" WHERE ("t1"."key" = ?) LIMIT ? OFFSET ?', ['^GSPC', 1, 0])
2026-09-15 10:05:47,965 - yfinance - DEBUG -   Entering history()
2026-09-15 10:05:47,965 - yfinance - DEBUG - ^GSPC: Yahoo GET parameters: {'range': '1d', 'interval': '1m', 'includePrePost': False, 'events': 'div,splits,capitalGains'}
2026-09-15 10:05:47,966 - yfinance - DEBUG -    Entering get()
2026-09-15 10:05:47,966 - yfinance - DEBUG -     Entering _make_request()
2026-09-15 10:05:47,967 - yfinance - DEBUG - url=https://query2.finance.yahoo.com/v8/finance/chart/^GSPC
2026-09-15 10:05:47,969 - yfinance - DEBUG - params={'range': '1d', 'interval': '1m', 'includePrePost': False, 'events': 'div,splits,capitalGains'}
2026-09-15 10:05:47,970 - yfinance - DEBUG -      Entering _get_cookie_and_crumb()
2026-09-15 10:05:47,971 - yfinance - DEBUG - cookie_mode = 'basic'
2026-09-15 10:05:47,971 - yfinance - DEBUG -       Entering _get_cookie_and_crumb_basic()
2026-09-15 10:05:47,972 - yfinance - DEBUG -        Entering _get_cookie_basic()
2026-09-15 10:05:47,972 - yfinance - DEBUG - reusing cookie
2026-09-15 10:05:47,973 - yfinance - DEBUG -        Exiting _get_cookie_basic()
2026-09-15 10:05:47,973 - yfinance - DEBUG -        Entering _get_crumb_basic()
2026-09-15 10:05:47,973 - yfinance - DEBUG - reusing crumb
2026-09-15 10:05:47,974 - yfinance - DEBUG -        Exiting _get_crumb_basic()
2026-09-15 10:05:47,975 - yfinance - DEBUG -       Exiting _get_cookie_and_crumb_basic()
2026-09-15 10:05:47,975 - yfinance - DEBUG -      Exiting _get_cookie_and_crumb()
2026-09-15 10:05:48,121 - yfinance - DEBUG - response code=200
2026-09-15 10:05:48,121 - yfinance - DEBUG -     Exiting _make_request()
2026-09-15 10:05:48,124 - yfinance - DEBUG -    Exiting get()
2026-09-15 10:05:48,129 - yfinance - DEBUG - ^GSPC: yfinance received OHLC data: 2026-09-15 13:30:00 -> 2026-09-15 15:05:46
2026-09-15 10:05:48,144 - yfinance - DEBUG - ^GSPC: OHLC after cleaning: 2026-09-15 09:30:00-04:00 -> 2026-09-15 11:05:46-04:00
2026-09-15 10:05:48,148 - yfinance - DEBUG - ^GSPC: OHLC after combining events: 2026-09-15 09:30:00-04:00 -> 2026-09-15 11:05:46-04:00
2026-09-15 10:05:48,156 - yfinance - DEBUG - ^GSPC: yfinance returning OHLC: 2026-09-15 09:30:00-04:00 -> 2026-09-15 11:05:00-04:00
2026-09-15 10:05:48,156 - yfinance - DEBUG -   Exiting history()
2026-09-15 10:05:48,156 - yfinance - DEBUG -  Exiting history()
2026-09-15 10:05:48,159 - yfinance - DEBUG - Exiting download()
2026-09-15 10:05:48,160 - market_data - ERROR - Error getting price for ^GSPC: float() argument must be a string or a real number, not 'Series'
2026-09-15 10:05:48,160 - __main__ - WARNING - Failed to get price data
2026-09-15 10:06:01,657 - schedule - DEBUG - Running job Job(interval=15, unit=seconds, do=minute_check, args=(), kwargs={})
2026-09-15 10:06:01,659 - urllib3.connectionpool - DEBUG - Starting new HTTPS connection (1): paper-api.alpaca.markets:443
2026-09-15 10:06:01,785 - urllib3.connectionpool - DEBUG - https://paper-api.alpaca.markets:443 "GET /v2/account HTTP/1.1" 200 960
2026-09-15 10:06:01,788 - yfinance - DEBUG - Entering download()
2026-09-15 10:06:01,792 - yfinance - DEBUG - Disabling multithreading because DEBUG logging enabled
2026-09-15 10:06:01,792 - yfinance - DEBUG -  Entering history()
2026-09-15 10:06:01,793 - peewee - DEBUG - ('SELECT "t1"."key", "t1"."value" FROM "_tz_kv" AS "t1" WHERE ("t1"."key" = ?) LIMIT ? OFFSET ?', ['ES=F', 1, 0])
2026-09-15 10:06:01,795 - yfinance - DEBUG -   Entering history()
2026-09-15 10:06:01,796 - yfinance - DEBUG - ES=F: Yahoo GET parameters: {'range': '1d', 'interval': '1m', 'includePrePost': False, 'events': 'div,splits,capitalGains'}
2026-09-15 10:06:01,797 - yfinance - DEBUG -    Entering get()
2026-09-15 10:06:01,798 - yfinance - DEBUG -     Entering _make_request()
2026-09-15 10:06:01,800 - yfinance - DEBUG - url=https://query2.finance.yahoo.com/v8/finance/chart/ES=F
2026-09-15 10:06:01,801 - yfinance - DEBUG - params={'range': '1d', 'interval': '1m', 'includePrePost': False, 'events': 'div,splits,capitalGains'}
2026-09-15 10:06:01,802 - yfinance - DEBUG -      Entering _get_cookie_and_crumb()
2026-09-15 10:06:01,802 - yfinance - DEBUG - cookie_mode = 'basic'
2026-09-15 10:06:01,803 - yfinance - DEBUG -       Entering _get_cookie_and_crumb_basic()
2026-09-15 10:06:01,804 - yfinance - DEBUG -        Entering _get_cookie_basic()
2026-09-15 10:06:01,804 - yfinance - DEBUG - reusing cookie
2026-09-15 10:06:01,806 - yfinance - DEBUG -        Exiting _get_cookie_basic()
2026-09-15 10:06:01,808 - yfinance - DEBUG -        Entering _get_crumb_basic()
2026-09-15 10:06:01,812 - yfinance - DEBUG - reusing crumb
2026-09-15 10:06:01,817 - yfinance - DEBUG -        Exiting _get_crumb_basic()
2026-09-15 10:06:01,821 - yfinance - DEBUG -       Exiting _get_cookie_and_crumb_basic()
2026-09-15 10:06:01,827 - yfinance - DEBUG -      Exiting _get_cookie_and_crumb()
2026-09-15 10:06:02,012 - yfinance - DEBUG - response code=200
2026-09-15 10:06:02,012 - yfinance - DEBUG -     Exiting _make_request()
2026-09-15 10:06:02,014 - yfinance - DEBUG -    Exiting get()
2026-09-15 10:06:02,020 - yfinance - DEBUG - ES=F: yfinance received OHLC data: 2026-09-15 04:09:00 -> 2026-09-15 14:56:01
2026-09-15 10:06:02,037 - yfinance - DEBUG - ES=F: OHLC after cleaning: 2026-09-15 00:09:00-04:00 -> 2026-09-15 10:56:01-04:00
2026-09-15 10:06:02,042 - yfinance - DEBUG - ES=F: OHLC after combining events: 2026-09-15 00:09:00-04:00 -> 2026-09-15 10:56:01-04:00
2026-09-15 10:06:02,049 - yfinance - DEBUG - ES=F: yfinance returning OHLC: 2026-09-15 00:09:00-04:00 -> 2026-09-15 10:56:00-04:00
2026-09-15 10:06:02,050 - yfinance - DEBUG -   Exiting history()
2026-09-15 10:06:02,050 - yfinance - DEBUG -  Exiting history()
2026-09-15 10:06:02,053 - yfinance - DEBUG - Exiting download()
2026-09-15 10:06:02,054 - market_data - ERROR - Error getting price for ES=F: float() argument must be a string or a real number, not 'Series'
2026-09-15 10:06:02,054 - yfinance - DEBUG - Entering download()
2026-09-15 10:06:02,055 - yfinance - DEBUG - Disabling multithreading because DEBUG logging enabled
2026-09-15 10:06:02,056 - yfinance - DEBUG -  Entering history()
2026-09-15 10:06:02,056 - peewee - DEBUG - ('SELECT "t1"."key", "t1"."value" FROM "_tz_kv" AS "t1" WHERE ("t1"."key" = ?) LIMIT ? OFFSET ?', ['^GSPC', 1, 0])
2026-09-15 10:06:02,057 - yfinance - DEBUG -   Entering history()
2026-09-15 10:06:02,057 - yfinance - DEBUG - ^GSPC: Yahoo GET parameters: {'range': '1d', 'interval': '1m', 'includePrePost': False, 'events': 'div,splits,capitalGains'}
2026-09-15 10:06:02,058 - yfinance - DEBUG -    Entering get()
2026-09-15 10:06:02,058 - yfinance - DEBUG -     Entering _make_request()
2026-09-15 10:06:02,059 - yfinance - DEBUG - url=https://query2.finance.yahoo.com/v8/finance/chart/^GSPC
2026-09-15 10:06:02,059 - yfinance - DEBUG - params={'range': '1d', 'interval': '1m', 'includePrePost': False, 'events': 'div,splits,capitalGains'}
2026-09-15 10:06:02,062 - yfinance - DEBUG -      Entering _get_cookie_and_crumb()
2026-09-15 10:06:02,062 - yfinance - DEBUG - cookie_mode = 'basic'
2026-09-15 10:06:02,063 - yfinance - DEBUG -       Entering _get_cookie_and_crumb_basic()
2026-09-15 10:06:02,063 - yfinance - DEBUG -        Entering _get_cookie_basic()
2026-09-15 10:06:02,064 - yfinance - DEBUG - reusing cookie
2026-09-15 10:06:02,064 - yfinance - DEBUG -        Exiting _get_cookie_basic()
2026-09-15 10:06:02,064 - yfinance - DEBUG -        Entering _get_crumb_basic()
2026-09-15 10:06:02,065 - yfinance - DEBUG - reusing crumb
2026-09-15 10:06:02,065 - yfinance - DEBUG -        Exiting _get_crumb_basic()
2026-09-15 10:06:02,066 - yfinance - DEBUG -       Exiting _get_cookie_and_crumb_basic()
2026-09-15 10:06:02,066 - yfinance - DEBUG -      Exiting _get_cookie_and_crumb()
2026-09-15 10:06:02,198 - yfinance - DEBUG - response code=200
2026-09-15 10:06:02,199 - yfinance - DEBUG -     Exiting _make_request()
2026-09-15 10:06:02,201 - yfinance - DEBUG -    Exiting get()
2026-09-15 10:06:02,205 - yfinance - DEBUG - ^GSPC: yfinance received OHLC data: 2026-09-15 13:30:00 -> 2026-09-15 15:06:01
2026-09-15 10:06:02,222 - yfinance - DEBUG - ^GSPC: OHLC after cleaning: 2026-09-15 09:30:00-04:00 -> 2026-09-15 11:06:01-04:00
2026-09-15 10:06:02,225 - yfinance - DEBUG - ^GSPC: OHLC after combining events: 2026-09-15 09:30:00-04:00 -> 2026-09-15 11:06:01-04:00
2026-09-15 10:06:02,232 - yfinance - DEBUG - ^GSPC: yfinance returning OHLC: 2026-09-15 09:30:00-04:00 -> 2026-09-15 11:06:00-04:00
2026-09-15 10:06:02,233 - yfinance - DEBUG -   Exiting history()
2026-09-15 10:06:02,233 - yfinance - DEBUG -  Exiting history()
2026-09-15 10:06:02,236 - yfinance - DEBUG - Exiting download()
2026-09-15 10:06:02,237 - market_data - ERROR - Error getting price for ^GSPC: float() argument must be a string or a real number, not 'Series'
2026-09-15 10:06:02,237 - __main__ - WARNING - Failed to get price data
2026-09-15 10:06:03,165 - schedule - DEBUG - Running job Job(interval=15, unit=seconds, do=minute_check, args=(), kwargs={})
2026-09-15 10:06:03,171 - urllib3.connectionpool - DEBUG - Starting new HTTPS connection (1): paper-api.alpaca.markets:443
2026-09-15 10:06:03,327 - urllib3.connectionpool - DEBUG - https://paper-api.alpaca.markets:443 "GET /v2/account HTTP/1.1" 200 940
2026-09-15 10:06:03,329 - yfinance - DEBUG - Entering download()
2026-09-15 10:06:03,331 - yfinance - DEBUG - Disabling multithreading because DEBUG logging enabled
2026-09-15 10:06:03,332 - yfinance - DEBUG -  Entering history()
2026-09-15 10:06:03,333 - peewee - DEBUG - ('SELECT "t1"."key", "t1"."value" FROM "_tz_kv" AS "t1" WHERE ("t1"."key" = ?) LIMIT ? OFFSET ?', ['ES=F', 1, 0])
2026-09-15 10:06:03,336 - yfinance - DEBUG -   Entering history()
2026-09-15 10:06:03,340 - yfinance - DEBUG - ES=F: Yahoo GET parameters: {'range': '1d', 'interval': '1m', 'includePrePost': False, 'events': 'div,splits,capitalGains'}
2026-09-15 10:06:03,341 - yfinance - DEBUG -    Entering get()
2026-09-15 10:06:03,345 - yfinance - DEBUG -     Entering _make_request()
2026-09-15 10:06:03,347 - yfinance - DEBUG - url=https://query2.finance.yahoo.com/v8/finance/chart/ES=F
2026-09-15 10:06:03,348 - yfinance - DEBUG - params={'range': '1d', 'interval': '1m', 'includePrePost': False, 'events': 'div,splits,capitalGains'}
2026-09-15 10:06:03,349 - yfinance - DEBUG -      Entering _get_cookie_and_crumb()
2026-09-15 10:06:03,351 - yfinance - DEBUG - cookie_mode = 'basic'
2026-09-15 10:06:03,352 - yfinance - DEBUG -       Entering _get_cookie_and_crumb_basic()
2026-09-15 10:06:03,353 - yfinance - DEBUG -        Entering _get_cookie_basic()
2026-09-15 10:06:03,354 - yfinance - DEBUG - reusing cookie
2026-09-15 10:06:03,356 - yfinance - DEBUG -        Exiting _get_cookie_basic()
2026-09-15 10:06:03,357 - yfinance - DEBUG -        Entering _get_crumb_basic()
2026-09-15 10:06:03,361 - yfinance - DEBUG - reusing crumb
2026-09-15 10:06:03,362 - yfinance - DEBUG -        Exiting _get_crumb_basic()
2026-09-15 10:06:03,363 - yfinance - DEBUG -       Exiting _get_cookie_and_crumb_basic()
2026-09-15 10:06:03,363 - yfinance - DEBUG -      Exiting _get_cookie_and_crumb()
2026-09-15 10:06:03,514 - yfinance - DEBUG - response code=200
2026-09-15 10:06:03,514 - yfinance - DEBUG -     Exiting _make_request()
2026-09-15 10:06:03,516 - yfinance - DEBUG -    Exiting get()
2026-09-15 10:06:03,519 - yfinance - DEBUG - ES=F: yfinance received OHLC data: 2026-09-15 04:09:00 -> 2026-09-15 14:56:01
2026-09-15 10:06:03,527 - yfinance - DEBUG - ES=F: OHLC after cleaning: 2026-09-15 00:09:00-04:00 -> 2026-09-15 10:56:01-04:00
2026-09-15 10:06:03,530 - yfinance - DEBUG - ES=F: OHLC after combining events: 2026-09-15 00:09:00-04:00 -> 2026-09-15 10:56:01-04:00
2026-09-15 10:06:03,537 - yfinance - DEBUG - ES=F: yfinance returning OHLC: 2026-09-15 00:09:00-04:00 -> 2026-09-15 10:56:00-04:00
2026-09-15 10:06:03,538 - yfinance - DEBUG -   Exiting history()
2026-09-15 10:06:03,538 - yfinance - DEBUG -  Exiting history()
2026-09-15 10:06:03,541 - yfinance - DEBUG - Exiting download()
2026-09-15 10:06:03,542 - market_data - ERROR - Error getting price for ES=F: float() argument must be a string or a real number, not 'Series'
2026-09-15 10:06:03,542 - yfinance - DEBUG - Entering download()
2026-09-15 10:06:03,544 - yfinance - DEBUG - Disabling multithreading because DEBUG logging enabled
2026-09-15 10:06:03,544 - yfinance - DEBUG -  Entering history()
2026-09-15 10:06:03,544 - peewee - DEBUG - ('SELECT "t1"."key", "t1"."value" FROM "_tz_kv" AS "t1" WHERE ("t1"."key" = ?) LIMIT ? OFFSET ?', ['^GSPC', 1, 0])
2026-09-15 10:06:03,546 - yfinance - DEBUG -   Entering history()
2026-09-15 10:06:03,546 - yfinance - DEBUG - ^GSPC: Yahoo GET parameters: {'range': '1d', 'interval': '1m', 'includePrePost': False, 'events': 'div,splits,capitalGains'}
2026-09-15 10:06:03,546 - yfinance - DEBUG -    Entering get()
2026-09-15 10:06:03,547 - yfinance - DEBUG -     Entering _make_request()
2026-09-15 10:06:03,547 - yfinance - DEBUG - url=https://query2.finance.yahoo.com/v8/finance/chart/^GSPC
2026-09-15 10:06:03,548 - yfinance - DEBUG - params={'range': '1d', 'interval': '1m', 'includePrePost': False, 'events': 'div,splits,capitalGains'}
2026-09-15 10:06:03,548 - yfinance - DEBUG -      Entering _get_cookie_and_crumb()
2026-09-15 10:06:03,548 - yfinance - DEBUG - cookie_mode = 'basic'
2026-09-15 10:06:03,549 - yfinance - DEBUG -       Entering _get_cookie_and_crumb_basic()
2026-09-15 10:06:03,549 - yfinance - DEBUG -        Entering _get_cookie_basic()
2026-09-15 10:06:03,550 - yfinance - DEBUG - reusing cookie
2026-09-15 10:06:03,550 - yfinance - DEBUG -        Exiting _get_cookie_basic()
2026-09-15 10:06:03,550 - yfinance - DEBUG -        Entering _get_crumb_basic()
2026-09-15 10:06:03,551 - yfinance - DEBUG - reusing crumb
2026-09-15 10:06:03,551 - yfinance - DEBUG -        Exiting _get_crumb_basic()
2026-09-15 10:06:03,552 - yfinance - DEBUG -       Exiting _get_cookie_and_crumb_basic()
2026-09-15 10:06:03,552 - yfinance - DEBUG -      Exiting _get_cookie_and_crumb()
2026-09-15 10:06:03,779 - yfinance - DEBUG - response code=200
2026-09-15 10:06:03,779 - yfinance - DEBUG -     Exiting _make_request()
2026-09-15 10:06:03,780 - yfinance - DEBUG -    Exiting get()
2026-09-15 10:06:03,782 - yfinance - DEBUG - ^GSPC: yfinance received OHLC data: 2026-09-15 13:30:00 -> 2026-09-15 15:06:03
2026-09-15 10:06:03,790 - yfinance - DEBUG - ^GSPC: OHLC after cleaning: 2026-09-15 09:30:00-04:00 -> 2026-09-15 11:06:03-04:00
2026-09-15 10:06:03,793 - yfinance - DEBUG - ^GSPC: OHLC after combining events: 2026-09-15 09:30:00-04:00 -> 2026-09-15 11:06:03-04:00
2026-09-15 10:06:03,801 - yfinance - DEBUG - ^GSPC: yfinance returning OHLC: 2026-09-15 09:30:00-04:00 -> 2026-09-15 11:06:00-04:00
2026-09-15 10:06:03,802 - yfinance - DEBUG -   Exiting history()
2026-09-15 10:06:03,803 - yfinance - DEBUG -  Exiting history()
2026-09-15 10:06:03,806 - yfinance - DEBUG - Exiting download()
2026-09-15 10:06:03,807 - market_data - ERROR - Error getting price for ^GSPC: float() argument must be a string or a real number, not 'Series'
2026-09-15 10:06:03,808 - __main__ - WARNING - Failed to get price data
2026-09-15 10:06:17,243 - schedule - DEBUG - Running job Job(interval=15, unit=seconds, do=minute_check, args=(), kwargs={})
2026-09-15 10:06:17,244 - urllib3.connectionpool - DEBUG - Starting new HTTPS connection (1): paper-api.alpaca.markets:443
2026-09-15 10:06:17,360 - urllib3.connectionpool - DEBUG - https://paper-api.alpaca.markets:443 "GET /v2/account HTTP/1.1" 200 960
2026-09-15 10:06:17,361 - yfinance - DEBUG - Entering download()
2026-09-15 10:06:17,362 - yfinance - DEBUG - Disabling multithreading because DEBUG logging enabled
2026-09-15 10:06:17,362 - yfinance - DEBUG -  Entering history()
2026-09-15 10:06:17,363 - peewee - DEBUG - ('SELECT "t1"."key", "t1"."value" FROM "_tz_kv" AS "t1" WHERE ("t1"."key" = ?) LIMIT ? OFFSET ?', ['ES=F', 1, 0])
2026-09-15 10:06:17,363 - yfinance - DEBUG -   Entering history()
2026-09-15 10:06:17,363 - yfinance - DEBUG - ES=F: Yahoo GET parameters: {'range': '1d', 'interval': '1m', 'includePrePost': False, 'events': 'div,splits,capitalGains'}
2026-09-15 10:06:17,364 - yfinance - DEBUG -    Entering get()
2026-09-15 10:06:17,364 - yfinance - DEBUG -     Entering _make_request()
2026-09-15 10:06:17,364 - yfinance - DEBUG - url=https://query2.finance.yahoo.com/v8/finance/chart/ES=F
2026-09-15 10:06:17,365 - yfinance - DEBUG - params={'range': '1d', 'interval': '1m', 'includePrePost': False, 'events': 'div,splits,capitalGains'}
2026-09-15 10:06:17,365 - yfinance - DEBUG -      Entering _get_cookie_and_crumb()
2026-09-15 10:06:17,365 - yfinance - DEBUG - cookie_mode = 'basic'
2026-09-15 10:06:17,366 - yfinance - DEBUG -       Entering _get_cookie_and_crumb_basic()
2026-09-15 10:06:17,366 - yfinance - DEBUG -        Entering _get_cookie_basic()
2026-09-15 10:06:17,366 - yfinance - DEBUG - reusing cookie
2026-09-15 10:06:17,367 - yfinance - DEBUG -        Exiting _get_cookie_basic()
2026-09-15 10:06:17,367 - yfinance - DEBUG -        Entering _get_crumb_basic()
2026-09-15 10:06:17,367 - yfinance - DEBUG - reusing crumb
2026-09-15 10:06:17,368 - yfinance - DEBUG -        Exiting _get_crumb_basic()
2026-09-15 10:06:17,368 - yfinance - DEBUG -       Exiting _get_cookie_and_crumb_basic()
2026-09-15 10:06:17,368 - yfinance - DEBUG -      Exiting _get_cookie_and_crumb()
2026-09-15 10:06:17,516 - yfinance - DEBUG - response code=200
2026-09-15 10:06:17,516 - yfinance - DEBUG -     Exiting _make_request()
2026-09-15 10:06:17,517 - yfinance - DEBUG -    Exiting get()
2026-09-15 10:06:17,520 - yfinance - DEBUG - ES=F: yfinance received OHLC data: 2026-09-15 04:09:00 -> 2026-09-15 14:56:17
2026-09-15 10:06:17,528 - yfinance - DEBUG - ES=F: OHLC after cleaning: 2026-09-15 00:09:00-04:00 -> 2026-09-15 10:56:17-04:00
2026-09-15 10:06:17,530 - yfinance - DEBUG - ES=F: OHLC after combining events: 2026-09-15 00:09:00-04:00 -> 2026-09-15 10:56:17-04:00
2026-09-15 10:06:17,535 - yfinance - DEBUG - ES=F: yfinance returning OHLC: 2026-09-15 00:09:00-04:00 -> 2026-09-15 10:56:00-04:00
2026-09-15 10:06:17,536 - yfinance - DEBUG -   Exiting history()
2026-09-15 10:06:17,536 - yfinance - DEBUG -  Exiting history()
2026-09-15 10:06:17,538 - yfinance - DEBUG - Exiting download()
2026-09-15 10:06:17,539 - market_data - ERROR - Error getting price for ES=F: float() argument must be a string or a real number, not 'Series'
2026-09-15 10:06:17,539 - yfinance - DEBUG - Entering download()
2026-09-15 10:06:17,540 - yfinance - DEBUG - Disabling multithreading because DEBUG logging enabled
2026-09-15 10:06:17,540 - yfinance - DEBUG -  Entering history()
2026-09-15 10:06:17,541 - peewee - DEBUG - ('SELECT "t1"."key", "t1"."value" FROM "_tz_kv" AS "t1" WHERE ("t1"."key" = ?) LIMIT ? OFFSET ?', ['^GSPC', 1, 0])
2026-09-15 10:06:17,541 - yfinance - DEBUG -   Entering history()
2026-09-15 10:06:17,541 - yfinance - DEBUG - ^GSPC: Yahoo GET parameters: {'range': '1d', 'interval': '1m', 'includePrePost': False, 'events': 'div,splits,capitalGains'}
2026-09-15 10:06:17,542 - yfinance - DEBUG -    Entering get()
2026-09-15 10:06:17,542 - yfinance - DEBUG -     Entering _make_request()
2026-09-15 10:06:17,542 - yfinance - DEBUG - url=https://query2.finance.yahoo.com/v8/finance/chart/^GSPC
2026-09-15 10:06:17,543 - yfinance - DEBUG - params={'range': '1d', 'interval': '1m', 'includePrePost': False, 'events': 'div,splits,capitalGains'}
2026-09-15 10:06:17,543 - yfinance - DEBUG -      Entering _get_cookie_and_crumb()
2026-09-15 10:06:17,544 - yfinance - DEBUG - cookie_mode = 'basic'
2026-09-15 10:06:17,544 - yfinance - DEBUG -       Entering _get_cookie_and_crumb_basic()
2026-09-15 10:06:17,544 - yfinance - DEBUG -        Entering _get_cookie_basic()
2026-09-15 10:06:17,545 - yfinance - DEBUG - reusing cookie
2026-09-15 10:06:17,545 - yfinance - DEBUG -        Exiting _get_cookie_basic()
2026-09-15 10:06:17,545 - yfinance - DEBUG -        Entering _get_crumb_basic()
2026-09-15 10:06:17,546 - yfinance - DEBUG - reusing crumb
2026-09-15 10:06:17,546 - yfinance - DEBUG -        Exiting _get_crumb_basic()
2026-09-15 10:06:17,546 - yfinance - DEBUG -       Exiting _get_cookie_and_crumb_basic()
2026-09-15 10:06:17,547 - yfinance - DEBUG -      Exiting _get_cookie_and_crumb()
2026-09-15 10:06:17,680 - yfinance - DEBUG - response code=200
2026-09-15 10:06:17,681 - yfinance - DEBUG -     Exiting _make_request()
2026-09-15 10:06:17,683 - yfinance - DEBUG -    Exiting get()
2026-09-15 10:06:17,688 - yfinance - DEBUG - ^GSPC: yfinance received OHLC data: 2026-09-15 13:30:00 -> 2026-09-15 15:06:16
2026-09-15 10:06:17,707 - yfinance - DEBUG - ^GSPC: OHLC after cleaning: 2026-09-15 09:30:00-04:00 -> 2026-09-15 11:06:16-04:00
2026-09-15 10:06:17,712 - yfinance - DEBUG - ^GSPC: OHLC after combining events: 2026-09-15 09:30:00-04:00 -> 2026-09-15 11:06:16-04:00
2026-09-15 10:06:17,725 - yfinance - DEBUG - ^GSPC: yfinance returning OHLC: 2026-09-15 09:30:00-04:00 -> 2026-09-15 11:06:00-04:00
2026-09-15 10:06:17,725 - yfinance - DEBUG -   Exiting history()
2026-09-15 10:06:17,726 - yfinance - DEBUG -  Exiting history()
2026-09-15 10:06:17,731 - yfinance - DEBUG - Exiting download()
2026-09-15 10:06:17,732 - market_data - ERROR - Error getting price for ^GSPC: float() argument must be a string or a real number, not 'Series'
2026-09-15 10:06:17,732 - __main__ - WARNING - Failed to get price data
2026-09-15 10:06:18,819 - schedule - DEBUG - Running job Job(interval=15, unit=seconds, do=minute_check, args=(), kwargs={})
2026-09-15 10:06:18,823 - urllib3.connectionpool - DEBUG - Starting new HTTPS connection (1): paper-api.alpaca.markets:443
2026-09-15 10:06:18,964 - urllib3.connectionpool - DEBUG - https://paper-api.alpaca.markets:443 "GET /v2/account HTTP/1.1" 200 940
2026-09-15 10:06:18,967 - yfinance - DEBUG - Entering download()
2026-09-15 10:06:18,968 - yfinance - DEBUG - Disabling multithreading because DEBUG logging enabled
2026-09-15 10:06:18,969 - yfinance - DEBUG -  Entering history()
2026-09-15 10:06:18,970 - peewee - DEBUG - ('SELECT "t1"."key", "t1"."value" FROM "_tz_kv" AS "t1" WHERE ("t1"."key" = ?) LIMIT ? OFFSET ?', ['ES=F', 1, 0])
2026-09-15 10:06:18,971 - yfinance - DEBUG -   Entering history()
2026-09-15 10:06:18,972 - yfinance - DEBUG - ES=F: Yahoo GET parameters: {'range': '1d', 'interval': '1m', 'includePrePost': False, 'events': 'div,splits,capitalGains'}
2026-09-15 10:06:18,974 - yfinance - DEBUG -    Entering get()
2026-09-15 10:06:18,975 - yfinance - DEBUG -     Entering _make_request()
2026-09-15 10:06:18,976 - yfinance - DEBUG - url=https://query2.finance.yahoo.com/v8/finance/chart/ES=F
2026-09-15 10:06:18,978 - yfinance - DEBUG - params={'range': '1d', 'interval': '1m', 'includePrePost': False, 'events': 'div,splits,capitalGains'}
2026-09-15 10:06:18,978 - yfinance - DEBUG -      Entering _get_cookie_and_crumb()
2026-09-15 10:06:18,979 - yfinance - DEBUG - cookie_mode = 'basic'
2026-09-15 10:06:18,980 - yfinance - DEBUG -       Entering _get_cookie_and_crumb_basic()
2026-09-15 10:06:18,981 - yfinance - DEBUG -        Entering _get_cookie_basic()
2026-09-15 10:06:18,982 - yfinance - DEBUG - reusing cookie
2026-09-15 10:06:18,982 - yfinance - DEBUG -        Exiting _get_cookie_basic()
2026-09-15 10:06:18,983 - yfinance - DEBUG -        Entering _get_crumb_basic()
2026-09-15 10:06:18,983 - yfinance - DEBUG - reusing crumb
2026-09-15 10:06:18,984 - yfinance - DEBUG -        Exiting _get_crumb_basic()
2026-09-15 10:06:18,985 - yfinance - DEBUG -       Exiting _get_cookie_and_crumb_basic()
2026-09-15 10:06:18,986 - yfinance - DEBUG -      Exiting _get_cookie_and_crumb()
2026-09-15 10:06:19,128 - yfinance - DEBUG - response code=200
2026-09-15 10:06:19,128 - yfinance - DEBUG -     Exiting _make_request()
2026-09-15 10:06:19,130 - yfinance - DEBUG -    Exiting get()
2026-09-15 10:06:19,134 - yfinance - DEBUG - ES=F: yfinance received OHLC data: 2026-09-15 04:09:00 -> 2026-09-15 14:56:17
2026-09-15 10:06:19,146 - yfinance - DEBUG - ES=F: OHLC after cleaning: 2026-09-15 00:09:00-04:00 -> 2026-09-15 10:56:17-04:00
2026-09-15 10:06:19,149 - yfinance - DEBUG - ES=F: OHLC after combining events: 2026-09-15 00:09:00-04:00 -> 2026-09-15 10:56:17-04:00
2026-09-15 10:06:19,160 - yfinance - DEBUG - ES=F: yfinance returning OHLC: 2026-09-15 00:09:00-04:00 -> 2026-09-15 10:56:00-04:00
2026-09-15 10:06:19,161 - yfinance - DEBUG -   Exiting history()
2026-09-15 10:06:19,161 - yfinance - DEBUG -  Exiting history()
2026-09-15 10:06:19,164 - yfinance - DEBUG - Exiting download()
2026-09-15 10:06:19,166 - market_data - ERROR - Error getting price for ES=F: float() argument must be a string or a real number, not 'Series'
2026-09-15 10:06:19,167 - yfinance - DEBUG - Entering download()
2026-09-15 10:06:19,168 - yfinance - DEBUG - Disabling multithreading because DEBUG logging enabled
2026-09-15 10:06:19,169 - yfinance - DEBUG -  Entering history()
2026-09-15 10:06:19,170 - peewee - DEBUG - ('SELECT "t1"."key", "t1"."value" FROM "_tz_kv" AS "t1" WHERE ("t1"."key" = ?) LIMIT ? OFFSET ?', ['^GSPC', 1, 0])
2026-09-15 10:06:19,170 - yfinance - DEBUG -   Entering history()
2026-09-15 10:06:19,171 - yfinance - DEBUG - ^GSPC: Yahoo GET parameters: {'range': '1d', 'interval': '1m', 'includePrePost': False, 'events': 'div,splits,capitalGains'}
2026-09-15 10:06:19,171 - yfinance - DEBUG -    Entering get()
2026-09-15 10:06:19,172 - yfinance - DEBUG -     Entering _make_request()
2026-09-15 10:06:19,172 - yfinance - DEBUG - url=https://query2.finance.yahoo.com/v8/finance/chart/^GSPC
2026-09-15 10:06:19,173 - yfinance - DEBUG - params={'range': '1d', 'interval': '1m', 'includePrePost': False, 'events': 'div,splits,capitalGains'}
2026-09-15 10:06:19,173 - yfinance - DEBUG -      Entering _get_cookie_and_crumb()
2026-09-15 10:06:19,173 - yfinance - DEBUG - cookie_mode = 'basic'
2026-09-15 10:06:19,174 - yfinance - DEBUG -       Entering _get_cookie_and_crumb_basic()
2026-09-15 10:06:19,174 - yfinance - DEBUG -        Entering _get_cookie_basic()
2026-09-15 10:06:19,174 - yfinance - DEBUG - reusing cookie
2026-09-15 10:06:19,175 - yfinance - DEBUG -        Exiting _get_cookie_basic()
2026-09-15 10:06:19,175 - yfinance - DEBUG -        Entering _get_crumb_basic()
2026-09-15 10:06:19,175 - yfinance - DEBUG - reusing crumb
2026-09-15 10:06:19,176 - yfinance - DEBUG -        Exiting _get_crumb_basic()
2026-09-15 10:06:19,176 - yfinance - DEBUG -       Exiting _get_cookie_and_crumb_basic()
2026-09-15 10:06:19,176 - yfinance - DEBUG -      Exiting _get_cookie_and_crumb()
2026-09-15 10:06:19,315 - yfinance - DEBUG - response code=200
2026-09-15 10:06:19,315 - yfinance - DEBUG -     Exiting _make_request()
2026-09-15 10:06:19,316 - yfinance - DEBUG -    Exiting get()
2026-09-15 10:06:19,318 - yfinance - DEBUG - ^GSPC: yfinance received OHLC data: 2026-09-15 13:30:00 -> 2026-09-15 15:06:18
2026-09-15 10:06:19,326 - yfinance - DEBUG - ^GSPC: OHLC after cleaning: 2026-09-15 09:30:00-04:00 -> 2026-09-15 11:06:18-04:00
2026-09-15 10:06:19,328 - yfinance - DEBUG - ^GSPC: OHLC after combining events: 2026-09-15 09:30:00-04:00 -> 2026-09-15 11:06:18-04:00
2026-09-15 10:06:19,335 - yfinance - DEBUG - ^GSPC: yfinance returning OHLC: 2026-09-15 09:30:00-04:00 -> 2026-09-15 11:06:00-04:00
2026-09-15 10:06:19,335 - yfinance - DEBUG -   Exiting history()
2026-09-15 10:06:19,335 - yfinance - DEBUG -  Exiting history()
2026-09-15 10:06:19,338 - yfinance - DEBUG - Exiting download()
2026-09-15 10:06:19,338 - market_data - ERROR - Error getting price for ^GSPC: float() argument must be a string or a real number, not 'Series'
2026-09-15 10:06:19,339 - __main__ - WARNING - Failed to get price data
2026-09-15 10:06:32,738 - schedule - DEBUG - Running job Job(interval=15, unit=seconds, do=minute_check, args=(), kwargs={})
2026-09-15 10:06:32,743 - urllib3.connectionpool - DEBUG - Starting new HTTPS connection (1): paper-api.alpaca.markets:443
2026-09-15 10:06:32,924 - urllib3.connectionpool - DEBUG - https://paper-api.alpaca.markets:443 "GET /v2/account HTTP/1.1" 200 960
2026-09-15 10:06:32,925 - yfinance - DEBUG - Entering download()
2026-09-15 10:06:32,926 - yfinance - DEBUG - Disabling multithreading because DEBUG logging enabled
2026-09-15 10:06:32,926 - yfinance - DEBUG -  Entering history()
2026-09-15 10:06:32,927 - peewee - DEBUG - ('SELECT "t1"."key", "t1"."value" FROM "_tz_kv" AS "t1" WHERE ("t1"."key" = ?) LIMIT ? OFFSET ?', ['ES=F', 1, 0])
2026-09-15 10:06:32,927 - yfinance - DEBUG -   Entering history()
2026-09-15 10:06:32,927 - yfinance - DEBUG - ES=F: Yahoo GET parameters: {'range': '1d', 'interval': '1m', 'includePrePost': False, 'events': 'div,splits,capitalGains'}
2026-09-15 10:06:32,928 - yfinance - DEBUG -    Entering get()
2026-09-15 10:06:32,928 - yfinance - DEBUG -     Entering _make_request()
2026-09-15 10:06:32,928 - yfinance - DEBUG - url=https://query2.finance.yahoo.com/v8/finance/chart/ES=F
2026-09-15 10:06:32,929 - yfinance - DEBUG - params={'range': '1d', 'interval': '1m', 'includePrePost': False, 'events': 'div,splits,capitalGains'}
2026-09-15 10:06:32,929 - yfinance - DEBUG -      Entering _get_cookie_and_crumb()
2026-09-15 10:06:32,930 - yfinance - DEBUG - cookie_mode = 'basic'
2026-09-15 10:06:32,930 - yfinance - DEBUG -       Entering _get_cookie_and_crumb_basic()
2026-09-15 10:06:32,931 - yfinance - DEBUG -        Entering _get_cookie_basic()
2026-09-15 10:06:32,931 - yfinance - DEBUG - reusing cookie
2026-09-15 10:06:32,931 - yfinance - DEBUG -        Exiting _get_cookie_basic()
2026-09-15 10:06:32,932 - yfinance - DEBUG -        Entering _get_crumb_basic()
2026-09-15 10:06:32,932 - yfinance - DEBUG - reusing crumb
2026-09-15 10:06:32,932 - yfinance - DEBUG -        Exiting _get_crumb_basic()
2026-09-15 10:06:32,933 - yfinance - DEBUG -       Exiting _get_cookie_and_crumb_basic()
2026-09-15 10:06:32,933 - yfinance - DEBUG -      Exiting _get_cookie_and_crumb()
2026-09-15 10:06:33,093 - yfinance - DEBUG - response code=200
2026-09-15 10:06:33,094 - yfinance - DEBUG -     Exiting _make_request()
2026-09-15 10:06:33,102 - yfinance - DEBUG -    Exiting get()
2026-09-15 10:06:33,119 - yfinance - DEBUG - ES=F: yfinance received OHLC data: 2026-09-15 04:09:00 -> 2026-09-15 14:56:31
2026-09-15 10:06:33,137 - yfinance - DEBUG - ES=F: OHLC after cleaning: 2026-09-15 00:09:00-04:00 -> 2026-09-15 10:56:31-04:00
2026-09-15 10:06:33,142 - yfinance - DEBUG - ES=F: OHLC after combining events: 2026-09-15 00:09:00-04:00 -> 2026-09-15 10:56:31-04:00
2026-09-15 10:06:33,154 - yfinance - DEBUG - ES=F: yfinance returning OHLC: 2026-09-15 00:09:00-04:00 -> 2026-09-15 10:56:00-04:00
2026-09-15 10:06:33,155 - yfinance - DEBUG -   Exiting history()
2026-09-15 10:06:33,155 - yfinance - DEBUG -  Exiting history()
2026-09-15 10:06:33,158 - yfinance - DEBUG - Exiting download()
2026-09-15 10:06:33,158 - market_data - ERROR - Error getting price for ES=F: float() argument must be a string or a real number, not 'Series'
2026-09-15 10:06:33,159 - yfinance - DEBUG - Entering download()
2026-09-15 10:06:33,160 - yfinance - DEBUG - Disabling multithreading because DEBUG logging enabled
2026-09-15 10:06:33,160 - yfinance - DEBUG -  Entering history()
2026-09-15 10:06:33,161 - peewee - DEBUG - ('SELECT "t1"."key", "t1"."value" FROM "_tz_kv" AS "t1" WHERE ("t1"."key" = ?) LIMIT ? OFFSET ?', ['^GSPC', 1, 0])
2026-09-15 10:06:33,161 - yfinance - DEBUG -   Entering history()
2026-09-15 10:06:33,161 - yfinance - DEBUG - ^GSPC: Yahoo GET parameters: {'range': '1d', 'interval': '1m', 'includePrePost': False, 'events': 'div,splits,capitalGains'}
2026-09-15 10:06:33,162 - yfinance - DEBUG -    Entering get()
2026-09-15 10:06:33,163 - yfinance - DEBUG -     Entering _make_request()
2026-09-15 10:06:33,164 - yfinance - DEBUG - url=https://query2.finance.yahoo.com/v8/finance/chart/^GSPC
2026-09-15 10:06:33,164 - yfinance - DEBUG - params={'range': '1d', 'interval': '1m', 'includePrePost': False, 'events': 'div,splits,capitalGains'}
2026-09-15 10:06:33,165 - yfinance - DEBUG -      Entering _get_cookie_and_crumb()
2026-09-15 10:06:33,165 - yfinance - DEBUG - cookie_mode = 'basic'
2026-09-15 10:06:33,166 - yfinance - DEBUG -       Entering _get_cookie_and_crumb_basic()
2026-09-15 10:06:33,166 - yfinance - DEBUG -        Entering _get_cookie_basic()
2026-09-15 10:06:33,167 - yfinance - DEBUG - reusing cookie
2026-09-15 10:06:33,168 - yfinance - DEBUG -        Exiting _get_cookie_basic()
2026-09-15 10:06:33,168 - yfinance - DEBUG -        Entering _get_crumb_basic()
2026-09-15 10:06:33,168 - yfinance - DEBUG - reusing crumb
2026-09-15 10:06:33,169 - yfinance - DEBUG -        Exiting _get_crumb_basic()
2026-09-15 10:06:33,170 - yfinance - DEBUG -       Exiting _get_cookie_and_crumb_basic()
2026-09-15 10:06:33,170 - yfinance - DEBUG -      Exiting _get_cookie_and_crumb()
2026-09-15 10:06:33,469 - yfinance - DEBUG - response code=200
2026-09-15 10:06:33,470 - yfinance - DEBUG -     Exiting _make_request()
2026-09-15 10:06:33,470 - yfinance - DEBUG -    Exiting get()
2026-09-15 10:06:33,472 - yfinance - DEBUG - ^GSPC: yfinance received OHLC data: 2026-09-15 13:30:00 -> 2026-09-15 15:06:32
2026-09-15 10:06:33,478 - yfinance - DEBUG - ^GSPC: OHLC after cleaning: 2026-09-15 09:30:00-04:00 -> 2026-09-15 11:06:32-04:00
2026-09-15 10:06:33,480 - yfinance - DEBUG - ^GSPC: OHLC after combining events: 2026-09-15 09:30:00-04:00 -> 2026-09-15 11:06:32-04:00
2026-09-15 10:06:33,485 - yfinance - DEBUG - ^GSPC: yfinance returning OHLC: 2026-09-15 09:30:00-04:00 -> 2026-09-15 11:06:00-04:00
2026-09-15 10:06:33,485 - yfinance - DEBUG -   Exiting history()
2026-09-15 10:06:33,486 - yfinance - DEBUG -  Exiting history()
2026-09-15 10:06:33,487 - yfinance - DEBUG - Exiting download()
2026-09-15 10:06:33,488 - market_data - ERROR - Error getting price for ^GSPC: float() argument must be a string or a real number, not 'Series'
2026-09-15 10:06:33,488 - __main__ - WARNING - Failed to get price data
2026-09-15 10:06:34,345 - schedule - DEBUG - Running job Job(interval=15, unit=seconds, do=minute_check, args=(), kwargs={})
2026-09-15 10:06:34,350 - urllib3.connectionpool - DEBUG - Starting new HTTPS connection (1): paper-api.alpaca.markets:443
2026-09-15 10:06:34,495 - urllib3.connectionpool - DEBUG - https://paper-api.alpaca.markets:443 "GET /v2/account HTTP/1.1" 200 940
2026-09-15 10:06:34,497 - yfinance - DEBUG - Entering download()
2026-09-15 10:06:34,498 - yfinance - DEBUG - Disabling multithreading because DEBUG logging enabled
2026-09-15 10:06:34,499 - yfinance - DEBUG -  Entering history()
2026-09-15 10:06:34,500 - peewee - DEBUG - ('SELECT "t1"."key", "t1"."value" FROM "_tz_kv" AS "t1" WHERE ("t1"."key" = ?) LIMIT ? OFFSET ?', ['ES=F', 1, 0])
2026-09-15 10:06:34,500 - yfinance - DEBUG -   Entering history()
2026-09-15 10:06:34,501 - yfinance - DEBUG - ES=F: Yahoo GET parameters: {'range': '1d', 'interval': '1m', 'includePrePost': False, 'events': 'div,splits,capitalGains'}
2026-09-15 10:06:34,502 - yfinance - DEBUG -    Entering get()
2026-09-15 10:06:34,502 - yfinance - DEBUG -     Entering _make_request()
2026-09-15 10:06:34,503 - yfinance - DEBUG - url=https://query2.finance.yahoo.com/v8/finance/chart/ES=F
2026-09-15 10:06:34,503 - yfinance - DEBUG - params={'range': '1d', 'interval': '1m', 'includePrePost': False, 'events': 'div,splits,capitalGains'}
2026-09-15 10:06:34,504 - yfinance - DEBUG -      Entering _get_cookie_and_crumb()
2026-09-15 10:06:34,505 - yfinance - DEBUG - cookie_mode = 'basic'
2026-09-15 10:06:34,508 - yfinance - DEBUG -       Entering _get_cookie_and_crumb_basic()
2026-09-15 10:06:34,508 - yfinance - DEBUG -        Entering _get_cookie_basic()
2026-09-15 10:06:34,509 - yfinance - DEBUG - reusing cookie
2026-09-15 10:06:34,510 - yfinance - DEBUG -        Exiting _get_cookie_basic()
2026-09-15 10:06:34,510 - yfinance - DEBUG -        Entering _get_crumb_basic()
2026-09-15 10:06:34,511 - yfinance - DEBUG - reusing crumb
2026-09-15 10:06:34,512 - yfinance - DEBUG -        Exiting _get_crumb_basic()
2026-09-15 10:06:34,512 - yfinance - DEBUG -       Exiting _get_cookie_and_crumb_basic()
2026-09-15 10:06:34,513 - yfinance - DEBUG -      Exiting _get_cookie_and_crumb()
2026-09-15 10:06:34,788 - yfinance - DEBUG - response code=200
2026-09-15 10:06:34,789 - yfinance - DEBUG -     Exiting _make_request()
2026-09-15 10:06:34,790 - yfinance - DEBUG -    Exiting get()
2026-09-15 10:06:34,794 - yfinance - DEBUG - ES=F: yfinance received OHLC data: 2026-09-15 04:09:00 -> 2026-09-15 14:56:33
2026-09-15 10:06:34,806 - yfinance - DEBUG - ES=F: OHLC after cleaning: 2026-09-15 00:09:00-04:00 -> 2026-09-15 10:56:33-04:00
2026-09-15 10:06:34,810 - yfinance - DEBUG - ES=F: OHLC after combining events: 2026-09-15 00:09:00-04:00 -> 2026-09-15 10:56:33-04:00
2026-09-15 10:06:34,820 - yfinance - DEBUG - ES=F: yfinance returning OHLC: 2026-09-15 00:09:00-04:00 -> 2026-09-15 10:56:00-04:00
2026-09-15 10:06:34,821 - yfinance - DEBUG -   Exiting history()
2026-09-15 10:06:34,822 - yfinance - DEBUG -  Exiting history()
2026-09-15 10:06:34,826 - yfinance - DEBUG - Exiting download()
2026-09-15 10:06:34,827 - market_data - ERROR - Error getting price for ES=F: float() argument must be a string or a real number, not 'Series'
2026-09-15 10:06:34,828 - yfinance - DEBUG - Entering download()
2026-09-15 10:06:34,829 - yfinance - DEBUG - Disabling multithreading because DEBUG logging enabled
2026-09-15 10:06:34,830 - yfinance - DEBUG -  Entering history()
2026-09-15 10:06:34,831 - peewee - DEBUG - ('SELECT "t1"."key", "t1"."value" FROM "_tz_kv" AS "t1" WHERE ("t1"."key" = ?) LIMIT ? OFFSET ?', ['^GSPC', 1, 0])
2026-09-15 10:06:34,831 - yfinance - DEBUG -   Entering history()
2026-09-15 10:06:34,832 - yfinance - DEBUG - ^GSPC: Yahoo GET parameters: {'range': '1d', 'interval': '1m', 'includePrePost': False, 'events': 'div,splits,capitalGains'}
2026-09-15 10:06:34,832 - yfinance - DEBUG -    Entering get()
2026-09-15 10:06:34,833 - yfinance - DEBUG -     Entering _make_request()
2026-09-15 10:06:34,834 - yfinance - DEBUG - url=https://query2.finance.yahoo.com/v8/finance/chart/^GSPC
2026-09-15 10:06:34,834 - yfinance - DEBUG - params={'range': '1d', 'interval': '1m', 'includePrePost': False, 'events': 'div,splits,capitalGains'}
2026-09-15 10:06:34,835 - yfinance - DEBUG -      Entering _get_cookie_and_crumb()
2026-09-15 10:06:34,836 - yfinance - DEBUG - cookie_mode = 'basic'
2026-09-15 10:06:34,836 - yfinance - DEBUG -       Entering _get_cookie_and_crumb_basic()
2026-09-15 10:06:34,837 - yfinance - DEBUG -        Entering _get_cookie_basic()
2026-09-15 10:06:34,838 - yfinance - DEBUG - reusing cookie
2026-09-15 10:06:34,839 - yfinance - DEBUG -        Exiting _get_cookie_basic()
2026-09-15 10:06:34,842 - yfinance - DEBUG -        Entering _get_crumb_basic()
2026-09-15 10:06:34,843 - yfinance - DEBUG - reusing crumb
2026-09-15 10:06:34,843 - yfinance - DEBUG -        Exiting _get_crumb_basic()
2026-09-15 10:06:34,844 - yfinance - DEBUG -       Exiting _get_cookie_and_crumb_basic()
2026-09-15 10:06:34,844 - yfinance - DEBUG -      Exiting _get_cookie_and_crumb()
2026-09-15 10:06:34,985 - yfinance - DEBUG - response code=200
2026-09-15 10:06:34,986 - yfinance - DEBUG -     Exiting _make_request()
2026-09-15 10:06:34,987 - yfinance - DEBUG -    Exiting get()
2026-09-15 10:06:34,992 - yfinance - DEBUG - ^GSPC: yfinance received OHLC data: 2026-09-15 13:30:00 -> 2026-09-15 15:06:34
2026-09-15 10:06:35,003 - yfinance - DEBUG - ^GSPC: OHLC after cleaning: 2026-09-15 09:30:00-04:00 -> 2026-09-15 11:06:34-04:00
2026-09-15 10:06:35,007 - yfinance - DEBUG - ^GSPC: OHLC after combining events: 2026-09-15 09:30:00-04:00 -> 2026-09-15 11:06:34-04:00
2026-09-15 10:06:35,017 - yfinance - DEBUG - ^GSPC: yfinance returning OHLC: 2026-09-15 09:30:00-04:00 -> 2026-09-15 11:06:00-04:00
2026-09-15 10:06:35,018 - yfinance - DEBUG -   Exiting history()
2026-09-15 10:06:35,018 - yfinance - DEBUG -  Exiting history()
2026-09-15 10:06:35,022 - yfinance - DEBUG - Exiting download()
2026-09-15 10:06:35,024 - market_data - ERROR - Error getting price for ^GSPC: float() argument must be a string or a real number, not 'Series'
2026-09-15 10:06:35,024 - __main__ - WARNING - Failed to get price data
2026-09-15 10:06:47,605 - __main__ - INFO - 
 ASTRA SCHEDULER STOPPED
2026-09-15 10:06:47,606 - __main__ - INFO - TRADING DAY ENDING AT 12:30 PM
2026-09-15 10:06:47,615 - urllib3.connectionpool - DEBUG - Starting new HTTPS connection (1): paper-api.alpaca.markets:443
2026-09-15 10:06:47,736 - urllib3.connectionpool - DEBUG - https://paper-api.alpaca.markets:443 "DELETE /v2/orders HTTP/1.1" 207 2
2026-09-15 10:06:47,739 - api_handler - INFO - All orders canceled
2026-09-15 10:06:47,741 - urllib3.connectionpool - DEBUG - Starting new HTTPS connection (1): paper-api.alpaca.markets:443
2026-09-15 10:06:47,883 - urllib3.connectionpool - DEBUG - https://paper-api.alpaca.markets:443 "GET /v2/positions HTTP/1.1" 200 2
2026-09-15 10:06:47,886 - __main__ - INFO -    Final P&L: $0.00
2026-09-15 10:06:47,886 - __main__ - INFO -    Trades: 0
2026-09-15 10:06:47,887 - __main__ - INFO - ================================================================================
2026-09-15 10:06:50,030 - schedule - DEBUG - Running job Job(interval=15, unit=seconds, do=minute_check, args=(), kwargs={})
2026-09-15 10:06:50,031 - urllib3.connectionpool - DEBUG - Starting new HTTPS connection (1): paper-api.alpaca.markets:443
2026-09-15 10:06:50,147 - urllib3.connectionpool - DEBUG - https://paper-api.alpaca.markets:443 "GET /v2/account HTTP/1.1" 200 940
2026-09-15 10:06:50,148 - yfinance - DEBUG - Entering download()
2026-09-15 10:06:50,149 - yfinance - DEBUG - Disabling multithreading because DEBUG logging enabled
2026-09-15 10:06:50,150 - yfinance - DEBUG -  Entering history()
2026-09-15 10:06:50,150 - peewee - DEBUG - ('SELECT "t1"."key", "t1"."value" FROM "_tz_kv" AS "t1" WHERE ("t1"."key" = ?) LIMIT ? OFFSET ?', ['ES=F', 1, 0])
2026-09-15 10:06:50,150 - yfinance - DEBUG -   Entering history()
2026-09-15 10:06:50,150 - yfinance - DEBUG - ES=F: Yahoo GET parameters: {'range': '1d', 'interval': '1m', 'includePrePost': False, 'events': 'div,splits,capitalGains'}
2026-09-15 10:06:50,151 - yfinance - DEBUG -    Entering get()
2026-09-15 10:06:50,151 - yfinance - DEBUG -     Entering _make_request()
2026-09-15 10:06:50,151 - yfinance - DEBUG - url=https://query2.finance.yahoo.com/v8/finance/chart/ES=F
2026-09-15 10:06:50,152 - yfinance - DEBUG - params={'range': '1d', 'interval': '1m', 'includePrePost': False, 'events': 'div,splits,capitalGains'}
2026-09-15 10:06:50,152 - yfinance - DEBUG -      Entering _get_cookie_and_crumb()
2026-09-15 10:06:50,152 - yfinance - DEBUG - cookie_mode = 'basic'
2026-09-15 10:06:50,153 - yfinance - DEBUG -       Entering _get_cookie_and_crumb_basic()
2026-09-15 10:06:50,153 - yfinance - DEBUG -        Entering _get_cookie_basic()
2026-09-15 10:06:50,153 - yfinance - DEBUG - reusing cookie
2026-09-15 10:06:50,154 - yfinance - DEBUG -        Exiting _get_cookie_basic()
2026-09-15 10:06:50,154 - yfinance - DEBUG -        Entering _get_crumb_basic()
2026-09-15 10:06:50,154 - yfinance - DEBUG - reusing crumb
2026-09-15 10:06:50,155 - yfinance - DEBUG -        Exiting _get_crumb_basic()
2026-09-15 10:06:50,155 - yfinance - DEBUG -       Exiting _get_cookie_and_crumb_basic()
2026-09-15 10:06:50,156 - yfinance - DEBUG -      Exiting _get_cookie_and_crumb()
2026-09-15 10:06:50,281 - yfinance - DEBUG - response code=200
2026-09-15 10:06:50,282 - yfinance - DEBUG -     Exiting _make_request()
2026-09-15 10:06:50,283 - yfinance - DEBUG -    Exiting get()
2026-09-15 10:06:50,285 - yfinance - DEBUG - ES=F: yfinance received OHLC data: 2026-09-15 04:09:00 -> 2026-09-15 14:56:49
2026-09-15 10:06:50,291 - yfinance - DEBUG - ES=F: OHLC after cleaning: 2026-09-15 00:09:00-04:00 -> 2026-09-15 10:56:49-04:00
2026-09-15 10:06:50,293 - yfinance - DEBUG - ES=F: OHLC after combining events: 2026-09-15 00:09:00-04:00 -> 2026-09-15 10:56:49-04:00
2026-09-15 10:06:50,298 - yfinance - DEBUG - ES=F: yfinance returning OHLC: 2026-09-15 00:09:00-04:00 -> 2026-09-15 10:56:00-04:00
2026-09-15 10:06:50,299 - yfinance - DEBUG -   Exiting history()
2026-09-15 10:06:50,299 - yfinance - DEBUG -  Exiting history()
2026-09-15 10:06:50,301 - yfinance - DEBUG - Exiting download()
2026-09-15 10:06:50,302 - market_data - ERROR - Error getting price for ES=F: float() argument must be a string or a real number, not 'Series'
2026-09-15 10:06:50,302 - yfinance - DEBUG - Entering download()
2026-09-15 10:06:50,303 - yfinance - DEBUG - Disabling multithreading because DEBUG logging enabled
2026-09-15 10:06:50,303 - yfinance - DEBUG -  Entering history()
2026-09-15 10:06:50,304 - peewee - DEBUG - ('SELECT "t1"."key", "t1"."value" FROM "_tz_kv" AS "t1" WHERE ("t1"."key" = ?) LIMIT ? OFFSET ?', ['^GSPC', 1, 0])
2026-09-15 10:06:50,304 - yfinance - DEBUG -   Entering history()
2026-09-15 10:06:50,305 - yfinance - DEBUG - ^GSPC: Yahoo GET parameters: {'range': '1d', 'interval': '1m', 'includePrePost': False, 'events': 'div,splits,capitalGains'}
2026-09-15 10:06:50,305 - yfinance - DEBUG -    Entering get()
2026-09-15 10:06:50,306 - yfinance - DEBUG -     Entering _make_request()
2026-09-15 10:06:50,306 - yfinance - DEBUG - url=https://query2.finance.yahoo.com/v8/finance/chart/^GSPC
2026-09-15 10:06:50,306 - yfinance - DEBUG - params={'range': '1d', 'interval': '1m', 'includePrePost': False, 'events': 'div,splits,capitalGains'}
2026-09-15 10:06:50,307 - yfinance - DEBUG -      Entering _get_cookie_and_crumb()
2026-09-15 10:06:50,307 - yfinance - DEBUG - cookie_mode = 'basic'
2026-09-15 10:06:50,307 - yfinance - DEBUG -       Entering _get_cookie_and_crumb_basic()
2026-09-15 10:06:50,308 - yfinance - DEBUG -        Entering _get_cookie_basic()
2026-09-15 10:06:50,308 - yfinance - DEBUG - reusing cookie
2026-09-15 10:06:50,308 - yfinance - DEBUG -        Exiting _get_cookie_basic()
2026-09-15 10:06:50,309 - yfinance - DEBUG -        Entering _get_crumb_basic()
2026-09-15 10:06:50,309 - yfinance - DEBUG - reusing crumb
2026-09-15 10:06:50,309 - yfinance - DEBUG -        Exiting _get_crumb_basic()
2026-09-15 10:06:50,310 - yfinance - DEBUG -       Exiting _get_cookie_and_crumb_basic()
2026-09-15 10:06:50,310 - yfinance - DEBUG -      Exiting _get_cookie_and_crumb()
2026-09-15 10:06:50,444 - yfinance - DEBUG - response code=200
2026-09-15 10:06:50,444 - yfinance - DEBUG -     Exiting _make_request()
2026-09-15 10:06:50,445 - yfinance - DEBUG -    Exiting get()
2026-09-15 10:06:50,446 - yfinance - DEBUG - ^GSPC: yfinance received OHLC data: 2026-09-15 13:30:00 -> 2026-09-15 15:06:49
2026-09-15 10:06:50,452 - yfinance - DEBUG - ^GSPC: OHLC after cleaning: 2026-09-15 09:30:00-04:00 -> 2026-09-15 11:06:49-04:00
2026-09-15 10:06:50,454 - yfinance - DEBUG - ^GSPC: OHLC after combining events: 2026-09-15 09:30:00-04:00 -> 2026-09-15 11:06:49-04:00
2026-09-15 10:06:50,462 - yfinance - DEBUG - ^GSPC: yfinance returning OHLC: 2026-09-15 09:30:00-04:00 -> 2026-09-15 11:06:00-04:00
2026-09-15 10:06:50,462 - yfinance - DEBUG -   Exiting history()
2026-09-15 10:06:50,462 - yfinance - DEBUG -  Exiting history()
2026-09-15 10:06:50,465 - yfinance - DEBUG - Exiting download()
2026-09-15 10:06:50,465 - market_data - ERROR - Error getting price for ^GSPC: float() argument must be a string or a real number, not 'Series'
2026-09-15 10:06:50,465 - __main__ - WARNING - Failed to get price data
2026-09-15 10:06:50,807 - urllib3.connectionpool - DEBUG - Starting new HTTPS connection (1): paper-api.alpaca.markets:443
2026-09-15 10:06:50,922 - urllib3.connectionpool - DEBUG - https://paper-api.alpaca.markets:443 "GET /v2/account HTTP/1.1" 200 960
2026-09-15 10:06:50,923 - api_handler - INFO - Connected to Alpaca
2026-09-15 10:06:50,924 - api_handler - INFO -   Equity: $100000.00
2026-09-15 10:06:50,925 - api_handler - INFO -   Buying Power: $400000.00
2026-09-15 10:06:50,928 - __main__ - INFO - ================================================================================
2026-09-15 10:06:50,928 - __main__ - INFO - ASTRA SCHEDULER INITIALIZED
2026-09-15 10:06:50,929 - __main__ - INFO - Trading: Account 1 ($10000)
2026-09-15 10:06:50,930 - __main__ - INFO - Mode: REAL ALPACA PAPER ORDERS
2026-09-15 10:06:50,930 - __main__ - INFO - ================================================================================
2026-09-15 10:06:50,932 - __main__ - INFO - Schedule configured
2026-09-15 10:06:50,932 - __main__ - INFO -   • 8:00 AM: Start
2026-09-15 10:06:50,933 - __main__ - INFO -   • Every minute: Check signals & manage positions
2026-09-15 10:06:50,933 - __main__ - INFO -   • 12:30 PM: Close all positions
2026-09-15 10:06:50,934 - __main__ - INFO - 
 LATE START DETECTED - Current time: 11:06 
2026-09-15 10:06:50,935 - __main__ - INFO - Starting trading immediately..

2026-09-15 10:06:50,937 - urllib3.connectionpool - DEBUG - Starting new HTTPS connection (1): paper-api.alpaca.markets:443
2026-09-15 10:06:51,050 - urllib3.connectionpool - DEBUG - https://paper-api.alpaca.markets:443 "GET /v2/account HTTP/1.1" 200 960
2026-09-15 10:06:51,056 - yfinance - DEBUG - Entering download()
2026-09-15 10:06:51,058 - yfinance - DEBUG - Disabling multithreading because DEBUG logging enabled
2026-09-15 10:06:51,061 - yfinance - DEBUG -  Entering history()
2026-09-15 10:06:51,070 - peewee - DEBUG - ('CREATE TABLE IF NOT EXISTS "_tz_kv" ("key" VARCHAR(255) NOT NULL PRIMARY KEY, "value" VARCHAR(255)) WITHOUT ROWID', [])
2026-09-15 10:06:51,073 - peewee - DEBUG - ('SELECT "t1"."key", "t1"."value" FROM "_tz_kv" AS "t1" WHERE ("t1"."key" = ?) LIMIT ? OFFSET ?', ['ES=F', 1, 0])
2026-09-15 10:06:51,079 - yfinance - DEBUG -   Entering history()
2026-09-15 10:06:51,082 - yfinance - DEBUG - ES=F: Yahoo GET parameters: {'range': '5d', 'interval': '1d', 'includePrePost': False, 'events': 'div,splits,capitalGains'}
2026-09-15 10:06:51,085 - yfinance - DEBUG -    Entering get()
2026-09-15 10:06:51,086 - yfinance - DEBUG -     Entering _make_request()
2026-09-15 10:06:51,088 - yfinance - DEBUG - url=https://query2.finance.yahoo.com/v8/finance/chart/ES=F
2026-09-15 10:06:51,090 - yfinance - DEBUG - params={'range': '5d', 'interval': '1d', 'includePrePost': False, 'events': 'div,splits,capitalGains'}
2026-09-15 10:06:51,092 - yfinance - DEBUG -      Entering _get_cookie_and_crumb()
2026-09-15 10:06:51,094 - yfinance - DEBUG - cookie_mode = 'basic'
2026-09-15 10:06:51,099 - yfinance - DEBUG -       Entering _get_cookie_and_crumb_basic()
2026-09-15 10:06:51,101 - yfinance - DEBUG -        Entering _get_cookie_basic()
2026-09-15 10:06:51,104 - yfinance - DEBUG -         Entering _load_cookie_curlCffi()
2026-09-15 10:06:51,112 - peewee - DEBUG - ('CREATE TABLE IF NOT EXISTS "_cookieschema" ("strategy" VARCHAR(255) NOT NULL PRIMARY KEY, "fetch_date" DATETIME NOT NULL, "cookie_bytes" BLOB NOT NULL) WITHOUT ROWID', [])
2026-09-15 10:06:51,115 - peewee - DEBUG - ('SELECT "t1"."strategy", "t1"."fetch_date", "t1"."cookie_bytes" FROM "_cookieschema" AS "t1" WHERE ("t1"."strategy" = ?) LIMIT ? OFFSET ?', ['curlCffi', 1, 0])
2026-09-15 10:06:51,117 - yfinance - DEBUG -         Exiting _load_cookie_curlCffi()
2026-09-15 10:06:51,118 - yfinance - DEBUG - reusing persistent cookie
2026-09-15 10:06:51,119 - yfinance - DEBUG -        Exiting _get_cookie_basic()
2026-09-15 10:06:51,121 - yfinance - DEBUG -        Entering _get_crumb_basic()
2026-09-15 10:06:51,124 - yfinance - DEBUG -         Entering _get_cookie_basic()
2026-09-15 10:06:51,125 - yfinance - DEBUG - reusing cookie
2026-09-15 10:06:51,126 - yfinance - DEBUG -         Exiting _get_cookie_basic()
2026-09-15 10:06:51,347 - yfinance - DEBUG - crumb = 'b5vh54V3qcC'
2026-09-15 10:06:51,348 - yfinance - DEBUG -        Exiting _get_crumb_basic()
2026-09-15 10:06:51,351 - yfinance - DEBUG -       Exiting _get_cookie_and_crumb_basic()
2026-09-15 10:06:51,353 - yfinance - DEBUG -      Exiting _get_cookie_and_crumb()
2026-09-15 10:06:51,481 - yfinance - DEBUG - response code=200
2026-09-15 10:06:51,482 - yfinance - DEBUG -     Exiting _make_request()
2026-09-15 10:06:51,486 - yfinance - DEBUG -    Exiting get()
2026-09-15 10:06:51,496 - yfinance - DEBUG - ES=F: yfinance received OHLC data: 2026-09-10 04:00:00 -> 2026-09-15 04:00:00
2026-09-15 10:06:51,537 - yfinance - DEBUG - ES=F: OHLC after cleaning: 2026-09-10 00:00:00-04:00 -> 2026-09-15 00:00:00-04:00
2026-09-15 10:06:51,548 - yfinance - DEBUG - ES=F: OHLC after combining events: 2026-09-10 00:00:00-04:00 -> 2026-09-15 00:00:00-04:00
2026-09-15 10:06:51,562 - yfinance - DEBUG - ES=F: yfinance returning OHLC: 2026-09-10 00:00:00-04:00 -> 2026-09-15 00:00:00-04:00
2026-09-15 10:06:51,563 - yfinance - DEBUG -   Exiting history()
2026-09-15 10:06:51,565 - yfinance - DEBUG -  Exiting history()
2026-09-15 10:06:51,573 - yfinance - DEBUG - Exiting download()
2026-09-15 10:06:51,574 - strategy - INFO - Overnight: High 7652.0 / Low 7593.75
2026-09-15 10:06:51,575 - __main__ - INFO - TRADING DAY STARTED
2026-09-15 10:06:51,575 - __main__ - INFO -    Equity: $400,000.00
2026-09-15 10:06:51,576 - __main__ - INFO -    Tier: TIER_5
2026-09-15 10:06:51,577 - __main__ - INFO -    Max Risk: $20,000.00
2026-09-15 10:06:51,577 - __main__ - INFO -    Spread Width: 10 pt
2026-09-15 10:06:51,578 - __main__ - INFO - 
 ASTRA SCHEDULE RUNNING _ PRESS CTRL + C to stop

2026-09-15 10:07:05,471 - schedule - DEBUG - Running job Job(interval=15, unit=seconds, do=minute_check, args=(), kwargs={})
2026-09-15 10:07:05,475 - urllib3.connectionpool - DEBUG - Starting new HTTPS connection (1): paper-api.alpaca.markets:443
2026-09-15 10:07:05,590 - urllib3.connectionpool - DEBUG - https://paper-api.alpaca.markets:443 "GET /v2/account HTTP/1.1" 200 940
2026-09-15 10:07:05,593 - yfinance - DEBUG - Entering download()
2026-09-15 10:07:05,595 - yfinance - DEBUG - Disabling multithreading because DEBUG logging enabled
2026-09-15 10:07:05,596 - yfinance - DEBUG -  Entering history()
2026-09-15 10:07:05,597 - peewee - DEBUG - ('SELECT "t1"."key", "t1"."value" FROM "_tz_kv" AS "t1" WHERE ("t1"."key" = ?) LIMIT ? OFFSET ?', ['ES=F', 1, 0])
2026-09-15 10:07:05,598 - yfinance - DEBUG -   Entering history()
2026-09-15 10:07:05,598 - yfinance - DEBUG - ES=F: Yahoo GET parameters: {'range': '1d', 'interval': '1m', 'includePrePost': False, 'events': 'div,splits,capitalGains'}
2026-09-15 10:07:05,599 - yfinance - DEBUG -    Entering get()
2026-09-15 10:07:05,600 - yfinance - DEBUG -     Entering _make_request()
2026-09-15 10:07:05,601 - yfinance - DEBUG - url=https://query2.finance.yahoo.com/v8/finance/chart/ES=F
2026-09-15 10:07:05,602 - yfinance - DEBUG - params={'range': '1d', 'interval': '1m', 'includePrePost': False, 'events': 'div,splits,capitalGains'}
2026-09-15 10:07:05,603 - yfinance - DEBUG -      Entering _get_cookie_and_crumb()
2026-09-15 10:07:05,604 - yfinance - DEBUG - cookie_mode = 'basic'
2026-09-15 10:07:05,605 - yfinance - DEBUG -       Entering _get_cookie_and_crumb_basic()
2026-09-15 10:07:05,606 - yfinance - DEBUG -        Entering _get_cookie_basic()
2026-09-15 10:07:05,606 - yfinance - DEBUG - reusing cookie
2026-09-15 10:07:05,609 - yfinance - DEBUG -        Exiting _get_cookie_basic()
2026-09-15 10:07:05,610 - yfinance - DEBUG -        Entering _get_crumb_basic()
2026-09-15 10:07:05,611 - yfinance - DEBUG - reusing crumb
2026-09-15 10:07:05,612 - yfinance - DEBUG -        Exiting _get_crumb_basic()
2026-09-15 10:07:05,613 - yfinance - DEBUG -       Exiting _get_cookie_and_crumb_basic()
2026-09-15 10:07:05,614 - yfinance - DEBUG -      Exiting _get_cookie_and_crumb()
2026-09-15 10:07:05,769 - yfinance - DEBUG - response code=200
2026-09-15 10:07:05,770 - yfinance - DEBUG -     Exiting _make_request()
2026-09-15 10:07:05,775 - yfinance - DEBUG -    Exiting get()
2026-09-15 10:07:05,787 - yfinance - DEBUG - ES=F: yfinance received OHLC data: 2026-09-15 04:09:00 -> 2026-09-15 14:57:03
2026-09-15 10:07:05,810 - yfinance - DEBUG - ES=F: OHLC after cleaning: 2026-09-15 00:09:00-04:00 -> 2026-09-15 10:57:03-04:00
2026-09-15 10:07:05,816 - yfinance - DEBUG - ES=F: OHLC after combining events: 2026-09-15 00:09:00-04:00 -> 2026-09-15 10:57:03-04:00
2026-09-15 10:07:05,831 - yfinance - DEBUG - ES=F: yfinance returning OHLC: 2026-09-15 00:09:00-04:00 -> 2026-09-15 10:57:00-04:00
2026-09-15 10:07:05,832 - yfinance - DEBUG -   Exiting history()
2026-09-15 10:07:05,833 - yfinance - DEBUG -  Exiting history()
2026-09-15 10:07:05,838 - yfinance - DEBUG - Exiting download()
2026-09-15 10:07:05,840 - market_data - ERROR - Error getting price for ES=F: float() argument must be a string or a real number, not 'Series'
2026-09-15 10:07:05,841 - yfinance - DEBUG - Entering download()
2026-09-15 10:07:05,843 - yfinance - DEBUG - Disabling multithreading because DEBUG logging enabled
2026-09-15 10:07:05,844 - yfinance - DEBUG -  Entering history()
2026-09-15 10:07:05,846 - peewee - DEBUG - ('SELECT "t1"."key", "t1"."value" FROM "_tz_kv" AS "t1" WHERE ("t1"."key" = ?) LIMIT ? OFFSET ?', ['^GSPC', 1, 0])
2026-09-15 10:07:05,848 - yfinance - DEBUG -   Entering history()
2026-09-15 10:07:05,848 - yfinance - DEBUG - ^GSPC: Yahoo GET parameters: {'range': '1d', 'interval': '1m', 'includePrePost': False, 'events': 'div,splits,capitalGains'}
2026-09-15 10:07:05,849 - yfinance - DEBUG -    Entering get()
2026-09-15 10:07:05,850 - yfinance - DEBUG -     Entering _make_request()
2026-09-15 10:07:05,851 - yfinance - DEBUG - url=https://query2.finance.yahoo.com/v8/finance/chart/^GSPC
2026-09-15 10:07:05,851 - yfinance - DEBUG - params={'range': '1d', 'interval': '1m', 'includePrePost': False, 'events': 'div,splits,capitalGains'}
2026-09-15 10:07:05,852 - yfinance - DEBUG -      Entering _get_cookie_and_crumb()
2026-09-15 10:07:05,852 - yfinance - DEBUG - cookie_mode = 'basic'
2026-09-15 10:07:05,853 - yfinance - DEBUG -       Entering _get_cookie_and_crumb_basic()
2026-09-15 10:07:05,853 - yfinance - DEBUG -        Entering _get_cookie_basic()
2026-09-15 10:07:05,854 - yfinance - DEBUG - reusing cookie
2026-09-15 10:07:05,854 - yfinance - DEBUG -        Exiting _get_cookie_basic()
2026-09-15 10:07:05,855 - yfinance - DEBUG -        Entering _get_crumb_basic()
2026-09-15 10:07:05,855 - yfinance - DEBUG - reusing crumb
2026-09-15 10:07:05,856 - yfinance - DEBUG -        Exiting _get_crumb_basic()
2026-09-15 10:07:05,857 - yfinance - DEBUG -       Exiting _get_cookie_and_crumb_basic()
2026-09-15 10:07:05,857 - yfinance - DEBUG -      Exiting _get_cookie_and_crumb()
2026-09-15 10:07:05,997 - yfinance - DEBUG - response code=200
2026-09-15 10:07:05,997 - yfinance - DEBUG -     Exiting _make_request()
2026-09-15 10:07:05,998 - yfinance - DEBUG -    Exiting get()
2026-09-15 10:07:06,001 - yfinance - DEBUG - ^GSPC: yfinance received OHLC data: 2026-09-15 13:30:00 -> 2026-09-15 15:07:04
2026-09-15 10:07:06,013 - yfinance - DEBUG - ^GSPC: OHLC after cleaning: 2026-09-15 09:30:00-04:00 -> 2026-09-15 11:07:04-04:00
2026-09-15 10:07:06,017 - yfinance - DEBUG - ^GSPC: OHLC after combining events: 2026-09-15 09:30:00-04:00 -> 2026-09-15 11:07:04-04:00
2026-09-15 10:07:06,030 - yfinance - DEBUG - ^GSPC: yfinance returning OHLC: 2026-09-15 09:30:00-04:00 -> 2026-09-15 11:07:00-04:00
2026-09-15 10:07:06,030 - yfinance - DEBUG -   Exiting history()
2026-09-15 10:07:06,031 - yfinance - DEBUG -  Exiting history()
2026-09-15 10:07:06,033 - yfinance - DEBUG - Exiting download()
2026-09-15 10:07:06,034 - market_data - ERROR - Error getting price for ^GSPC: float() argument must be a string or a real number, not 'Series'
2026-09-15 10:07:06,034 - __main__ - WARNING - Failed to get price data
2026-09-15 10:07:06,584 - schedule - DEBUG - Running job Job(interval=15, unit=seconds, do=minute_check, args=(), kwargs={})
2026-09-15 10:07:06,585 - urllib3.connectionpool - DEBUG - Starting new HTTPS connection (1): paper-api.alpaca.markets:443
2026-09-15 10:07:06,695 - urllib3.connectionpool - DEBUG - https://paper-api.alpaca.markets:443 "GET /v2/account HTTP/1.1" 200 960
2026-09-15 10:07:06,697 - yfinance - DEBUG - Entering download()
2026-09-15 10:07:06,699 - yfinance - DEBUG - Disabling multithreading because DEBUG logging enabled
2026-09-15 10:07:06,699 - yfinance - DEBUG -  Entering history()
2026-09-15 10:07:06,700 - peewee - DEBUG - ('SELECT "t1"."key", "t1"."value" FROM "_tz_kv" AS "t1" WHERE ("t1"."key" = ?) LIMIT ? OFFSET ?', ['ES=F', 1, 0])
2026-09-15 10:07:06,701 - yfinance - DEBUG -   Entering history()
2026-09-15 10:07:06,702 - yfinance - DEBUG - ES=F: Yahoo GET parameters: {'range': '1d', 'interval': '1m', 'includePrePost': False, 'events': 'div,splits,capitalGains'}
2026-09-15 10:07:06,703 - yfinance - DEBUG -    Entering get()
2026-09-15 10:07:06,704 - yfinance - DEBUG -     Entering _make_request()
2026-09-15 10:07:06,705 - yfinance - DEBUG - url=https://query2.finance.yahoo.com/v8/finance/chart/ES=F
2026-09-15 10:07:06,706 - yfinance - DEBUG - params={'range': '1d', 'interval': '1m', 'includePrePost': False, 'events': 'div,splits,capitalGains'}
2026-09-15 10:07:06,707 - yfinance - DEBUG -      Entering _get_cookie_and_crumb()
2026-09-15 10:07:06,708 - yfinance - DEBUG - cookie_mode = 'basic'
2026-09-15 10:07:06,709 - yfinance - DEBUG -       Entering _get_cookie_and_crumb_basic()
2026-09-15 10:07:06,711 - yfinance - DEBUG -        Entering _get_cookie_basic()
2026-09-15 10:07:06,711 - yfinance - DEBUG - reusing cookie
2026-09-15 10:07:06,712 - yfinance - DEBUG -        Exiting _get_cookie_basic()
2026-09-15 10:07:06,713 - yfinance - DEBUG -        Entering _get_crumb_basic()
2026-09-15 10:07:06,715 - yfinance - DEBUG - reusing crumb
2026-09-15 10:07:06,716 - yfinance - DEBUG -        Exiting _get_crumb_basic()
2026-09-15 10:07:06,717 - yfinance - DEBUG -       Exiting _get_cookie_and_crumb_basic()
2026-09-15 10:07:06,718 - yfinance - DEBUG -      Exiting _get_cookie_and_crumb()
2026-09-15 10:07:06,857 - yfinance - DEBUG - response code=200
2026-09-15 10:07:06,857 - yfinance - DEBUG -     Exiting _make_request()
2026-09-15 10:07:06,859 - yfinance - DEBUG -    Exiting get()
2026-09-15 10:07:06,863 - yfinance - DEBUG - ES=F: yfinance received OHLC data: 2026-09-15 04:09:00 -> 2026-09-15 14:57:05
2026-09-15 10:07:06,876 - yfinance - DEBUG - ES=F: OHLC after cleaning: 2026-09-15 00:09:00-04:00 -> 2026-09-15 10:57:05-04:00
2026-09-15 10:07:06,879 - yfinance - DEBUG - ES=F: OHLC after combining events: 2026-09-15 00:09:00-04:00 -> 2026-09-15 10:57:05-04:00
2026-09-15 10:07:06,894 - yfinance - DEBUG - ES=F: yfinance returning OHLC: 2026-09-15 00:09:00-04:00 -> 2026-09-15 10:57:00-04:00
2026-09-15 10:07:06,895 - yfinance - DEBUG -   Exiting history()
2026-09-15 10:07:06,895 - yfinance - DEBUG -  Exiting history()
2026-09-15 10:07:06,899 - yfinance - DEBUG - Exiting download()
2026-09-15 10:07:06,901 - yfinance - DEBUG - Entering download()
2026-09-15 10:07:06,902 - yfinance - DEBUG - Disabling multithreading because DEBUG logging enabled
2026-09-15 10:07:06,903 - yfinance - DEBUG -  Entering history()
2026-09-15 10:07:06,903 - peewee - DEBUG - ('SELECT "t1"."key", "t1"."value" FROM "_tz_kv" AS "t1" WHERE ("t1"."key" = ?) LIMIT ? OFFSET ?', ['^GSPC', 1, 0])
2026-09-15 10:07:06,906 - yfinance - DEBUG -   Entering history()
2026-09-15 10:07:06,906 - yfinance - DEBUG - ^GSPC: Yahoo GET parameters: {'range': '1d', 'interval': '1m', 'includePrePost': False, 'events': 'div,splits,capitalGains'}
2026-09-15 10:07:06,907 - yfinance - DEBUG -    Entering get()
2026-09-15 10:07:06,908 - yfinance - DEBUG -     Entering _make_request()
2026-09-15 10:07:06,908 - yfinance - DEBUG - url=https://query2.finance.yahoo.com/v8/finance/chart/^GSPC
2026-09-15 10:07:06,909 - yfinance - DEBUG - params={'range': '1d', 'interval': '1m', 'includePrePost': False, 'events': 'div,splits,capitalGains'}
2026-09-15 10:07:06,910 - yfinance - DEBUG -      Entering _get_cookie_and_crumb()
2026-09-15 10:07:06,910 - yfinance - DEBUG - cookie_mode = 'basic'
2026-09-15 10:07:06,911 - yfinance - DEBUG -       Entering _get_cookie_and_crumb_basic()
2026-09-15 10:07:06,912 - yfinance - DEBUG -        Entering _get_cookie_basic()
2026-09-15 10:07:06,913 - yfinance - DEBUG - reusing cookie
2026-09-15 10:07:06,913 - yfinance - DEBUG -        Exiting _get_cookie_basic()
2026-09-15 10:07:06,914 - yfinance - DEBUG -        Entering _get_crumb_basic()
2026-09-15 10:07:06,915 - yfinance - DEBUG - reusing crumb
2026-09-15 10:07:06,915 - yfinance - DEBUG -        Exiting _get_crumb_basic()
2026-09-15 10:07:06,916 - yfinance - DEBUG -       Exiting _get_cookie_and_crumb_basic()
2026-09-15 10:07:06,917 - yfinance - DEBUG -      Exiting _get_cookie_and_crumb()
2026-09-15 10:07:07,054 - yfinance - DEBUG - response code=200
2026-09-15 10:07:07,054 - yfinance - DEBUG -     Exiting _make_request()
2026-09-15 10:07:07,056 - yfinance - DEBUG -    Exiting get()
2026-09-15 10:07:07,057 - yfinance - DEBUG - ^GSPC: yfinance received OHLC data: 2026-09-15 13:30:00 -> 2026-09-15 15:07:06
2026-09-15 10:07:07,064 - yfinance - DEBUG - ^GSPC: OHLC after cleaning: 2026-09-15 09:30:00-04:00 -> 2026-09-15 11:07:06-04:00
2026-09-15 10:07:07,065 - yfinance - DEBUG - ^GSPC: OHLC after combining events: 2026-09-15 09:30:00-04:00 -> 2026-09-15 11:07:06-04:00
2026-09-15 10:07:07,073 - yfinance - DEBUG - ^GSPC: yfinance returning OHLC: 2026-09-15 09:30:00-04:00 -> 2026-09-15 11:07:00-04:00
2026-09-15 10:07:07,074 - yfinance - DEBUG -   Exiting history()
2026-09-15 10:07:07,074 - yfinance - DEBUG -  Exiting history()
2026-09-15 10:07:07,077 - yfinance - DEBUG - Exiting download()
2026-09-15 10:07:21,047 - schedule - DEBUG - Running job Job(interval=15, unit=seconds, do=minute_check, args=(), kwargs={})
2026-09-15 10:07:21,052 - urllib3.connectionpool - DEBUG - Starting new HTTPS connection (1): paper-api.alpaca.markets:443
2026-09-15 10:07:21,202 - urllib3.connectionpool - DEBUG - https://paper-api.alpaca.markets:443 "GET /v2/account HTTP/1.1" 200 940
2026-09-15 10:07:21,206 - yfinance - DEBUG - Entering download()
2026-09-15 10:07:21,208 - yfinance - DEBUG - Disabling multithreading because DEBUG logging enabled
2026-09-15 10:07:21,209 - yfinance - DEBUG -  Entering history()
2026-09-15 10:07:21,210 - peewee - DEBUG - ('SELECT "t1"."key", "t1"."value" FROM "_tz_kv" AS "t1" WHERE ("t1"."key" = ?) LIMIT ? OFFSET ?', ['ES=F', 1, 0])
2026-09-15 10:07:21,211 - yfinance - DEBUG -   Entering history()
2026-09-15 10:07:21,211 - yfinance - DEBUG - ES=F: Yahoo GET parameters: {'range': '1d', 'interval': '1m', 'includePrePost': False, 'events': 'div,splits,capitalGains'}
2026-09-15 10:07:21,212 - yfinance - DEBUG -    Entering get()
2026-09-15 10:07:21,212 - yfinance - DEBUG -     Entering _make_request()
2026-09-15 10:07:21,213 - yfinance - DEBUG - url=https://query2.finance.yahoo.com/v8/finance/chart/ES=F
2026-09-15 10:07:21,213 - yfinance - DEBUG - params={'range': '1d', 'interval': '1m', 'includePrePost': False, 'events': 'div,splits,capitalGains'}
2026-09-15 10:07:21,213 - yfinance - DEBUG -      Entering _get_cookie_and_crumb()
2026-09-15 10:07:21,214 - yfinance - DEBUG - cookie_mode = 'basic'
2026-09-15 10:07:21,214 - yfinance - DEBUG -       Entering _get_cookie_and_crumb_basic()
2026-09-15 10:07:21,215 - yfinance - DEBUG -        Entering _get_cookie_basic()
2026-09-15 10:07:21,215 - yfinance - DEBUG - reusing cookie
2026-09-15 10:07:21,215 - yfinance - DEBUG -        Exiting _get_cookie_basic()
2026-09-15 10:07:21,218 - yfinance - DEBUG -        Entering _get_crumb_basic()
2026-09-15 10:07:21,219 - yfinance - DEBUG - reusing crumb
2026-09-15 10:07:21,219 - yfinance - DEBUG -        Exiting _get_crumb_basic()
2026-09-15 10:07:21,219 - yfinance - DEBUG -       Exiting _get_cookie_and_crumb_basic()
2026-09-15 10:07:21,220 - yfinance - DEBUG -      Exiting _get_cookie_and_crumb()
2026-09-15 10:07:21,365 - yfinance - DEBUG - response code=200
2026-09-15 10:07:21,365 - yfinance - DEBUG -     Exiting _make_request()
2026-09-15 10:07:21,367 - yfinance - DEBUG -    Exiting get()
2026-09-15 10:07:21,373 - yfinance - DEBUG - ES=F: yfinance received OHLC data: 2026-09-15 04:09:00 -> 2026-09-15 14:57:21
2026-09-15 10:07:21,394 - yfinance - DEBUG - ES=F: OHLC after cleaning: 2026-09-15 00:09:00-04:00 -> 2026-09-15 10:57:21-04:00
2026-09-15 10:07:21,398 - yfinance - DEBUG - ES=F: OHLC after combining events: 2026-09-15 00:09:00-04:00 -> 2026-09-15 10:57:21-04:00
2026-09-15 10:07:21,408 - yfinance - DEBUG - ES=F: yfinance returning OHLC: 2026-09-15 00:09:00-04:00 -> 2026-09-15 10:57:00-04:00
2026-09-15 10:07:21,409 - yfinance - DEBUG -   Exiting history()
2026-09-15 10:07:21,409 - yfinance - DEBUG -  Exiting history()
2026-09-15 10:07:21,413 - yfinance - DEBUG - Exiting download()
2026-09-15 10:07:21,414 - market_data - ERROR - Error getting price for ES=F: float() argument must be a string or a real number, not 'Series'
2026-09-15 10:07:21,414 - yfinance - DEBUG - Entering download()
2026-09-15 10:07:21,416 - yfinance - DEBUG - Disabling multithreading because DEBUG logging enabled
2026-09-15 10:07:21,416 - yfinance - DEBUG -  Entering history()
2026-09-15 10:07:21,417 - peewee - DEBUG - ('SELECT "t1"."key", "t1"."value" FROM "_tz_kv" AS "t1" WHERE ("t1"."key" = ?) LIMIT ? OFFSET ?', ['^GSPC', 1, 0])
2026-09-15 10:07:21,417 - yfinance - DEBUG -   Entering history()
2026-09-15 10:07:21,418 - yfinance - DEBUG - ^GSPC: Yahoo GET parameters: {'range': '1d', 'interval': '1m', 'includePrePost': False, 'events': 'div,splits,capitalGains'}
2026-09-15 10:07:21,418 - yfinance - DEBUG -    Entering get()
2026-09-15 10:07:21,418 - yfinance - DEBUG -     Entering _make_request()
2026-09-15 10:07:21,419 - yfinance - DEBUG - url=https://query2.finance.yahoo.com/v8/finance/chart/^GSPC
2026-09-15 10:07:21,419 - yfinance - DEBUG - params={'range': '1d', 'interval': '1m', 'includePrePost': False, 'events': 'div,splits,capitalGains'}
2026-09-15 10:07:21,419 - yfinance - DEBUG -      Entering _get_cookie_and_crumb()
2026-09-15 10:07:21,419 - yfinance - DEBUG - cookie_mode = 'basic'
2026-09-15 10:07:21,420 - yfinance - DEBUG -       Entering _get_cookie_and_crumb_basic()
2026-09-15 10:07:21,420 - yfinance - DEBUG -        Entering _get_cookie_basic()
2026-09-15 10:07:21,420 - yfinance - DEBUG - reusing cookie
2026-09-15 10:07:21,420 - yfinance - DEBUG -        Exiting _get_cookie_basic()
2026-09-15 10:07:21,420 - yfinance - DEBUG -        Entering _get_crumb_basic()
2026-09-15 10:07:21,421 - yfinance - DEBUG - reusing crumb
2026-09-15 10:07:21,423 - yfinance - DEBUG -        Exiting _get_crumb_basic()
2026-09-15 10:07:21,423 - yfinance - DEBUG -       Exiting _get_cookie_and_crumb_basic()
2026-09-15 10:07:21,424 - yfinance - DEBUG -      Exiting _get_cookie_and_crumb()
2026-09-15 10:07:21,563 - yfinance - DEBUG - response code=200
2026-09-15 10:07:21,563 - yfinance - DEBUG -     Exiting _make_request()
2026-09-15 10:07:21,563 - yfinance - DEBUG -    Exiting get()
2026-09-15 10:07:21,565 - yfinance - DEBUG - ^GSPC: yfinance received OHLC data: 2026-09-15 13:30:00 -> 2026-09-15 15:07:21
2026-09-15 10:07:21,572 - yfinance - DEBUG - ^GSPC: OHLC after cleaning: 2026-09-15 09:30:00-04:00 -> 2026-09-15 11:07:21-04:00
2026-09-15 10:07:21,574 - yfinance - DEBUG - ^GSPC: OHLC after combining events: 2026-09-15 09:30:00-04:00 -> 2026-09-15 11:07:21-04:00
2026-09-15 10:07:21,581 - yfinance - DEBUG - ^GSPC: yfinance returning OHLC: 2026-09-15 09:30:00-04:00 -> 2026-09-15 11:07:00-04:00
2026-09-15 10:07:21,581 - yfinance - DEBUG -   Exiting history()
2026-09-15 10:07:21,582 - yfinance - DEBUG -  Exiting history()
2026-09-15 10:07:21,584 - yfinance - DEBUG - Exiting download()
2026-09-15 10:07:21,584 - market_data - ERROR - Error getting price for ^GSPC: float() argument must be a string or a real number, not 'Series'
2026-09-15 10:07:21,585 - __main__ - WARNING - Failed to get price data
2026-09-15 10:07:22,083 - schedule - DEBUG - Running job Job(interval=15, unit=seconds, do=minute_check, args=(), kwargs={})
2026-09-15 10:07:22,086 - urllib3.connectionpool - DEBUG - Starting new HTTPS connection (1): paper-api.alpaca.markets:443
2026-09-15 10:07:22,196 - urllib3.connectionpool - DEBUG - https://paper-api.alpaca.markets:443 "GET /v2/account HTTP/1.1" 200 960
2026-09-15 10:07:22,198 - yfinance - DEBUG - Entering download()
2026-09-15 10:07:22,199 - yfinance - DEBUG - Disabling multithreading because DEBUG logging enabled
2026-09-15 10:07:22,199 - yfinance - DEBUG -  Entering history()
2026-09-15 10:07:22,200 - peewee - DEBUG - ('SELECT "t1"."key", "t1"."value" FROM "_tz_kv" AS "t1" WHERE ("t1"."key" = ?) LIMIT ? OFFSET ?', ['ES=F', 1, 0])
2026-09-15 10:07:22,201 - yfinance - DEBUG -   Entering history()
2026-09-15 10:07:22,201 - yfinance - DEBUG - ES=F: Yahoo GET parameters: {'range': '1d', 'interval': '1m', 'includePrePost': False, 'events': 'div,splits,capitalGains'}
2026-09-15 10:07:22,201 - yfinance - DEBUG -    Entering get()
2026-09-15 10:07:22,202 - yfinance - DEBUG -     Entering _make_request()
2026-09-15 10:07:22,202 - yfinance - DEBUG - url=https://query2.finance.yahoo.com/v8/finance/chart/ES=F
2026-09-15 10:07:22,203 - yfinance - DEBUG - params={'range': '1d', 'interval': '1m', 'includePrePost': False, 'events': 'div,splits,capitalGains'}
2026-09-15 10:07:22,203 - yfinance - DEBUG -      Entering _get_cookie_and_crumb()
2026-09-15 10:07:22,204 - yfinance - DEBUG - cookie_mode = 'basic'
2026-09-15 10:07:22,205 - yfinance - DEBUG -       Entering _get_cookie_and_crumb_basic()
2026-09-15 10:07:22,206 - yfinance - DEBUG -        Entering _get_cookie_basic()
2026-09-15 10:07:22,206 - yfinance - DEBUG - reusing cookie
2026-09-15 10:07:22,207 - yfinance - DEBUG -        Exiting _get_cookie_basic()
2026-09-15 10:07:22,207 - yfinance - DEBUG -        Entering _get_crumb_basic()
2026-09-15 10:07:22,208 - yfinance - DEBUG - reusing crumb
2026-09-15 10:07:22,208 - yfinance - DEBUG -        Exiting _get_crumb_basic()
2026-09-15 10:07:22,209 - yfinance - DEBUG -       Exiting _get_cookie_and_crumb_basic()
2026-09-15 10:07:22,209 - yfinance - DEBUG -      Exiting _get_cookie_and_crumb()
2026-09-15 10:07:22,344 - yfinance - DEBUG - response code=200
2026-09-15 10:07:22,344 - yfinance - DEBUG -     Exiting _make_request()
2026-09-15 10:07:22,346 - yfinance - DEBUG -    Exiting get()
2026-09-15 10:07:22,349 - yfinance - DEBUG - ES=F: yfinance received OHLC data: 2026-09-15 04:09:00 -> 2026-09-15 14:57:21
2026-09-15 10:07:22,360 - yfinance - DEBUG - ES=F: OHLC after cleaning: 2026-09-15 00:09:00-04:00 -> 2026-09-15 10:57:21-04:00
2026-09-15 10:07:22,363 - yfinance - DEBUG - ES=F: OHLC after combining events: 2026-09-15 00:09:00-04:00 -> 2026-09-15 10:57:21-04:00
2026-09-15 10:07:22,376 - yfinance - DEBUG - ES=F: yfinance returning OHLC: 2026-09-15 00:09:00-04:00 -> 2026-09-15 10:57:00-04:00
2026-09-15 10:07:22,377 - yfinance - DEBUG -   Exiting history()
2026-09-15 10:07:22,377 - yfinance - DEBUG -  Exiting history()
2026-09-15 10:07:22,381 - yfinance - DEBUG - Exiting download()
2026-09-15 10:07:22,382 - yfinance - DEBUG - Entering download()
2026-09-15 10:07:22,383 - yfinance - DEBUG - Disabling multithreading because DEBUG logging enabled
2026-09-15 10:07:22,383 - yfinance - DEBUG -  Entering history()
2026-09-15 10:07:22,383 - peewee - DEBUG - ('SELECT "t1"."key", "t1"."value" FROM "_tz_kv" AS "t1" WHERE ("t1"."key" = ?) LIMIT ? OFFSET ?', ['^GSPC', 1, 0])
2026-09-15 10:07:22,384 - yfinance - DEBUG -   Entering history()
2026-09-15 10:07:22,384 - yfinance - DEBUG - ^GSPC: Yahoo GET parameters: {'range': '1d', 'interval': '1m', 'includePrePost': False, 'events': 'div,splits,capitalGains'}
2026-09-15 10:07:22,384 - yfinance - DEBUG -    Entering get()
2026-09-15 10:07:22,385 - yfinance - DEBUG -     Entering _make_request()
2026-09-15 10:07:22,385 - yfinance - DEBUG - url=https://query2.finance.yahoo.com/v8/finance/chart/^GSPC
2026-09-15 10:07:22,385 - yfinance - DEBUG - params={'range': '1d', 'interval': '1m', 'includePrePost': False, 'events': 'div,splits,capitalGains'}
2026-09-15 10:07:22,386 - yfinance - DEBUG -      Entering _get_cookie_and_crumb()
2026-09-15 10:07:22,386 - yfinance - DEBUG - cookie_mode = 'basic'
2026-09-15 10:07:22,386 - yfinance - DEBUG -       Entering _get_cookie_and_crumb_basic()
2026-09-15 10:07:22,387 - yfinance - DEBUG -        Entering _get_cookie_basic()
2026-09-15 10:07:22,387 - yfinance - DEBUG - reusing cookie
2026-09-15 10:07:22,388 - yfinance - DEBUG -        Exiting _get_cookie_basic()
2026-09-15 10:07:22,389 - yfinance - DEBUG -        Entering _get_crumb_basic()
2026-09-15 10:07:22,389 - yfinance - DEBUG - reusing crumb
2026-09-15 10:07:22,392 - yfinance - DEBUG -        Exiting _get_crumb_basic()
2026-09-15 10:07:22,393 - yfinance - DEBUG -       Exiting _get_cookie_and_crumb_basic()
2026-09-15 10:07:22,393 - yfinance - DEBUG -      Exiting _get_cookie_and_crumb()
2026-09-15 10:07:22,525 - yfinance - DEBUG - response code=200
2026-09-15 10:07:22,525 - yfinance - DEBUG -     Exiting _make_request()
2026-09-15 10:07:22,526 - yfinance - DEBUG -    Exiting get()
2026-09-15 10:07:22,529 - yfinance - DEBUG - ^GSPC: yfinance received OHLC data: 2026-09-15 13:30:00 -> 2026-09-15 15:07:22
2026-09-15 10:07:22,538 - yfinance - DEBUG - ^GSPC: OHLC after cleaning: 2026-09-15 09:30:00-04:00 -> 2026-09-15 11:07:22-04:00
2026-09-15 10:07:22,541 - yfinance - DEBUG - ^GSPC: OHLC after combining events: 2026-09-15 09:30:00-04:00 -> 2026-09-15 11:07:22-04:00
2026-09-15 10:07:22,552 - yfinance - DEBUG - ^GSPC: yfinance returning OHLC: 2026-09-15 09:30:00-04:00 -> 2026-09-15 11:07:00-04:00
2026-09-15 10:07:22,553 - yfinance - DEBUG -   Exiting history()
2026-09-15 10:07:22,554 - yfinance - DEBUG -  Exiting history()
2026-09-15 10:07:22,557 - yfinance - DEBUG - Exiting download()
2026-09-15 10:07:36,590 - schedule - DEBUG - Running job Job(interval=15, unit=seconds, do=minute_check, args=(), kwargs={})
2026-09-15 10:07:36,595 - urllib3.connectionpool - DEBUG - Starting new HTTPS connection (1): paper-api.alpaca.markets:443
2026-09-15 10:07:36,746 - urllib3.connectionpool - DEBUG - https://paper-api.alpaca.markets:443 "GET /v2/account HTTP/1.1" 200 940
2026-09-15 10:07:36,749 - yfinance - DEBUG - Entering download()
2026-09-15 10:07:36,752 - yfinance - DEBUG - Disabling multithreading because DEBUG logging enabled
2026-09-15 10:07:36,752 - yfinance - DEBUG -  Entering history()
2026-09-15 10:07:36,753 - peewee - DEBUG - ('SELECT "t1"."key", "t1"."value" FROM "_tz_kv" AS "t1" WHERE ("t1"."key" = ?) LIMIT ? OFFSET ?', ['ES=F', 1, 0])
2026-09-15 10:07:36,754 - yfinance - DEBUG -   Entering history()
2026-09-15 10:07:36,755 - yfinance - DEBUG - ES=F: Yahoo GET parameters: {'range': '1d', 'interval': '1m', 'includePrePost': False, 'events': 'div,splits,capitalGains'}
2026-09-15 10:07:36,755 - yfinance - DEBUG -    Entering get()
2026-09-15 10:07:36,756 - yfinance - DEBUG -     Entering _make_request()
2026-09-15 10:07:36,756 - yfinance - DEBUG - url=https://query2.finance.yahoo.com/v8/finance/chart/ES=F
2026-09-15 10:07:36,757 - yfinance - DEBUG - params={'range': '1d', 'interval': '1m', 'includePrePost': False, 'events': 'div,splits,capitalGains'}
2026-09-15 10:07:36,758 - yfinance - DEBUG -      Entering _get_cookie_and_crumb()
2026-09-15 10:07:36,761 - yfinance - DEBUG - cookie_mode = 'basic'
2026-09-15 10:07:36,761 - yfinance - DEBUG -       Entering _get_cookie_and_crumb_basic()
2026-09-15 10:07:36,762 - yfinance - DEBUG -        Entering _get_cookie_basic()
2026-09-15 10:07:36,762 - yfinance - DEBUG - reusing cookie
2026-09-15 10:07:36,763 - yfinance - DEBUG -        Exiting _get_cookie_basic()
2026-09-15 10:07:36,763 - yfinance - DEBUG -        Entering _get_crumb_basic()
2026-09-15 10:07:36,763 - yfinance - DEBUG - reusing crumb
2026-09-15 10:07:36,764 - yfinance - DEBUG -        Exiting _get_crumb_basic()
2026-09-15 10:07:36,764 - yfinance - DEBUG -       Exiting _get_cookie_and_crumb_basic()
2026-09-15 10:07:36,764 - yfinance - DEBUG -      Exiting _get_cookie_and_crumb()
2026-09-15 10:07:36,937 - yfinance - DEBUG - response code=200
2026-09-15 10:07:36,938 - yfinance - DEBUG -     Exiting _make_request()
2026-09-15 10:07:36,940 - yfinance - DEBUG -    Exiting get()
2026-09-15 10:07:36,946 - yfinance - DEBUG - ES=F: yfinance received OHLC data: 2026-09-15 04:09:00 -> 2026-09-15 14:57:35
2026-09-15 10:07:36,956 - yfinance - DEBUG - ES=F: OHLC after cleaning: 2026-09-15 00:09:00-04:00 -> 2026-09-15 10:57:35-04:00
2026-09-15 10:07:36,959 - yfinance - DEBUG - ES=F: OHLC after combining events: 2026-09-15 00:09:00-04:00 -> 2026-09-15 10:57:35-04:00
2026-09-15 10:07:36,968 - yfinance - DEBUG - ES=F: yfinance returning OHLC: 2026-09-15 00:09:00-04:00 -> 2026-09-15 10:57:00-04:00
2026-09-15 10:07:36,968 - yfinance - DEBUG -   Exiting history()
2026-09-15 10:07:36,968 - yfinance - DEBUG -  Exiting history()
2026-09-15 10:07:36,971 - yfinance - DEBUG - Exiting download()
2026-09-15 10:07:36,972 - market_data - ERROR - Error getting price for ES=F: float() argument must be a string or a real number, not 'Series'
2026-09-15 10:07:36,972 - yfinance - DEBUG - Entering download()
2026-09-15 10:07:36,973 - yfinance - DEBUG - Disabling multithreading because DEBUG logging enabled
2026-09-15 10:07:36,973 - yfinance - DEBUG -  Entering history()
2026-09-15 10:07:36,974 - peewee - DEBUG - ('SELECT "t1"."key", "t1"."value" FROM "_tz_kv" AS "t1" WHERE ("t1"."key" = ?) LIMIT ? OFFSET ?', ['^GSPC', 1, 0])
2026-09-15 10:07:36,974 - yfinance - DEBUG -   Entering history()
2026-09-15 10:07:36,974 - yfinance - DEBUG - ^GSPC: Yahoo GET parameters: {'range': '1d', 'interval': '1m', 'includePrePost': False, 'events': 'div,splits,capitalGains'}
2026-09-15 10:07:36,974 - yfinance - DEBUG -    Entering get()
2026-09-15 10:07:36,974 - yfinance - DEBUG -     Entering _make_request()
2026-09-15 10:07:36,974 - yfinance - DEBUG - url=https://query2.finance.yahoo.com/v8/finance/chart/^GSPC
2026-09-15 10:07:36,975 - yfinance - DEBUG - params={'range': '1d', 'interval': '1m', 'includePrePost': False, 'events': 'div,splits,capitalGains'}
2026-09-15 10:07:36,975 - yfinance - DEBUG -      Entering _get_cookie_and_crumb()
2026-09-15 10:07:36,975 - yfinance - DEBUG - cookie_mode = 'basic'
2026-09-15 10:07:36,975 - yfinance - DEBUG -       Entering _get_cookie_and_crumb_basic()
2026-09-15 10:07:36,975 - yfinance - DEBUG -        Entering _get_cookie_basic()
2026-09-15 10:07:36,975 - yfinance - DEBUG - reusing cookie
2026-09-15 10:07:36,975 - yfinance - DEBUG -        Exiting _get_cookie_basic()
2026-09-15 10:07:36,975 - yfinance - DEBUG -        Entering _get_crumb_basic()
2026-09-15 10:07:36,976 - yfinance - DEBUG - reusing crumb
2026-09-15 10:07:36,976 - yfinance - DEBUG -        Exiting _get_crumb_basic()
2026-09-15 10:07:36,976 - yfinance - DEBUG -       Exiting _get_cookie_and_crumb_basic()
2026-09-15 10:07:36,976 - yfinance - DEBUG -      Exiting _get_cookie_and_crumb()
2026-09-15 10:07:37,108 - yfinance - DEBUG - response code=200
2026-09-15 10:07:37,108 - yfinance - DEBUG -     Exiting _make_request()
2026-09-15 10:07:37,109 - yfinance - DEBUG -    Exiting get()
2026-09-15 10:07:37,110 - yfinance - DEBUG - ^GSPC: yfinance received OHLC data: 2026-09-15 13:30:00 -> 2026-09-15 15:07:35
2026-09-15 10:07:37,115 - yfinance - DEBUG - ^GSPC: OHLC after cleaning: 2026-09-15 09:30:00-04:00 -> 2026-09-15 11:07:35-04:00
2026-09-15 10:07:37,117 - yfinance - DEBUG - ^GSPC: OHLC after combining events: 2026-09-15 09:30:00-04:00 -> 2026-09-15 11:07:35-04:00
2026-09-15 10:07:37,122 - yfinance - DEBUG - ^GSPC: yfinance returning OHLC: 2026-09-15 09:30:00-04:00 -> 2026-09-15 11:07:00-04:00
2026-09-15 10:07:37,123 - yfinance - DEBUG -   Exiting history()
2026-09-15 10:07:37,123 - yfinance - DEBUG -  Exiting history()
2026-09-15 10:07:37,125 - yfinance - DEBUG - Exiting download()
2026-09-15 10:07:37,126 - market_data - ERROR - Error getting price for ^GSPC: float() argument must be a string or a real number, not 'Series'
2026-09-15 10:07:37,126 - __main__ - WARNING - Failed to get price data
2026-09-15 10:07:37,564 - schedule - DEBUG - Running job Job(interval=15, unit=seconds, do=minute_check, args=(), kwargs={})
2026-09-15 10:07:37,565 - urllib3.connectionpool - DEBUG - Starting new HTTPS connection (1): paper-api.alpaca.markets:443
2026-09-15 10:07:37,680 - urllib3.connectionpool - DEBUG - https://paper-api.alpaca.markets:443 "GET /v2/account HTTP/1.1" 200 960
2026-09-15 10:07:37,682 - yfinance - DEBUG - Entering download()
2026-09-15 10:07:37,683 - yfinance - DEBUG - Disabling multithreading because DEBUG logging enabled
2026-09-15 10:07:37,683 - yfinance - DEBUG -  Entering history()
2026-09-15 10:07:37,684 - peewee - DEBUG - ('SELECT "t1"."key", "t1"."value" FROM "_tz_kv" AS "t1" WHERE ("t1"."key" = ?) LIMIT ? OFFSET ?', ['ES=F', 1, 0])
2026-09-15 10:07:37,684 - yfinance - DEBUG -   Entering history()
2026-09-15 10:07:37,684 - yfinance - DEBUG - ES=F: Yahoo GET parameters: {'range': '1d', 'interval': '1m', 'includePrePost': False, 'events': 'div,splits,capitalGains'}
2026-09-15 10:07:37,685 - yfinance - DEBUG -    Entering get()
2026-09-15 10:07:37,685 - yfinance - DEBUG -     Entering _make_request()
2026-09-15 10:07:37,685 - yfinance - DEBUG - url=https://query2.finance.yahoo.com/v8/finance/chart/ES=F
2026-09-15 10:07:37,686 - yfinance - DEBUG - params={'range': '1d', 'interval': '1m', 'includePrePost': False, 'events': 'div,splits,capitalGains'}
2026-09-15 10:07:37,686 - yfinance - DEBUG -      Entering _get_cookie_and_crumb()
2026-09-15 10:07:37,686 - yfinance - DEBUG - cookie_mode = 'basic'
2026-09-15 10:07:37,687 - yfinance - DEBUG -       Entering _get_cookie_and_crumb_basic()
2026-09-15 10:07:37,687 - yfinance - DEBUG -        Entering _get_cookie_basic()
2026-09-15 10:07:37,687 - yfinance - DEBUG - reusing cookie
2026-09-15 10:07:37,688 - yfinance - DEBUG -        Exiting _get_cookie_basic()
2026-09-15 10:07:37,689 - yfinance - DEBUG -        Entering _get_crumb_basic()
2026-09-15 10:07:37,689 - yfinance - DEBUG - reusing crumb
2026-09-15 10:07:37,689 - yfinance - DEBUG -        Exiting _get_crumb_basic()
2026-09-15 10:07:37,690 - yfinance - DEBUG -       Exiting _get_cookie_and_crumb_basic()
2026-09-15 10:07:37,690 - yfinance - DEBUG -      Exiting _get_cookie_and_crumb()
2026-09-15 10:07:37,817 - yfinance - DEBUG - response code=200
2026-09-15 10:07:37,817 - yfinance - DEBUG -     Exiting _make_request()
2026-09-15 10:07:37,818 - yfinance - DEBUG -    Exiting get()
2026-09-15 10:07:37,821 - yfinance - DEBUG - ES=F: yfinance received OHLC data: 2026-09-15 04:09:00 -> 2026-09-15 14:57:37
2026-09-15 10:07:37,826 - yfinance - DEBUG - ES=F: OHLC after cleaning: 2026-09-15 00:09:00-04:00 -> 2026-09-15 10:57:37-04:00
2026-09-15 10:07:37,828 - yfinance - DEBUG - ES=F: OHLC after combining events: 2026-09-15 00:09:00-04:00 -> 2026-09-15 10:57:37-04:00
2026-09-15 10:07:37,835 - yfinance - DEBUG - ES=F: yfinance returning OHLC: 2026-09-15 00:09:00-04:00 -> 2026-09-15 10:57:00-04:00
2026-09-15 10:07:37,835 - yfinance - DEBUG -   Exiting history()
2026-09-15 10:07:37,836 - yfinance - DEBUG -  Exiting history()
2026-09-15 10:07:37,838 - yfinance - DEBUG - Exiting download()
2026-09-15 10:07:37,839 - yfinance - DEBUG - Entering download()
2026-09-15 10:07:37,840 - yfinance - DEBUG - Disabling multithreading because DEBUG logging enabled
2026-09-15 10:07:37,840 - yfinance - DEBUG -  Entering history()
2026-09-15 10:07:37,841 - peewee - DEBUG - ('SELECT "t1"."key", "t1"."value" FROM "_tz_kv" AS "t1" WHERE ("t1"."key" = ?) LIMIT ? OFFSET ?', ['^GSPC', 1, 0])
2026-09-15 10:07:37,841 - yfinance - DEBUG -   Entering history()
2026-09-15 10:07:37,841 - yfinance - DEBUG - ^GSPC: Yahoo GET parameters: {'range': '1d', 'interval': '1m', 'includePrePost': False, 'events': 'div,splits,capitalGains'}
2026-09-15 10:07:37,842 - yfinance - DEBUG -    Entering get()
2026-09-15 10:07:37,842 - yfinance - DEBUG -     Entering _make_request()
2026-09-15 10:07:37,842 - yfinance - DEBUG - url=https://query2.finance.yahoo.com/v8/finance/chart/^GSPC
2026-09-15 10:07:37,843 - yfinance - DEBUG - params={'range': '1d', 'interval': '1m', 'includePrePost': False, 'events': 'div,splits,capitalGains'}
2026-09-15 10:07:37,843 - yfinance - DEBUG -      Entering _get_cookie_and_crumb()
2026-09-15 10:07:37,844 - yfinance - DEBUG - cookie_mode = 'basic'
2026-09-15 10:07:37,844 - yfinance - DEBUG -       Entering _get_cookie_and_crumb_basic()
2026-09-15 10:07:37,844 - yfinance - DEBUG -        Entering _get_cookie_basic()
2026-09-15 10:07:37,845 - yfinance - DEBUG - reusing cookie
2026-09-15 10:07:37,845 - yfinance - DEBUG -        Exiting _get_cookie_basic()
2026-09-15 10:07:37,848 - yfinance - DEBUG -        Entering _get_crumb_basic()
2026-09-15 10:07:37,848 - yfinance - DEBUG - reusing crumb
2026-09-15 10:07:37,848 - yfinance - DEBUG -        Exiting _get_crumb_basic()
2026-09-15 10:07:37,849 - yfinance - DEBUG -       Exiting _get_cookie_and_crumb_basic()
2026-09-15 10:07:37,849 - yfinance - DEBUG -      Exiting _get_cookie_and_crumb()
2026-09-15 10:07:38,031 - yfinance - DEBUG - response code=200
2026-09-15 10:07:38,031 - yfinance - DEBUG -     Exiting _make_request()
2026-09-15 10:07:38,032 - yfinance - DEBUG -    Exiting get()
2026-09-15 10:07:38,034 - yfinance - DEBUG - ^GSPC: yfinance received OHLC data: 2026-09-15 13:30:00 -> 2026-09-15 15:07:37
2026-09-15 10:07:38,040 - yfinance - DEBUG - ^GSPC: OHLC after cleaning: 2026-09-15 09:30:00-04:00 -> 2026-09-15 11:07:37-04:00
2026-09-15 10:07:38,042 - yfinance - DEBUG - ^GSPC: OHLC after combining events: 2026-09-15 09:30:00-04:00 -> 2026-09-15 11:07:37-04:00
2026-09-15 10:07:38,049 - yfinance - DEBUG - ^GSPC: yfinance returning OHLC: 2026-09-15 09:30:00-04:00 -> 2026-09-15 11:07:00-04:00
2026-09-15 10:07:38,049 - yfinance - DEBUG -   Exiting history()
2026-09-15 10:07:38,049 - yfinance - DEBUG -  Exiting history()
2026-09-15 10:07:38,051 - yfinance - DEBUG - Exiting download()
2026-09-15 10:07:52,131 - schedule - DEBUG - Running job Job(interval=15, unit=seconds, do=minute_check, args=(), kwargs={})
2026-09-15 10:07:52,136 - urllib3.connectionpool - DEBUG - Starting new HTTPS connection (1): paper-api.alpaca.markets:443
2026-09-15 10:07:52,274 - urllib3.connectionpool - DEBUG - https://paper-api.alpaca.markets:443 "GET /v2/account HTTP/1.1" 200 940
2026-09-15 10:07:52,277 - yfinance - DEBUG - Entering download()
2026-09-15 10:07:52,278 - yfinance - DEBUG - Disabling multithreading because DEBUG logging enabled
2026-09-15 10:07:52,279 - yfinance - DEBUG -  Entering history()
2026-09-15 10:07:52,279 - peewee - DEBUG - ('SELECT "t1"."key", "t1"."value" FROM "_tz_kv" AS "t1" WHERE ("t1"."key" = ?) LIMIT ? OFFSET ?', ['ES=F', 1, 0])
2026-09-15 10:07:52,280 - yfinance - DEBUG -   Entering history()
2026-09-15 10:07:52,280 - yfinance - DEBUG - ES=F: Yahoo GET parameters: {'range': '1d', 'interval': '1m', 'includePrePost': False, 'events': 'div,splits,capitalGains'}
2026-09-15 10:07:52,281 - yfinance - DEBUG -    Entering get()
2026-09-15 10:07:52,281 - yfinance - DEBUG -     Entering _make_request()
2026-09-15 10:07:52,281 - yfinance - DEBUG - url=https://query2.finance.yahoo.com/v8/finance/chart/ES=F
2026-09-15 10:07:52,282 - yfinance - DEBUG - params={'range': '1d', 'interval': '1m', 'includePrePost': False, 'events': 'div,splits,capitalGains'}
2026-09-15 10:07:52,282 - yfinance - DEBUG -      Entering _get_cookie_and_crumb()
2026-09-15 10:07:52,282 - yfinance - DEBUG - cookie_mode = 'basic'
2026-09-15 10:07:52,282 - yfinance - DEBUG -       Entering _get_cookie_and_crumb_basic()
2026-09-15 10:07:52,282 - yfinance - DEBUG -        Entering _get_cookie_basic()
2026-09-15 10:07:52,283 - yfinance - DEBUG - reusing cookie
2026-09-15 10:07:52,283 - yfinance - DEBUG -        Exiting _get_cookie_basic()
2026-09-15 10:07:52,283 - yfinance - DEBUG -        Entering _get_crumb_basic()
2026-09-15 10:07:52,283 - yfinance - DEBUG - reusing crumb
2026-09-15 10:07:52,284 - yfinance - DEBUG -        Exiting _get_crumb_basic()
2026-09-15 10:07:52,284 - yfinance - DEBUG -       Exiting _get_cookie_and_crumb_basic()
2026-09-15 10:07:52,284 - yfinance - DEBUG -      Exiting _get_cookie_and_crumb()
2026-09-15 10:07:52,463 - yfinance - DEBUG - response code=200
2026-09-15 10:07:52,463 - yfinance - DEBUG -     Exiting _make_request()
2026-09-15 10:07:52,463 - yfinance - DEBUG -    Exiting get()
2026-09-15 10:07:52,466 - yfinance - DEBUG - ES=F: yfinance received OHLC data: 2026-09-15 04:09:00 -> 2026-09-15 14:57:51
2026-09-15 10:07:52,481 - yfinance - DEBUG - ES=F: OHLC after cleaning: 2026-09-15 00:09:00-04:00 -> 2026-09-15 10:57:51-04:00
2026-09-15 10:07:52,491 - yfinance - DEBUG - ES=F: OHLC after combining events: 2026-09-15 00:09:00-04:00 -> 2026-09-15 10:57:51-04:00
2026-09-15 10:07:52,510 - yfinance - DEBUG - ES=F: yfinance returning OHLC: 2026-09-15 00:09:00-04:00 -> 2026-09-15 10:57:00-04:00
2026-09-15 10:07:52,510 - yfinance - DEBUG -   Exiting history()
2026-09-15 10:07:52,511 - yfinance - DEBUG -  Exiting history()
2026-09-15 10:07:52,516 - yfinance - DEBUG - Exiting download()
2026-09-15 10:07:52,517 - market_data - ERROR - Error getting price for ES=F: float() argument must be a string or a real number, not 'Series'
2026-09-15 10:07:52,517 - yfinance - DEBUG - Entering download()
2026-09-15 10:07:52,519 - yfinance - DEBUG - Disabling multithreading because DEBUG logging enabled
2026-09-15 10:07:52,519 - yfinance - DEBUG -  Entering history()
2026-09-15 10:07:52,520 - peewee - DEBUG - ('SELECT "t1"."key", "t1"."value" FROM "_tz_kv" AS "t1" WHERE ("t1"."key" = ?) LIMIT ? OFFSET ?', ['^GSPC', 1, 0])
2026-09-15 10:07:52,522 - yfinance - DEBUG -   Entering history()
2026-09-15 10:07:52,522 - yfinance - DEBUG - ^GSPC: Yahoo GET parameters: {'range': '1d', 'interval': '1m', 'includePrePost': False, 'events': 'div,splits,capitalGains'}
2026-09-15 10:07:52,522 - yfinance - DEBUG -    Entering get()
2026-09-15 10:07:52,523 - yfinance - DEBUG -     Entering _make_request()
2026-09-15 10:07:52,523 - yfinance - DEBUG - url=https://query2.finance.yahoo.com/v8/finance/chart/^GSPC
2026-09-15 10:07:52,523 - yfinance - DEBUG - params={'range': '1d', 'interval': '1m', 'includePrePost': False, 'events': 'div,splits,capitalGains'}
2026-09-15 10:07:52,523 - yfinance - DEBUG -      Entering _get_cookie_and_crumb()
2026-09-15 10:07:52,524 - yfinance - DEBUG - cookie_mode = 'basic'
2026-09-15 10:07:52,524 - yfinance - DEBUG -       Entering _get_cookie_and_crumb_basic()
2026-09-15 10:07:52,524 - yfinance - DEBUG -        Entering _get_cookie_basic()
2026-09-15 10:07:52,524 - yfinance - DEBUG - reusing cookie
2026-09-15 10:07:52,525 - yfinance - DEBUG -        Exiting _get_cookie_basic()
2026-09-15 10:07:52,525 - yfinance - DEBUG -        Entering _get_crumb_basic()
2026-09-15 10:07:52,525 - yfinance - DEBUG - reusing crumb
2026-09-15 10:07:52,525 - yfinance - DEBUG -        Exiting _get_crumb_basic()
2026-09-15 10:07:52,526 - yfinance - DEBUG -       Exiting _get_cookie_and_crumb_basic()
2026-09-15 10:07:52,526 - yfinance - DEBUG -      Exiting _get_cookie_and_crumb()
2026-09-15 10:07:52,670 - yfinance - DEBUG - response code=200
2026-09-15 10:07:52,670 - yfinance - DEBUG -     Exiting _make_request()
2026-09-15 10:07:52,671 - yfinance - DEBUG -    Exiting get()
2026-09-15 10:07:52,674 - yfinance - DEBUG - ^GSPC: yfinance received OHLC data: 2026-09-15 13:30:00 -> 2026-09-15 15:07:52
2026-09-15 10:07:52,686 - yfinance - DEBUG - ^GSPC: OHLC after cleaning: 2026-09-15 09:30:00-04:00 -> 2026-09-15 11:07:52-04:00
2026-09-15 10:07:52,690 - yfinance - DEBUG - ^GSPC: OHLC after combining events: 2026-09-15 09:30:00-04:00 -> 2026-09-15 11:07:52-04:00
2026-09-15 10:07:52,701 - yfinance - DEBUG - ^GSPC: yfinance returning OHLC: 2026-09-15 09:30:00-04:00 -> 2026-09-15 11:07:00-04:00
2026-09-15 10:07:52,702 - yfinance - DEBUG -   Exiting history()
2026-09-15 10:07:52,702 - yfinance - DEBUG -  Exiting history()
2026-09-15 10:07:52,707 - yfinance - DEBUG - Exiting download()
2026-09-15 10:07:52,709 - market_data - ERROR - Error getting price for ^GSPC: float() argument must be a string or a real number, not 'Series'
2026-09-15 10:07:52,709 - __main__ - WARNING - Failed to get price data
2026-09-15 10:07:53,059 - schedule - DEBUG - Running job Job(interval=15, unit=seconds, do=minute_check, args=(), kwargs={})
2026-09-15 10:07:53,062 - urllib3.connectionpool - DEBUG - Starting new HTTPS connection (1): paper-api.alpaca.markets:443
2026-09-15 10:07:53,177 - urllib3.connectionpool - DEBUG - https://paper-api.alpaca.markets:443 "GET /v2/account HTTP/1.1" 200 960
2026-09-15 10:07:53,180 - yfinance - DEBUG - Entering download()
2026-09-15 10:07:53,183 - yfinance - DEBUG - Disabling multithreading because DEBUG logging enabled
2026-09-15 10:07:53,183 - yfinance - DEBUG -  Entering history()
2026-09-15 10:07:53,184 - peewee - DEBUG - ('SELECT "t1"."key", "t1"."value" FROM "_tz_kv" AS "t1" WHERE ("t1"."key" = ?) LIMIT ? OFFSET ?', ['ES=F', 1, 0])
2026-09-15 10:07:53,185 - yfinance - DEBUG -   Entering history()
2026-09-15 10:07:53,186 - yfinance - DEBUG - ES=F: Yahoo GET parameters: {'range': '1d', 'interval': '1m', 'includePrePost': False, 'events': 'div,splits,capitalGains'}
2026-09-15 10:07:53,187 - yfinance - DEBUG -    Entering get()
2026-09-15 10:07:53,189 - yfinance - DEBUG -     Entering _make_request()
2026-09-15 10:07:53,189 - yfinance - DEBUG - url=https://query2.finance.yahoo.com/v8/finance/chart/ES=F
2026-09-15 10:07:53,190 - yfinance - DEBUG - params={'range': '1d', 'interval': '1m', 'includePrePost': False, 'events': 'div,splits,capitalGains'}
2026-09-15 10:07:53,193 - yfinance - DEBUG -      Entering _get_cookie_and_crumb()
2026-09-15 10:07:53,194 - yfinance - DEBUG - cookie_mode = 'basic'
2026-09-15 10:07:53,195 - yfinance - DEBUG -       Entering _get_cookie_and_crumb_basic()
2026-09-15 10:07:53,196 - yfinance - DEBUG -        Entering _get_cookie_basic()
2026-09-15 10:07:53,197 - yfinance - DEBUG - reusing cookie
2026-09-15 10:07:53,198 - yfinance - DEBUG -        Exiting _get_cookie_basic()
2026-09-15 10:07:53,199 - yfinance - DEBUG -        Entering _get_crumb_basic()
2026-09-15 10:07:53,200 - yfinance - DEBUG - reusing crumb
2026-09-15 10:07:53,201 - yfinance - DEBUG -        Exiting _get_crumb_basic()
2026-09-15 10:07:53,202 - yfinance - DEBUG -       Exiting _get_cookie_and_crumb_basic()
2026-09-15 10:07:53,204 - yfinance - DEBUG -      Exiting _get_cookie_and_crumb()
2026-09-15 10:07:53,342 - yfinance - DEBUG - response code=200
2026-09-15 10:07:53,342 - yfinance - DEBUG -     Exiting _make_request()
2026-09-15 10:07:53,344 - yfinance - DEBUG -    Exiting get()
2026-09-15 10:07:53,349 - yfinance - DEBUG - ES=F: yfinance received OHLC data: 2026-09-15 04:09:00 -> 2026-09-15 14:57:51
2026-09-15 10:07:53,360 - yfinance - DEBUG - ES=F: OHLC after cleaning: 2026-09-15 00:09:00-04:00 -> 2026-09-15 10:57:51-04:00
2026-09-15 10:07:53,363 - yfinance - DEBUG - ES=F: OHLC after combining events: 2026-09-15 00:09:00-04:00 -> 2026-09-15 10:57:51-04:00
2026-09-15 10:07:53,377 - yfinance - DEBUG - ES=F: yfinance returning OHLC: 2026-09-15 00:09:00-04:00 -> 2026-09-15 10:57:00-04:00
2026-09-15 10:07:53,378 - yfinance - DEBUG -   Exiting history()
2026-09-15 10:07:53,378 - yfinance - DEBUG -  Exiting history()
2026-09-15 10:07:53,382 - yfinance - DEBUG - Exiting download()
2026-09-15 10:07:53,383 - yfinance - DEBUG - Entering download()
2026-09-15 10:07:53,385 - yfinance - DEBUG - Disabling multithreading because DEBUG logging enabled
2026-09-15 10:07:53,385 - yfinance - DEBUG -  Entering history()
2026-09-15 10:07:53,386 - peewee - DEBUG - ('SELECT "t1"."key", "t1"."value" FROM "_tz_kv" AS "t1" WHERE ("t1"."key" = ?) LIMIT ? OFFSET ?', ['^GSPC', 1, 0])
2026-09-15 10:07:53,387 - yfinance - DEBUG -   Entering history()
2026-09-15 10:07:53,388 - yfinance - DEBUG - ^GSPC: Yahoo GET parameters: {'range': '1d', 'interval': '1m', 'includePrePost': False, 'events': 'div,splits,capitalGains'}
2026-09-15 10:07:53,389 - yfinance - DEBUG -    Entering get()
2026-09-15 10:07:53,390 - yfinance - DEBUG -     Entering _make_request()
2026-09-15 10:07:53,391 - yfinance - DEBUG - url=https://query2.finance.yahoo.com/v8/finance/chart/^GSPC
2026-09-15 10:07:53,392 - yfinance - DEBUG - params={'range': '1d', 'interval': '1m', 'includePrePost': False, 'events': 'div,splits,capitalGains'}
2026-09-15 10:07:53,393 - yfinance - DEBUG -      Entering _get_cookie_and_crumb()
2026-09-15 10:07:53,393 - yfinance - DEBUG - cookie_mode = 'basic'
2026-09-15 10:07:53,394 - yfinance - DEBUG -       Entering _get_cookie_and_crumb_basic()
2026-09-15 10:07:53,395 - yfinance - DEBUG -        Entering _get_cookie_basic()
2026-09-15 10:07:53,396 - yfinance - DEBUG - reusing cookie
2026-09-15 10:07:53,398 - yfinance - DEBUG -        Exiting _get_cookie_basic()
2026-09-15 10:07:53,399 - yfinance - DEBUG -        Entering _get_crumb_basic()
2026-09-15 10:07:53,399 - yfinance - DEBUG - reusing crumb
2026-09-15 10:07:53,400 - yfinance - DEBUG -        Exiting _get_crumb_basic()
2026-09-15 10:07:53,400 - yfinance - DEBUG -       Exiting _get_cookie_and_crumb_basic()
2026-09-15 10:07:53,401 - yfinance - DEBUG -      Exiting _get_cookie_and_crumb()
2026-09-15 10:07:53,547 - yfinance - DEBUG - response code=200
2026-09-15 10:07:53,547 - yfinance - DEBUG -     Exiting _make_request()
2026-09-15 10:07:53,548 - yfinance - DEBUG -    Exiting get()
2026-09-15 10:07:53,552 - yfinance - DEBUG - ^GSPC: yfinance received OHLC data: 2026-09-15 13:30:00 -> 2026-09-15 15:07:52
2026-09-15 10:07:53,564 - yfinance - DEBUG - ^GSPC: OHLC after cleaning: 2026-09-15 09:30:00-04:00 -> 2026-09-15 11:07:52-04:00
2026-09-15 10:07:53,566 - yfinance - DEBUG - ^GSPC: OHLC after combining events: 2026-09-15 09:30:00-04:00 -> 2026-09-15 11:07:52-04:00
2026-09-15 10:07:53,580 - yfinance - DEBUG - ^GSPC: yfinance returning OHLC: 2026-09-15 09:30:00-04:00 -> 2026-09-15 11:07:00-04:00
2026-09-15 10:07:53,581 - yfinance - DEBUG -   Exiting history()
2026-09-15 10:07:53,581 - yfinance - DEBUG -  Exiting history()
2026-09-15 10:07:53,583 - yfinance - DEBUG - Exiting download()
2026-09-15 10:08:07,716 - schedule - DEBUG - Running job Job(interval=15, unit=seconds, do=minute_check, args=(), kwargs={})
2026-09-15 10:08:07,720 - urllib3.connectionpool - DEBUG - Starting new HTTPS connection (1): paper-api.alpaca.markets:443
2026-09-15 10:08:07,864 - urllib3.connectionpool - DEBUG - https://paper-api.alpaca.markets:443 "GET /v2/account HTTP/1.1" 200 940
2026-09-15 10:08:07,866 - yfinance - DEBUG - Entering download()
2026-09-15 10:08:07,867 - yfinance - DEBUG - Disabling multithreading because DEBUG logging enabled
2026-09-15 10:08:07,867 - yfinance - DEBUG -  Entering history()
2026-09-15 10:08:07,868 - peewee - DEBUG - ('SELECT "t1"."key", "t1"."value" FROM "_tz_kv" AS "t1" WHERE ("t1"."key" = ?) LIMIT ? OFFSET ?', ['ES=F', 1, 0])
2026-09-15 10:08:07,868 - yfinance - DEBUG -   Entering history()
2026-09-15 10:08:07,868 - yfinance - DEBUG - ES=F: Yahoo GET parameters: {'range': '1d', 'interval': '1m', 'includePrePost': False, 'events': 'div,splits,capitalGains'}
2026-09-15 10:08:07,869 - yfinance - DEBUG -    Entering get()
2026-09-15 10:08:07,869 - yfinance - DEBUG -     Entering _make_request()
2026-09-15 10:08:07,869 - yfinance - DEBUG - url=https://query2.finance.yahoo.com/v8/finance/chart/ES=F
2026-09-15 10:08:07,869 - yfinance - DEBUG - params={'range': '1d', 'interval': '1m', 'includePrePost': False, 'events': 'div,splits,capitalGains'}
2026-09-15 10:08:07,869 - yfinance - DEBUG -      Entering _get_cookie_and_crumb()
2026-09-15 10:08:07,870 - yfinance - DEBUG - cookie_mode = 'basic'
2026-09-15 10:08:07,870 - yfinance - DEBUG -       Entering _get_cookie_and_crumb_basic()
2026-09-15 10:08:07,870 - yfinance - DEBUG -        Entering _get_cookie_basic()
2026-09-15 10:08:07,870 - yfinance - DEBUG - reusing cookie
2026-09-15 10:08:07,870 - yfinance - DEBUG -        Exiting _get_cookie_basic()
2026-09-15 10:08:07,871 - yfinance - DEBUG -        Entering _get_crumb_basic()
2026-09-15 10:08:07,871 - yfinance - DEBUG - reusing crumb
2026-09-15 10:08:07,871 - yfinance - DEBUG -        Exiting _get_crumb_basic()
2026-09-15 10:08:07,871 - yfinance - DEBUG -       Exiting _get_cookie_and_crumb_basic()
2026-09-15 10:08:07,871 - yfinance - DEBUG -      Exiting _get_cookie_and_crumb()
2026-09-15 10:08:08,042 - yfinance - DEBUG - response code=200
2026-09-15 10:08:08,043 - yfinance - DEBUG -     Exiting _make_request()
2026-09-15 10:08:08,045 - yfinance - DEBUG -    Exiting get()
2026-09-15 10:08:08,056 - yfinance - DEBUG - ES=F: yfinance received OHLC data: 2026-09-15 04:09:00 -> 2026-09-15 14:58:07
2026-09-15 10:08:08,091 - yfinance - DEBUG - ES=F: OHLC after cleaning: 2026-09-15 00:09:00-04:00 -> 2026-09-15 10:58:07-04:00
2026-09-15 10:08:08,100 - yfinance - DEBUG - ES=F: OHLC after combining events: 2026-09-15 00:09:00-04:00 -> 2026-09-15 10:58:07-04:00
2026-09-15 10:08:08,113 - yfinance - DEBUG - ES=F: yfinance returning OHLC: 2026-09-15 00:09:00-04:00 -> 2026-09-15 10:58:00-04:00
2026-09-15 10:08:08,114 - yfinance - DEBUG -   Exiting history()
2026-09-15 10:08:08,114 - yfinance - DEBUG -  Exiting history()
2026-09-15 10:08:08,118 - yfinance - DEBUG - Exiting download()
2026-09-15 10:08:08,119 - market_data - ERROR - Error getting price for ES=F: float() argument must be a string or a real number, not 'Series'
2026-09-15 10:08:08,119 - yfinance - DEBUG - Entering download()
2026-09-15 10:08:08,122 - yfinance - DEBUG - Disabling multithreading because DEBUG logging enabled
2026-09-15 10:08:08,123 - yfinance - DEBUG -  Entering history()
2026-09-15 10:08:08,124 - peewee - DEBUG - ('SELECT "t1"."key", "t1"."value" FROM "_tz_kv" AS "t1" WHERE ("t1"."key" = ?) LIMIT ? OFFSET ?', ['^GSPC', 1, 0])
2026-09-15 10:08:08,124 - yfinance - DEBUG -   Entering history()
2026-09-15 10:08:08,125 - yfinance - DEBUG - ^GSPC: Yahoo GET parameters: {'range': '1d', 'interval': '1m', 'includePrePost': False, 'events': 'div,splits,capitalGains'}
2026-09-15 10:08:08,125 - yfinance - DEBUG -    Entering get()
2026-09-15 10:08:08,125 - yfinance - DEBUG -     Entering _make_request()
2026-09-15 10:08:08,125 - yfinance - DEBUG - url=https://query2.finance.yahoo.com/v8/finance/chart/^GSPC
2026-09-15 10:08:08,126 - yfinance - DEBUG - params={'range': '1d', 'interval': '1m', 'includePrePost': False, 'events': 'div,splits,capitalGains'}
2026-09-15 10:08:08,126 - yfinance - DEBUG -      Entering _get_cookie_and_crumb()
2026-09-15 10:08:08,126 - yfinance - DEBUG - cookie_mode = 'basic'
2026-09-15 10:08:08,126 - yfinance - DEBUG -       Entering _get_cookie_and_crumb_basic()
2026-09-15 10:08:08,127 - yfinance - DEBUG -        Entering _get_cookie_basic()
2026-09-15 10:08:08,127 - yfinance - DEBUG - reusing cookie
2026-09-15 10:08:08,127 - yfinance - DEBUG -        Exiting _get_cookie_basic()
2026-09-15 10:08:08,127 - yfinance - DEBUG -        Entering _get_crumb_basic()
2026-09-15 10:08:08,128 - yfinance - DEBUG - reusing crumb
2026-09-15 10:08:08,128 - yfinance - DEBUG -        Exiting _get_crumb_basic()
2026-09-15 10:08:08,128 - yfinance - DEBUG -       Exiting _get_cookie_and_crumb_basic()
2026-09-15 10:08:08,128 - yfinance - DEBUG -      Exiting _get_cookie_and_crumb()
2026-09-15 10:08:08,256 - yfinance - DEBUG - response code=200
2026-09-15 10:08:08,257 - yfinance - DEBUG -     Exiting _make_request()
2026-09-15 10:08:08,259 - yfinance - DEBUG -    Exiting get()
2026-09-15 10:08:08,265 - yfinance - DEBUG - ^GSPC: yfinance received OHLC data: 2026-09-15 13:30:00 -> 2026-09-15 15:08:07
2026-09-15 10:08:08,290 - yfinance - DEBUG - ^GSPC: OHLC after cleaning: 2026-09-15 09:30:00-04:00 -> 2026-09-15 11:08:07-04:00
2026-09-15 10:08:08,295 - yfinance - DEBUG - ^GSPC: OHLC after combining events: 2026-09-15 09:30:00-04:00 -> 2026-09-15 11:08:07-04:00
2026-09-15 10:08:08,309 - yfinance - DEBUG - ^GSPC: yfinance returning OHLC: 2026-09-15 09:30:00-04:00 -> 2026-09-15 11:08:00-04:00
2026-09-15 10:08:08,310 - yfinance - DEBUG -   Exiting history()
2026-09-15 10:08:08,311 - yfinance - DEBUG -  Exiting history()
2026-09-15 10:08:08,313 - yfinance - DEBUG - Exiting download()
2026-09-15 10:08:08,314 - market_data - ERROR - Error getting price for ^GSPC: float() argument must be a string or a real number, not 'Series'
2026-09-15 10:08:08,314 - __main__ - WARNING - Failed to get price data
2026-09-15 10:08:08,589 - schedule - DEBUG - Running job Job(interval=15, unit=seconds, do=minute_check, args=(), kwargs={})
2026-09-15 10:08:08,592 - urllib3.connectionpool - DEBUG - Starting new HTTPS connection (1): paper-api.alpaca.markets:443
2026-09-15 10:08:08,706 - urllib3.connectionpool - DEBUG - https://paper-api.alpaca.markets:443 "GET /v2/account HTTP/1.1" 200 960
2026-09-15 10:08:08,709 - yfinance - DEBUG - Entering download()
2026-09-15 10:08:08,711 - yfinance - DEBUG - Disabling multithreading because DEBUG logging enabled
2026-09-15 10:08:08,712 - yfinance - DEBUG -  Entering history()
2026-09-15 10:08:08,713 - peewee - DEBUG - ('SELECT "t1"."key", "t1"."value" FROM "_tz_kv" AS "t1" WHERE ("t1"."key" = ?) LIMIT ? OFFSET ?', ['ES=F', 1, 0])
2026-09-15 10:08:08,714 - yfinance - DEBUG -   Entering history()
2026-09-15 10:08:08,714 - yfinance - DEBUG - ES=F: Yahoo GET parameters: {'range': '1d', 'interval': '1m', 'includePrePost': False, 'events': 'div,splits,capitalGains'}
2026-09-15 10:08:08,715 - yfinance - DEBUG -    Entering get()
2026-09-15 10:08:08,716 - yfinance - DEBUG -     Entering _make_request()
2026-09-15 10:08:08,717 - yfinance - DEBUG - url=https://query2.finance.yahoo.com/v8/finance/chart/ES=F
2026-09-15 10:08:08,718 - yfinance - DEBUG - params={'range': '1d', 'interval': '1m', 'includePrePost': False, 'events': 'div,splits,capitalGains'}
2026-09-15 10:08:08,719 - yfinance - DEBUG -      Entering _get_cookie_and_crumb()
2026-09-15 10:08:08,720 - yfinance - DEBUG - cookie_mode = 'basic'
2026-09-15 10:08:08,721 - yfinance - DEBUG -       Entering _get_cookie_and_crumb_basic()
2026-09-15 10:08:08,722 - yfinance - DEBUG -        Entering _get_cookie_basic()
2026-09-15 10:08:08,723 - yfinance - DEBUG - reusing cookie
2026-09-15 10:08:08,724 - yfinance - DEBUG -        Exiting _get_cookie_basic()
2026-09-15 10:08:08,727 - yfinance - DEBUG -        Entering _get_crumb_basic()
2026-09-15 10:08:08,728 - yfinance - DEBUG - reusing crumb
2026-09-15 10:08:08,729 - yfinance - DEBUG -        Exiting _get_crumb_basic()
2026-09-15 10:08:08,730 - yfinance - DEBUG -       Exiting _get_cookie_and_crumb_basic()
2026-09-15 10:08:08,731 - yfinance - DEBUG -      Exiting _get_cookie_and_crumb()
2026-09-15 10:08:08,875 - yfinance - DEBUG - response code=200
2026-09-15 10:08:08,875 - yfinance - DEBUG -     Exiting _make_request()
2026-09-15 10:08:08,877 - yfinance - DEBUG -    Exiting get()
2026-09-15 10:08:08,884 - yfinance - DEBUG - ES=F: yfinance received OHLC data: 2026-09-15 04:09:00 -> 2026-09-15 14:58:07
2026-09-15 10:08:08,915 - yfinance - DEBUG - ES=F: OHLC after cleaning: 2026-09-15 00:09:00-04:00 -> 2026-09-15 10:58:07-04:00
2026-09-15 10:08:08,919 - yfinance - DEBUG - ES=F: OHLC after combining events: 2026-09-15 00:09:00-04:00 -> 2026-09-15 10:58:07-04:00
2026-09-15 10:08:08,937 - yfinance - DEBUG - ES=F: yfinance returning OHLC: 2026-09-15 00:09:00-04:00 -> 2026-09-15 10:58:00-04:00
2026-09-15 10:08:08,938 - yfinance - DEBUG -   Exiting history()
2026-09-15 10:08:08,938 - yfinance - DEBUG -  Exiting history()
2026-09-15 10:08:08,943 - yfinance - DEBUG - Exiting download()
2026-09-15 10:08:08,944 - yfinance - DEBUG - Entering download()
2026-09-15 10:08:08,945 - yfinance - DEBUG - Disabling multithreading because DEBUG logging enabled
2026-09-15 10:08:08,945 - yfinance - DEBUG -  Entering history()
2026-09-15 10:08:08,946 - peewee - DEBUG - ('SELECT "t1"."key", "t1"."value" FROM "_tz_kv" AS "t1" WHERE ("t1"."key" = ?) LIMIT ? OFFSET ?', ['^GSPC', 1, 0])
2026-09-15 10:08:08,947 - yfinance - DEBUG -   Entering history()
2026-09-15 10:08:08,947 - yfinance - DEBUG - ^GSPC: Yahoo GET parameters: {'range': '1d', 'interval': '1m', 'includePrePost': False, 'events': 'div,splits,capitalGains'}
2026-09-15 10:08:08,947 - yfinance - DEBUG -    Entering get()
2026-09-15 10:08:08,948 - yfinance - DEBUG -     Entering _make_request()
2026-09-15 10:08:08,948 - yfinance - DEBUG - url=https://query2.finance.yahoo.com/v8/finance/chart/^GSPC
2026-09-15 10:08:08,949 - yfinance - DEBUG - params={'range': '1d', 'interval': '1m', 'includePrePost': False, 'events': 'div,splits,capitalGains'}
2026-09-15 10:08:08,949 - yfinance - DEBUG -      Entering _get_cookie_and_crumb()
2026-09-15 10:08:08,950 - yfinance - DEBUG - cookie_mode = 'basic'
2026-09-15 10:08:08,950 - yfinance - DEBUG -       Entering _get_cookie_and_crumb_basic()
2026-09-15 10:08:08,951 - yfinance - DEBUG -        Entering _get_cookie_basic()
2026-09-15 10:08:08,951 - yfinance - DEBUG - reusing cookie
2026-09-15 10:08:08,952 - yfinance - DEBUG -        Exiting _get_cookie_basic()
2026-09-15 10:08:08,952 - yfinance - DEBUG -        Entering _get_crumb_basic()
2026-09-15 10:08:08,952 - yfinance - DEBUG - reusing crumb
2026-09-15 10:08:08,953 - yfinance - DEBUG -        Exiting _get_crumb_basic()
2026-09-15 10:08:08,954 - yfinance - DEBUG -       Exiting _get_cookie_and_crumb_basic()
2026-09-15 10:08:08,954 - yfinance - DEBUG -      Exiting _get_cookie_and_crumb()
2026-09-15 10:08:09,097 - yfinance - DEBUG - response code=200
2026-09-15 10:08:09,097 - yfinance - DEBUG -     Exiting _make_request()
2026-09-15 10:08:09,101 - yfinance - DEBUG -    Exiting get()
2026-09-15 10:08:09,110 - yfinance - DEBUG - ^GSPC: yfinance received OHLC data: 2026-09-15 13:30:00 -> 2026-09-15 15:08:08
2026-09-15 10:08:09,138 - yfinance - DEBUG - ^GSPC: OHLC after cleaning: 2026-09-15 09:30:00-04:00 -> 2026-09-15 11:08:08-04:00
2026-09-15 10:08:09,145 - yfinance - DEBUG - ^GSPC: OHLC after combining events: 2026-09-15 09:30:00-04:00 -> 2026-09-15 11:08:08-04:00
2026-09-15 10:08:09,162 - yfinance - DEBUG - ^GSPC: yfinance returning OHLC: 2026-09-15 09:30:00-04:00 -> 2026-09-15 11:08:00-04:00
2026-09-15 10:08:09,163 - yfinance - DEBUG -   Exiting history()
2026-09-15 10:08:09,163 - yfinance - DEBUG -  Exiting history()
2026-09-15 10:08:09,167 - yfinance - DEBUG - Exiting download()
2026-09-15 10:08:23,320 - schedule - DEBUG - Running job Job(interval=15, unit=seconds, do=minute_check, args=(), kwargs={})
2026-09-15 10:08:23,327 - urllib3.connectionpool - DEBUG - Starting new HTTPS connection (1): paper-api.alpaca.markets:443
2026-09-15 10:08:23,479 - urllib3.connectionpool - DEBUG - https://paper-api.alpaca.markets:443 "GET /v2/account HTTP/1.1" 200 940
2026-09-15 10:08:23,484 - yfinance - DEBUG - Entering download()
2026-09-15 10:08:23,488 - yfinance - DEBUG - Disabling multithreading because DEBUG logging enabled
2026-09-15 10:08:23,489 - yfinance - DEBUG -  Entering history()
2026-09-15 10:08:23,491 - peewee - DEBUG - ('SELECT "t1"."key", "t1"."value" FROM "_tz_kv" AS "t1" WHERE ("t1"."key" = ?) LIMIT ? OFFSET ?', ['ES=F', 1, 0])
2026-09-15 10:08:23,492 - yfinance - DEBUG -   Entering history()
2026-09-15 10:08:23,493 - yfinance - DEBUG - ES=F: Yahoo GET parameters: {'range': '1d', 'interval': '1m', 'includePrePost': False, 'events': 'div,splits,capitalGains'}
2026-09-15 10:08:23,494 - yfinance - DEBUG -    Entering get()
2026-09-15 10:08:23,494 - yfinance - DEBUG -     Entering _make_request()
2026-09-15 10:08:23,495 - yfinance - DEBUG - url=https://query2.finance.yahoo.com/v8/finance/chart/ES=F
2026-09-15 10:08:23,495 - yfinance - DEBUG - params={'range': '1d', 'interval': '1m', 'includePrePost': False, 'events': 'div,splits,capitalGains'}
2026-09-15 10:08:23,496 - yfinance - DEBUG -      Entering _get_cookie_and_crumb()
2026-09-15 10:08:23,497 - yfinance - DEBUG - cookie_mode = 'basic'
2026-09-15 10:08:23,497 - yfinance - DEBUG -       Entering _get_cookie_and_crumb_basic()
2026-09-15 10:08:23,498 - yfinance - DEBUG -        Entering _get_cookie_basic()
2026-09-15 10:08:23,498 - yfinance - DEBUG - reusing cookie
2026-09-15 10:08:23,499 - yfinance - DEBUG -        Exiting _get_cookie_basic()
2026-09-15 10:08:23,500 - yfinance - DEBUG -        Entering _get_crumb_basic()
2026-09-15 10:08:23,500 - yfinance - DEBUG - reusing crumb
2026-09-15 10:08:23,501 - yfinance - DEBUG -        Exiting _get_crumb_basic()
2026-09-15 10:08:23,501 - yfinance - DEBUG -       Exiting _get_cookie_and_crumb_basic()
2026-09-15 10:08:23,502 - yfinance - DEBUG -      Exiting _get_cookie_and_crumb()
2026-09-15 10:08:23,695 - yfinance - DEBUG - response code=200
2026-09-15 10:08:23,695 - yfinance - DEBUG -     Exiting _make_request()
2026-09-15 10:08:23,696 - yfinance - DEBUG -    Exiting get()
2026-09-15 10:08:23,701 - yfinance - DEBUG - ES=F: yfinance received OHLC data: 2026-09-15 04:09:00 -> 2026-09-15 14:58:24
2026-09-15 10:08:23,719 - yfinance - DEBUG - ES=F: OHLC after cleaning: 2026-09-15 00:09:00-04:00 -> 2026-09-15 10:58:24-04:00
2026-09-15 10:08:23,724 - yfinance - DEBUG - ES=F: OHLC after combining events: 2026-09-15 00:09:00-04:00 -> 2026-09-15 10:58:24-04:00
2026-09-15 10:08:23,734 - yfinance - DEBUG - ES=F: yfinance returning OHLC: 2026-09-15 00:09:00-04:00 -> 2026-09-15 10:58:00-04:00
2026-09-15 10:08:23,735 - yfinance - DEBUG -   Exiting history()
2026-09-15 10:08:23,735 - yfinance - DEBUG -  Exiting history()
2026-09-15 10:08:23,737 - yfinance - DEBUG - Exiting download()
2026-09-15 10:08:23,738 - market_data - ERROR - Error getting price for ES=F: float() argument must be a string or a real number, not 'Series'
2026-09-15 10:08:23,738 - yfinance - DEBUG - Entering download()
2026-09-15 10:08:23,739 - yfinance - DEBUG - Disabling multithreading because DEBUG logging enabled
2026-09-15 10:08:23,739 - yfinance - DEBUG -  Entering history()
2026-09-15 10:08:23,739 - peewee - DEBUG - ('SELECT "t1"."key", "t1"."value" FROM "_tz_kv" AS "t1" WHERE ("t1"."key" = ?) LIMIT ? OFFSET ?', ['^GSPC', 1, 0])
2026-09-15 10:08:23,740 - yfinance - DEBUG -   Entering history()
2026-09-15 10:08:23,740 - yfinance - DEBUG - ^GSPC: Yahoo GET parameters: {'range': '1d', 'interval': '1m', 'includePrePost': False, 'events': 'div,splits,capitalGains'}
2026-09-15 10:08:23,740 - yfinance - DEBUG -    Entering get()
2026-09-15 10:08:23,740 - yfinance - DEBUG -     Entering _make_request()
2026-09-15 10:08:23,740 - yfinance - DEBUG - url=https://query2.finance.yahoo.com/v8/finance/chart/^GSPC
2026-09-15 10:08:23,740 - yfinance - DEBUG - params={'range': '1d', 'interval': '1m', 'includePrePost': False, 'events': 'div,splits,capitalGains'}
2026-09-15 10:08:23,742 - yfinance - DEBUG -      Entering _get_cookie_and_crumb()
2026-09-15 10:08:23,742 - yfinance - DEBUG - cookie_mode = 'basic'
2026-09-15 10:08:23,742 - yfinance - DEBUG -       Entering _get_cookie_and_crumb_basic()
2026-09-15 10:08:23,742 - yfinance - DEBUG -        Entering _get_cookie_basic()
2026-09-15 10:08:23,742 - yfinance - DEBUG - reusing cookie
2026-09-15 10:08:23,742 - yfinance - DEBUG -        Exiting _get_cookie_basic()
2026-09-15 10:08:23,742 - yfinance - DEBUG -        Entering _get_crumb_basic()
2026-09-15 10:08:23,742 - yfinance - DEBUG - reusing crumb
2026-09-15 10:08:23,743 - yfinance - DEBUG -        Exiting _get_crumb_basic()
2026-09-15 10:08:23,743 - yfinance - DEBUG -       Exiting _get_cookie_and_crumb_basic()
2026-09-15 10:08:23,743 - yfinance - DEBUG -      Exiting _get_cookie_and_crumb()
2026-09-15 10:08:23,921 - yfinance - DEBUG - response code=200
2026-09-15 10:08:23,922 - yfinance - DEBUG -     Exiting _make_request()
2026-09-15 10:08:23,924 - yfinance - DEBUG -    Exiting get()
2026-09-15 10:08:23,930 - yfinance - DEBUG - ^GSPC: yfinance received OHLC data: 2026-09-15 13:30:00 -> 2026-09-15 15:08:23
2026-09-15 10:08:23,952 - yfinance - DEBUG - ^GSPC: OHLC after cleaning: 2026-09-15 09:30:00-04:00 -> 2026-09-15 11:08:23-04:00
2026-09-15 10:08:23,958 - yfinance - DEBUG - ^GSPC: OHLC after combining events: 2026-09-15 09:30:00-04:00 -> 2026-09-15 11:08:23-04:00
2026-09-15 10:08:23,974 - yfinance - DEBUG - ^GSPC: yfinance returning OHLC: 2026-09-15 09:30:00-04:00 -> 2026-09-15 11:08:00-04:00
2026-09-15 10:08:23,975 - yfinance - DEBUG -   Exiting history()
2026-09-15 10:08:23,975 - yfinance - DEBUG -  Exiting history()
2026-09-15 10:08:23,978 - yfinance - DEBUG - Exiting download()
2026-09-15 10:08:23,979 - market_data - ERROR - Error getting price for ^GSPC: float() argument must be a string or a real number, not 'Series'
2026-09-15 10:08:23,979 - __main__ - WARNING - Failed to get price data
2026-09-15 10:08:24,197 - schedule - DEBUG - Running job Job(interval=15, unit=seconds, do=minute_check, args=(), kwargs={})
2026-09-15 10:08:24,201 - urllib3.connectionpool - DEBUG - Starting new HTTPS connection (1): paper-api.alpaca.markets:443
2026-09-15 10:08:24,340 - urllib3.connectionpool - DEBUG - https://paper-api.alpaca.markets:443 "GET /v2/account HTTP/1.1" 200 960
2026-09-15 10:08:24,344 - yfinance - DEBUG - Entering download()
2026-09-15 10:08:24,346 - yfinance - DEBUG - Disabling multithreading because DEBUG logging enabled
2026-09-15 10:08:24,346 - yfinance - DEBUG -  Entering history()
2026-09-15 10:08:24,347 - peewee - DEBUG - ('SELECT "t1"."key", "t1"."value" FROM "_tz_kv" AS "t1" WHERE ("t1"."key" = ?) LIMIT ? OFFSET ?', ['ES=F', 1, 0])
2026-09-15 10:08:24,348 - yfinance - DEBUG -   Entering history()
2026-09-15 10:08:24,349 - yfinance - DEBUG - ES=F: Yahoo GET parameters: {'range': '1d', 'interval': '1m', 'includePrePost': False, 'events': 'div,splits,capitalGains'}
2026-09-15 10:08:24,350 - yfinance - DEBUG -    Entering get()
2026-09-15 10:08:24,350 - yfinance - DEBUG -     Entering _make_request()
2026-09-15 10:08:24,351 - yfinance - DEBUG - url=https://query2.finance.yahoo.com/v8/finance/chart/ES=F
2026-09-15 10:08:24,352 - yfinance - DEBUG - params={'range': '1d', 'interval': '1m', 'includePrePost': False, 'events': 'div,splits,capitalGains'}
2026-09-15 10:08:24,353 - yfinance - DEBUG -      Entering _get_cookie_and_crumb()
2026-09-15 10:08:24,354 - yfinance - DEBUG - cookie_mode = 'basic'
2026-09-15 10:08:24,355 - yfinance - DEBUG -       Entering _get_cookie_and_crumb_basic()
2026-09-15 10:08:24,356 - yfinance - DEBUG -        Entering _get_cookie_basic()
2026-09-15 10:08:24,359 - yfinance - DEBUG - reusing cookie
2026-09-15 10:08:24,360 - yfinance - DEBUG -        Exiting _get_cookie_basic()
2026-09-15 10:08:24,361 - yfinance - DEBUG -        Entering _get_crumb_basic()
2026-09-15 10:08:24,361 - yfinance - DEBUG - reusing crumb
2026-09-15 10:08:24,362 - yfinance - DEBUG -        Exiting _get_crumb_basic()
2026-09-15 10:08:24,363 - yfinance - DEBUG -       Exiting _get_cookie_and_crumb_basic()
2026-09-15 10:08:24,364 - yfinance - DEBUG -      Exiting _get_cookie_and_crumb()
2026-09-15 10:08:24,490 - yfinance - DEBUG - response code=200
2026-09-15 10:08:24,491 - yfinance - DEBUG -     Exiting _make_request()
2026-09-15 10:08:24,495 - yfinance - DEBUG -    Exiting get()
2026-09-15 10:08:24,507 - yfinance - DEBUG - ES=F: yfinance received OHLC data: 2026-09-15 04:09:00 -> 2026-09-15 14:58:24
2026-09-15 10:08:24,531 - yfinance - DEBUG - ES=F: OHLC after cleaning: 2026-09-15 00:09:00-04:00 -> 2026-09-15 10:58:24-04:00
2026-09-15 10:08:24,537 - yfinance - DEBUG - ES=F: OHLC after combining events: 2026-09-15 00:09:00-04:00 -> 2026-09-15 10:58:24-04:00
2026-09-15 10:08:24,552 - yfinance - DEBUG - ES=F: yfinance returning OHLC: 2026-09-15 00:09:00-04:00 -> 2026-09-15 10:58:00-04:00
2026-09-15 10:08:24,553 - yfinance - DEBUG -   Exiting history()
2026-09-15 10:08:24,554 - yfinance - DEBUG -  Exiting history()
2026-09-15 10:08:24,559 - yfinance - DEBUG - Exiting download()
2026-09-15 10:08:24,560 - yfinance - DEBUG - Entering download()
2026-09-15 10:08:24,561 - yfinance - DEBUG - Disabling multithreading because DEBUG logging enabled
2026-09-15 10:08:24,562 - yfinance - DEBUG -  Entering history()
2026-09-15 10:08:24,563 - peewee - DEBUG - ('SELECT "t1"."key", "t1"."value" FROM "_tz_kv" AS "t1" WHERE ("t1"."key" = ?) LIMIT ? OFFSET ?', ['^GSPC', 1, 0])
2026-09-15 10:08:24,565 - yfinance - DEBUG -   Entering history()
2026-09-15 10:08:24,565 - yfinance - DEBUG - ^GSPC: Yahoo GET parameters: {'range': '1d', 'interval': '1m', 'includePrePost': False, 'events': 'div,splits,capitalGains'}
2026-09-15 10:08:24,566 - yfinance - DEBUG -    Entering get()
2026-09-15 10:08:24,567 - yfinance - DEBUG -     Entering _make_request()
2026-09-15 10:08:24,567 - yfinance - DEBUG - url=https://query2.finance.yahoo.com/v8/finance/chart/^GSPC
2026-09-15 10:08:24,568 - yfinance - DEBUG - params={'range': '1d', 'interval': '1m', 'includePrePost': False, 'events': 'div,splits,capitalGains'}
2026-09-15 10:08:24,569 - yfinance - DEBUG -      Entering _get_cookie_and_crumb()
2026-09-15 10:08:24,570 - yfinance - DEBUG - cookie_mode = 'basic'
2026-09-15 10:08:24,571 - yfinance - DEBUG -       Entering _get_cookie_and_crumb_basic()
2026-09-15 10:08:24,572 - yfinance - DEBUG -        Entering _get_cookie_basic()
2026-09-15 10:08:24,572 - yfinance - DEBUG - reusing cookie
2026-09-15 10:08:24,573 - yfinance - DEBUG -        Exiting _get_cookie_basic()
2026-09-15 10:08:24,574 - yfinance - DEBUG -        Entering _get_crumb_basic()
2026-09-15 10:08:24,575 - yfinance - DEBUG - reusing crumb
2026-09-15 10:08:24,576 - yfinance - DEBUG -        Exiting _get_crumb_basic()
2026-09-15 10:08:24,576 - yfinance - DEBUG -       Exiting _get_cookie_and_crumb_basic()
2026-09-15 10:08:24,577 - yfinance - DEBUG -      Exiting _get_cookie_and_crumb()
2026-09-15 10:08:24,765 - yfinance - DEBUG - response code=200
2026-09-15 10:08:24,767 - yfinance - DEBUG -     Exiting _make_request()
2026-09-15 10:08:24,779 - yfinance - DEBUG -    Exiting get()
2026-09-15 10:08:24,789 - yfinance - DEBUG - ^GSPC: yfinance received OHLC data: 2026-09-15 13:30:00 -> 2026-09-15 15:08:24
2026-09-15 10:08:24,820 - yfinance - DEBUG - ^GSPC: OHLC after cleaning: 2026-09-15 09:30:00-04:00 -> 2026-09-15 11:08:24-04:00
2026-09-15 10:08:24,825 - yfinance - DEBUG - ^GSPC: OHLC after combining events: 2026-09-15 09:30:00-04:00 -> 2026-09-15 11:08:24-04:00
2026-09-15 10:08:24,844 - yfinance - DEBUG - ^GSPC: yfinance returning OHLC: 2026-09-15 09:30:00-04:00 -> 2026-09-15 11:08:00-04:00
2026-09-15 10:08:24,845 - yfinance - DEBUG -   Exiting history()
2026-09-15 10:08:24,845 - yfinance - DEBUG -  Exiting history()
2026-09-15 10:08:24,849 - yfinance - DEBUG - Exiting download()
2026-09-15 10:08:30,026 - __main__ - INFO - 
 ASTRA SCHEDULER STOPPED
2026-09-15 10:08:30,027 - __main__ - INFO - TRADING DAY ENDING AT 12:30 PM
2026-09-15 10:08:30,035 - urllib3.connectionpool - DEBUG - Starting new HTTPS connection (1): paper-api.alpaca.markets:443
2026-09-15 10:08:30,160 - urllib3.connectionpool - DEBUG - https://paper-api.alpaca.markets:443 "DELETE /v2/orders HTTP/1.1" 207 2
2026-09-15 10:08:30,161 - api_handler - INFO - All orders canceled
2026-09-15 10:08:30,162 - urllib3.connectionpool - DEBUG - Starting new HTTPS connection (1): paper-api.alpaca.markets:443
2026-09-15 10:08:30,280 - urllib3.connectionpool - DEBUG - https://paper-api.alpaca.markets:443 "GET /v2/positions HTTP/1.1" 200 2
2026-09-15 10:08:30,282 - __main__ - INFO -    Final P&L: $0.00
2026-09-15 10:08:30,282 - __main__ - INFO -    Trades: 0
2026-09-15 10:08:30,283 - __main__ - INFO - ================================================================================
2026-09-15 10:08:32,967 - api_handler - INFO - Connected to Alpaca
2026-09-15 10:08:32,968 - api_handler - INFO -   Equity: $100000.00
2026-09-15 10:08:32,970 - api_handler - INFO -   Buying Power: $400000.00
2026-09-15 10:08:32,974 - __main__ - INFO - ================================================================================
2026-09-15 10:08:32,974 - __main__ - INFO - ASTRA SCHEDULER INITIALIZED
2026-09-15 10:08:32,976 - __main__ - INFO - Trading: Account 1 ($10000)
2026-09-15 10:08:32,977 - __main__ - INFO - Mode: REAL ALPACA PAPER ORDERS
2026-09-15 10:08:32,978 - __main__ - INFO - ================================================================================
2026-09-15 10:08:32,979 - __main__ - INFO - Schedule configured
2026-09-15 10:08:32,980 - __main__ - INFO -   • 8:00 AM: Start
2026-09-15 10:08:32,981 - __main__ - INFO -   • Every minute: Check signals & manage positions
2026-09-15 10:08:32,982 - __main__ - INFO -   • 12:30 PM: Close all positions
2026-09-15 10:08:32,983 - __main__ - INFO - 
 LATE START DETECTED - Current time: 11:08 
2026-09-15 10:08:32,984 - __main__ - INFO - Starting trading immediately..

2026-09-15 10:08:33,453 - strategy - INFO - Overnight: High 7652.0 / Low 7593.75
2026-09-15 10:08:33,453 - __main__ - INFO - TRADING DAY STARTED
2026-09-15 10:08:33,454 - __main__ - INFO -    Equity: $400,000.00
2026-09-15 10:08:33,455 - __main__ - INFO -    Tier: TIER_5
2026-09-15 10:08:33,456 - __main__ - INFO -    Max Risk: $20,000.00
2026-09-15 10:08:33,456 - __main__ - INFO -    Spread Width: 10 pt
2026-09-15 10:08:33,457 - __main__ - INFO - 
 ASTRA SCHEDULE RUNNING _ PRESS CTRL + C to stop

2026-09-15 10:08:38,985 - schedule - DEBUG - Running job Job(interval=15, unit=seconds, do=minute_check, args=(), kwargs={})
2026-09-15 10:08:38,990 - urllib3.connectionpool - DEBUG - Starting new HTTPS connection (1): paper-api.alpaca.markets:443
2026-09-15 10:08:39,191 - urllib3.connectionpool - DEBUG - https://paper-api.alpaca.markets:443 "GET /v2/account HTTP/1.1" 200 940
2026-09-15 10:08:39,195 - yfinance - DEBUG - Entering download()
2026-09-15 10:08:39,197 - yfinance - DEBUG - Disabling multithreading because DEBUG logging enabled
2026-09-15 10:08:39,197 - yfinance - DEBUG -  Entering history()
2026-09-15 10:08:39,198 - peewee - DEBUG - ('SELECT "t1"."key", "t1"."value" FROM "_tz_kv" AS "t1" WHERE ("t1"."key" = ?) LIMIT ? OFFSET ?', ['ES=F', 1, 0])
2026-09-15 10:08:39,199 - yfinance - DEBUG -   Entering history()
2026-09-15 10:08:39,200 - yfinance - DEBUG - ES=F: Yahoo GET parameters: {'range': '1d', 'interval': '1m', 'includePrePost': False, 'events': 'div,splits,capitalGains'}
2026-09-15 10:08:39,200 - yfinance - DEBUG -    Entering get()
2026-09-15 10:08:39,200 - yfinance - DEBUG -     Entering _make_request()
2026-09-15 10:08:39,201 - yfinance - DEBUG - url=https://query2.finance.yahoo.com/v8/finance/chart/ES=F
2026-09-15 10:08:39,201 - yfinance - DEBUG - params={'range': '1d', 'interval': '1m', 'includePrePost': False, 'events': 'div,splits,capitalGains'}
2026-09-15 10:08:39,202 - yfinance - DEBUG -      Entering _get_cookie_and_crumb()
2026-09-15 10:08:39,202 - yfinance - DEBUG - cookie_mode = 'basic'
2026-09-15 10:08:39,202 - yfinance - DEBUG -       Entering _get_cookie_and_crumb_basic()
2026-09-15 10:08:39,203 - yfinance - DEBUG -        Entering _get_cookie_basic()
2026-09-15 10:08:39,203 - yfinance - DEBUG - reusing cookie
2026-09-15 10:08:39,204 - yfinance - DEBUG -        Exiting _get_cookie_basic()
2026-09-15 10:08:39,204 - yfinance - DEBUG -        Entering _get_crumb_basic()
2026-09-15 10:08:39,207 - yfinance - DEBUG - reusing crumb
2026-09-15 10:08:39,207 - yfinance - DEBUG -        Exiting _get_crumb_basic()
2026-09-15 10:08:39,208 - yfinance - DEBUG -       Exiting _get_cookie_and_crumb_basic()
2026-09-15 10:08:39,208 - yfinance - DEBUG -      Exiting _get_cookie_and_crumb()
2026-09-15 10:08:39,373 - yfinance - DEBUG - response code=200
2026-09-15 10:08:39,374 - yfinance - DEBUG -     Exiting _make_request()
2026-09-15 10:08:39,375 - yfinance - DEBUG -    Exiting get()
2026-09-15 10:08:39,381 - yfinance - DEBUG - ES=F: yfinance received OHLC data: 2026-09-15 04:09:00 -> 2026-09-15 14:58:38
2026-09-15 10:08:39,402 - yfinance - DEBUG - ES=F: OHLC after cleaning: 2026-09-15 00:09:00-04:00 -> 2026-09-15 10:58:38-04:00
2026-09-15 10:08:39,409 - yfinance - DEBUG - ES=F: OHLC after combining events: 2026-09-15 00:09:00-04:00 -> 2026-09-15 10:58:38-04:00
2026-09-15 10:08:39,426 - yfinance - DEBUG - ES=F: yfinance returning OHLC: 2026-09-15 00:09:00-04:00 -> 2026-09-15 10:58:00-04:00
2026-09-15 10:08:39,427 - yfinance - DEBUG -   Exiting history()
2026-09-15 10:08:39,427 - yfinance - DEBUG -  Exiting history()
2026-09-15 10:08:39,430 - yfinance - DEBUG - Exiting download()
2026-09-15 10:08:39,431 - market_data - ERROR - Error getting price for ES=F: float() argument must be a string or a real number, not 'Series'
2026-09-15 10:08:39,432 - yfinance - DEBUG - Entering download()
2026-09-15 10:08:39,433 - yfinance - DEBUG - Disabling multithreading because DEBUG logging enabled
2026-09-15 10:08:39,434 - yfinance - DEBUG -  Entering history()
2026-09-15 10:08:39,434 - peewee - DEBUG - ('SELECT "t1"."key", "t1"."value" FROM "_tz_kv" AS "t1" WHERE ("t1"."key" = ?) LIMIT ? OFFSET ?', ['^GSPC', 1, 0])
2026-09-15 10:08:39,435 - yfinance - DEBUG -   Entering history()
2026-09-15 10:08:39,435 - yfinance - DEBUG - ^GSPC: Yahoo GET parameters: {'range': '1d', 'interval': '1m', 'includePrePost': False, 'events': 'div,splits,capitalGains'}
2026-09-15 10:08:39,436 - yfinance - DEBUG -    Entering get()
2026-09-15 10:08:39,436 - yfinance - DEBUG -     Entering _make_request()
2026-09-15 10:08:39,436 - yfinance - DEBUG - url=https://query2.finance.yahoo.com/v8/finance/chart/^GSPC
2026-09-15 10:08:39,437 - yfinance - DEBUG - params={'range': '1d', 'interval': '1m', 'includePrePost': False, 'events': 'div,splits,capitalGains'}
2026-09-15 10:08:39,437 - yfinance - DEBUG -      Entering _get_cookie_and_crumb()
2026-09-15 10:08:39,437 - yfinance - DEBUG - cookie_mode = 'basic'
2026-09-15 10:08:39,438 - yfinance - DEBUG -       Entering _get_cookie_and_crumb_basic()
2026-09-15 10:08:39,438 - yfinance - DEBUG -        Entering _get_cookie_basic()
2026-09-15 10:08:39,438 - yfinance - DEBUG - reusing cookie
2026-09-15 10:08:39,438 - yfinance - DEBUG -        Exiting _get_cookie_basic()
2026-09-15 10:08:39,439 - yfinance - DEBUG -        Entering _get_crumb_basic()
2026-09-15 10:08:39,439 - yfinance - DEBUG - reusing crumb
2026-09-15 10:08:39,439 - yfinance - DEBUG -        Exiting _get_crumb_basic()
2026-09-15 10:08:39,439 - yfinance - DEBUG -       Exiting _get_cookie_and_crumb_basic()
2026-09-15 10:08:39,440 - yfinance - DEBUG -      Exiting _get_cookie_and_crumb()
2026-09-15 10:08:39,579 - yfinance - DEBUG - response code=200
2026-09-15 10:08:39,580 - yfinance - DEBUG -     Exiting _make_request()
2026-09-15 10:08:39,581 - yfinance - DEBUG -    Exiting get()
2026-09-15 10:08:39,585 - yfinance - DEBUG - ^GSPC: yfinance received OHLC data: 2026-09-15 13:30:00 -> 2026-09-15 15:08:39
2026-09-15 10:08:39,604 - yfinance - DEBUG - ^GSPC: OHLC after cleaning: 2026-09-15 09:30:00-04:00 -> 2026-09-15 11:08:39-04:00
2026-09-15 10:08:39,606 - yfinance - DEBUG - ^GSPC: OHLC after combining events: 2026-09-15 09:30:00-04:00 -> 2026-09-15 11:08:39-04:00
2026-09-15 10:08:39,616 - yfinance - DEBUG - ^GSPC: yfinance returning OHLC: 2026-09-15 09:30:00-04:00 -> 2026-09-15 11:08:00-04:00
2026-09-15 10:08:39,616 - yfinance - DEBUG -   Exiting history()
2026-09-15 10:08:39,616 - yfinance - DEBUG -  Exiting history()
2026-09-15 10:08:39,619 - yfinance - DEBUG - Exiting download()
2026-09-15 10:08:39,621 - market_data - ERROR - Error getting price for ^GSPC: float() argument must be a string or a real number, not 'Series'
2026-09-15 10:08:39,621 - __main__ - WARNING - Failed to get price data
2026-09-15 10:08:50,667 - __main__ - INFO - 
 CLAUDE SCHEDULER STOPPED
2026-09-15 10:08:50,668 - __main__ - INFO - TRADING DAY ENDING AT 12:30 PM
2026-09-15 10:08:50,671 - urllib3.connectionpool - DEBUG - Starting new HTTPS connection (1): paper-api.alpaca.markets:443
2026-09-15 10:08:50,787 - urllib3.connectionpool - DEBUG - https://paper-api.alpaca.markets:443 "DELETE /v2/orders HTTP/1.1" 207 2
2026-09-15 10:08:50,789 - api_handler - INFO - All orders canceled
2026-09-15 10:08:50,790 - urllib3.connectionpool - DEBUG - Starting new HTTPS connection (1): paper-api.alpaca.markets:443
2026-09-15 10:08:50,899 - urllib3.connectionpool - DEBUG - https://paper-api.alpaca.markets:443 "GET /v2/positions HTTP/1.1" 200 2
2026-09-15 10:08:50,901 - __main__ - INFO -    Final P&L: $0.00
2026-09-15 10:08:50,902 - __main__ - INFO -    Trades: 0
2026-09-15 10:08:50,902 - __main__ - INFO - ================================================================================
2026-09-15 10:08:53,178 - api_handler - INFO - Connected to Alpaca
2026-09-15 10:08:53,178 - api_handler - INFO -   Equity: $5000.00
2026-09-15 10:08:53,178 - api_handler - INFO -   Buying Power: $20000.00
2026-09-15 10:08:53,179 - __main__ - INFO - ================================================================================
2026-09-15 10:08:53,180 - __main__ - INFO - ASTRA SCHEDULER INITIALIZED
2026-09-15 10:08:53,180 - __main__ - INFO - Trading: Account 2 ($10000)
2026-09-15 10:08:53,180 - __main__ - INFO - Mode: REAL ALPACA PAPER ORDERS
2026-09-15 10:08:53,180 - __main__ - INFO - ================================================================================
2026-09-15 10:08:53,180 - __main__ - INFO - Schedule configured
2026-09-15 10:08:53,180 - __main__ - INFO -   • 8:00 AM: Start
2026-09-15 10:08:53,180 - __main__ - INFO -   • Every minute: Check signals & manage positions
2026-09-15 10:08:53,180 - __main__ - INFO -   • 12:30 PM: Close all positions
2026-09-15 10:08:53,181 - __main__ - INFO - 
 LATE START DETECTED - Current time: 11:08 
2026-09-15 10:08:53,181 - __main__ - INFO - Starting trading immediately..

2026-09-15 10:08:53,676 - strategy - INFO - Overnight: High 7652.0 / Low 7593.75
2026-09-15 10:08:53,676 - __main__ - INFO - TRADING DAY STARTED
2026-09-15 10:08:53,677 - __main__ - INFO -    Equity: $20,000.00
2026-09-15 10:08:53,677 - __main__ - INFO -    Tier: TIER_3
2026-09-15 10:08:53,677 - __main__ - INFO -    Max Risk: $1,000.00
2026-09-15 10:08:53,677 - __main__ - INFO -    Spread Width: 10 pt
2026-09-15 10:08:53,677 - __main__ - INFO - 
 CLAUDE SCHEDULE RUNNING _ PRESS CTRL + C to stop

2026-09-15 10:12:26,490 - strategy - INFO - Opening Range (9:30-9:45): High 7682.75 / Low 7677.5
2026-09-15 10:12:26,490 - __main__ - INFO - Opening range established
2026-09-15 10:12:42,717 - __main__ - INFO - ================================================================================
2026-09-15 10:12:42,718 - __main__ - INFO - SUBMITTING REAL ALPACA ORDER
2026-09-15 10:12:42,718 - __main__ - INFO -   Setup: 15_MIN_ORB_LOW
2026-09-15 10:12:42,718 - __main__ - INFO -   Direction: BEARISH
2026-09-15 10:12:42,719 - __main__ - INFO -   Spread: CALL_CREDIT_SPREAD
2026-09-15 10:12:42,719 - __main__ - INFO -   Strikes: 7570 / 7580
2026-09-15 10:12:42,720 - __main__ - INFO -   Credit: $2.00
2026-09-15 10:12:42,720 - __main__ - INFO -   Contracts: 10
2026-09-15 10:12:42,721 - __main__ - INFO - ================================================================================
2026-09-15 10:12:42,845 - api_handler - ERROR - Order failed: 422
2026-09-15 10:12:46,302 - strategy - INFO - Opening Range (9:30-9:45): High 7682.75 / Low 7677.5
2026-09-15 10:12:46,303 - __main__ - INFO - Opening range established
2026-09-15 10:12:58,502 - __main__ - INFO - ================================================================================
2026-09-15 10:12:58,503 - __main__ - INFO - SUBMITTING REAL ALPACA ORDER
2026-09-15 10:12:58,503 - __main__ - INFO -   Setup: 15_MIN_ORB_LOW
2026-09-15 10:12:58,503 - __main__ - INFO -   Direction: BEARISH
2026-09-15 10:12:58,504 - __main__ - INFO -   Spread: CALL_CREDIT_SPREAD
2026-09-15 10:12:58,504 - __main__ - INFO -   Strikes: 7570 / 7580
2026-09-15 10:12:58,505 - __main__ - INFO -   Credit: $2.00
2026-09-15 10:12:58,505 - __main__ - INFO -   Contracts: 10
2026-09-15 10:12:58,505 - __main__ - INFO - ================================================================================
2026-09-15 10:12:58,634 - api_handler - ERROR - Order failed: 422
2026-09-15 10:13:02,438 - __main__ - INFO - ================================================================================
2026-09-15 10:13:02,438 - __main__ - INFO - SUBMITTING REAL ALPACA ORDER
2026-09-15 10:13:02,438 - __main__ - INFO -   Setup: 15_MIN_ORB_LOW
2026-09-15 10:13:02,438 - __main__ - INFO -   Direction: BEARISH
2026-09-15 10:13:02,438 - __main__ - INFO -   Spread: CALL_CREDIT_SPREAD
2026-09-15 10:13:02,438 - __main__ - INFO -   Strikes: 7570 / 7580
2026-09-15 10:13:02,438 - __main__ - INFO -   Credit: $2.00
2026-09-15 10:13:02,438 - __main__ - INFO -   Contracts: 5
2026-09-15 10:13:02,439 - __main__ - INFO - ================================================================================
2026-09-15 10:13:02,595 - api_handler - ERROR - Order failed: 422
2026-09-15 10:13:14,298 - __main__ - INFO - ================================================================================
2026-09-15 10:13:14,299 - __main__ - INFO - SUBMITTING REAL ALPACA ORDER
2026-09-15 10:13:14,299 - __main__ - INFO -   Setup: 15_MIN_ORB_LOW
2026-09-15 10:13:14,300 - __main__ - INFO -   Direction: BEARISH
2026-09-15 10:13:14,300 - __main__ - INFO -   Spread: CALL_CREDIT_SPREAD
2026-09-15 10:13:14,301 - __main__ - INFO -   Strikes: 7570 / 7580
2026-09-15 10:13:14,302 - __main__ - INFO -   Credit: $2.00
2026-09-15 10:13:14,302 - __main__ - INFO -   Contracts: 10
2026-09-15 10:13:14,303 - __main__ - INFO - ================================================================================
2026-09-15 10:13:14,421 - api_handler - ERROR - Order failed: 422
2026-09-15 10:13:18,153 - __main__ - INFO - ================================================================================
2026-09-15 10:13:18,154 - __main__ - INFO - SUBMITTING REAL ALPACA ORDER
2026-09-15 10:13:18,154 - __main__ - INFO -   Setup: 15_MIN_ORB_LOW
2026-09-15 10:13:18,154 - __main__ - INFO -   Direction: BEARISH
2026-09-15 10:13:18,154 - __main__ - INFO -   Spread: CALL_CREDIT_SPREAD
2026-09-15 10:13:18,154 - __main__ - INFO -   Strikes: 7570 / 7580
2026-09-15 10:13:18,154 - __main__ - INFO -   Credit: $2.00
2026-09-15 10:13:18,154 - __main__ - INFO -   Contracts: 5
2026-09-15 10:13:18,154 - __main__ - INFO - ================================================================================
2026-09-15 10:13:18,275 - api_handler - ERROR - Order failed: 422
2026-09-15 10:13:29,937 - __main__ - INFO - ================================================================================
2026-09-15 10:13:29,937 - __main__ - INFO - SUBMITTING REAL ALPACA ORDER
2026-09-15 10:13:29,938 - __main__ - INFO -   Setup: 15_MIN_ORB_LOW
2026-09-15 10:13:29,938 - __main__ - INFO -   Direction: BEARISH
2026-09-15 10:13:29,939 - __main__ - INFO -   Spread: CALL_CREDIT_SPREAD
2026-09-15 10:13:29,939 - __main__ - INFO -   Strikes: 7570 / 7580
2026-09-15 10:13:29,940 - __main__ - INFO -   Credit: $2.00
2026-09-15 10:13:29,940 - __main__ - INFO -   Contracts: 10
2026-09-15 10:13:29,940 - __main__ - INFO - ================================================================================
2026-09-15 10:13:30,072 - api_handler - ERROR - Order failed: 422
2026-09-15 10:13:33,724 - __main__ - INFO - ================================================================================
2026-09-15 10:13:33,724 - __main__ - INFO - SUBMITTING REAL ALPACA ORDER
2026-09-15 10:13:33,724 - __main__ - INFO -   Setup: 15_MIN_ORB_LOW
2026-09-15 10:13:33,725 - __main__ - INFO -   Direction: BEARISH
2026-09-15 10:13:33,725 - __main__ - INFO -   Spread: CALL_CREDIT_SPREAD
2026-09-15 10:13:33,725 - __main__ - INFO -   Strikes: 7570 / 7580
2026-09-15 10:13:33,725 - __main__ - INFO -   Credit: $2.00
2026-09-15 10:13:33,725 - __main__ - INFO -   Contracts: 5
2026-09-15 10:13:33,725 - __main__ - INFO - ================================================================================
2026-09-15 10:13:33,844 - api_handler - ERROR - Order failed: 422
2026-09-15 10:13:45,886 - __main__ - INFO - ================================================================================
2026-09-15 10:13:45,886 - __main__ - INFO - SUBMITTING REAL ALPACA ORDER
2026-09-15 10:13:45,887 - __main__ - INFO -   Setup: 15_MIN_ORB_LOW
2026-09-15 10:13:45,887 - __main__ - INFO -   Direction: BEARISH
2026-09-15 10:13:45,887 - __main__ - INFO -   Spread: CALL_CREDIT_SPREAD
2026-09-15 10:13:45,888 - __main__ - INFO -   Strikes: 7570 / 7580
2026-09-15 10:13:45,888 - __main__ - INFO -   Credit: $2.00
2026-09-15 10:13:45,889 - __main__ - INFO -   Contracts: 10
2026-09-15 10:13:45,889 - __main__ - INFO - ================================================================================
2026-09-15 10:13:46,024 - api_handler - ERROR - Order failed: 422
2026-09-15 10:13:49,419 - __main__ - INFO - ================================================================================
2026-09-15 10:13:49,419 - __main__ - INFO - SUBMITTING REAL ALPACA ORDER
2026-09-15 10:13:49,420 - __main__ - INFO -   Setup: 15_MIN_ORB_LOW
2026-09-15 10:13:49,420 - __main__ - INFO -   Direction: BEARISH
2026-09-15 10:13:49,420 - __main__ - INFO -   Spread: CALL_CREDIT_SPREAD
2026-09-15 10:13:49,420 - __main__ - INFO -   Strikes: 7570 / 7580
2026-09-15 10:13:49,420 - __main__ - INFO -   Credit: $2.00
2026-09-15 10:13:49,420 - __main__ - INFO -   Contracts: 5
2026-09-15 10:13:49,421 - __main__ - INFO - ================================================================================
2026-09-15 10:13:49,573 - api_handler - ERROR - Order failed: 422
2026-09-15 10:14:01,595 - __main__ - INFO - ================================================================================
2026-09-15 10:14:01,596 - __main__ - INFO - SUBMITTING REAL ALPACA ORDER
2026-09-15 10:14:01,597 - __main__ - INFO -   Setup: 15_MIN_ORB_LOW
2026-09-15 10:14:01,597 - __main__ - INFO -   Direction: BEARISH
2026-09-15 10:14:01,597 - __main__ - INFO -   Spread: CALL_CREDIT_SPREAD
2026-09-15 10:14:01,598 - __main__ - INFO -   Strikes: 7570 / 7580
2026-09-15 10:14:01,598 - __main__ - INFO -   Credit: $2.00
2026-09-15 10:14:01,599 - __main__ - INFO -   Contracts: 10
2026-09-15 10:14:01,599 - __main__ - INFO - ================================================================================
2026-09-15 10:14:01,714 - api_handler - ERROR - Order failed: 422
2026-09-15 10:14:05,083 - __main__ - INFO - ================================================================================
2026-09-15 10:14:05,083 - __main__ - INFO - SUBMITTING REAL ALPACA ORDER
2026-09-15 10:14:05,083 - __main__ - INFO -   Setup: 15_MIN_ORB_LOW
2026-09-15 10:14:05,083 - __main__ - INFO -   Direction: BEARISH
2026-09-15 10:14:05,083 - __main__ - INFO -   Spread: CALL_CREDIT_SPREAD
2026-09-15 10:14:05,084 - __main__ - INFO -   Strikes: 7570 / 7580
2026-09-15 10:14:05,084 - __main__ - INFO -   Credit: $2.00
2026-09-15 10:14:05,084 - __main__ - INFO -   Contracts: 5
2026-09-15 10:14:05,084 - __main__ - INFO - ================================================================================
2026-09-15 10:14:05,191 - api_handler - ERROR - Order failed: 422
2026-09-15 10:14:17,220 - __main__ - INFO - ================================================================================
2026-09-15 10:14:17,221 - __main__ - INFO - SUBMITTING REAL ALPACA ORDER
2026-09-15 10:14:17,221 - __main__ - INFO -   Setup: 15_MIN_ORB_LOW
2026-09-15 10:14:17,221 - __main__ - INFO -   Direction: BEARISH
2026-09-15 10:14:17,222 - __main__ - INFO -   Spread: CALL_CREDIT_SPREAD
2026-09-15 10:14:17,222 - __main__ - INFO -   Strikes: 7570 / 7580
2026-09-15 10:14:17,223 - __main__ - INFO -   Credit: $2.00
2026-09-15 10:14:17,223 - __main__ - INFO -   Contracts: 10
2026-09-15 10:14:17,224 - __main__ - INFO - ================================================================================
2026-09-15 10:14:17,354 - api_handler - ERROR - Order failed: 422
2026-09-15 10:14:20,748 - __main__ - INFO - ================================================================================
2026-09-15 10:14:20,748 - __main__ - INFO - SUBMITTING REAL ALPACA ORDER
2026-09-15 10:14:20,748 - __main__ - INFO -   Setup: 15_MIN_ORB_LOW
2026-09-15 10:14:20,748 - __main__ - INFO -   Direction: BEARISH
2026-09-15 10:14:20,748 - __main__ - INFO -   Spread: CALL_CREDIT_SPREAD
2026-09-15 10:14:20,748 - __main__ - INFO -   Strikes: 7570 / 7580
2026-09-15 10:14:20,749 - __main__ - INFO -   Credit: $2.00
2026-09-15 10:14:20,749 - __main__ - INFO -   Contracts: 5
2026-09-15 10:14:20,749 - __main__ - INFO - ================================================================================
2026-09-15 10:14:20,853 - api_handler - ERROR - Order failed: 422
2026-09-15 10:14:32,983 - __main__ - INFO - ================================================================================
2026-09-15 10:14:32,983 - __main__ - INFO - SUBMITTING REAL ALPACA ORDER
2026-09-15 10:14:32,984 - __main__ - INFO -   Setup: 15_MIN_ORB_LOW
2026-09-15 10:14:32,984 - __main__ - INFO -   Direction: BEARISH
2026-09-15 10:14:32,984 - __main__ - INFO -   Spread: CALL_CREDIT_SPREAD
2026-09-15 10:14:32,985 - __main__ - INFO -   Strikes: 7570 / 7580
2026-09-15 10:14:32,985 - __main__ - INFO -   Credit: $2.00
2026-09-15 10:14:32,985 - __main__ - INFO -   Contracts: 10
2026-09-15 10:14:32,986 - __main__ - INFO - ================================================================================
2026-09-15 10:14:33,100 - api_handler - ERROR - Order failed: 422
2026-09-15 10:14:36,307 - __main__ - INFO - ================================================================================
2026-09-15 10:14:36,308 - __main__ - INFO - SUBMITTING REAL ALPACA ORDER
2026-09-15 10:14:36,308 - __main__ - INFO -   Setup: 15_MIN_ORB_LOW
2026-09-15 10:14:36,308 - __main__ - INFO -   Direction: BEARISH
2026-09-15 10:14:36,308 - __main__ - INFO -   Spread: CALL_CREDIT_SPREAD
2026-09-15 10:14:36,308 - __main__ - INFO -   Strikes: 7570 / 7580
2026-09-15 10:14:36,308 - __main__ - INFO -   Credit: $2.00
2026-09-15 10:14:36,308 - __main__ - INFO -   Contracts: 5
2026-09-15 10:14:36,309 - __main__ - INFO - ================================================================================
2026-09-15 10:14:36,460 - api_handler - ERROR - Order failed: 422
2026-09-15 10:14:48,803 - __main__ - INFO - ================================================================================
2026-09-15 10:14:48,803 - __main__ - INFO - SUBMITTING REAL ALPACA ORDER
2026-09-15 10:14:48,804 - __main__ - INFO -   Setup: 15_MIN_ORB_LOW
2026-09-15 10:14:48,804 - __main__ - INFO -   Direction: BEARISH
2026-09-15 10:14:48,805 - __main__ - INFO -   Spread: CALL_CREDIT_SPREAD
2026-09-15 10:14:48,805 - __main__ - INFO -   Strikes: 7570 / 7580
2026-09-15 10:14:48,805 - __main__ - INFO -   Credit: $2.00
2026-09-15 10:14:48,806 - __main__ - INFO -   Contracts: 10
2026-09-15 10:14:48,806 - __main__ - INFO - ================================================================================
2026-09-15 10:14:48,940 - api_handler - ERROR - Order failed: 422
2026-09-15 10:14:52,034 - __main__ - INFO - ================================================================================
2026-09-15 10:14:52,034 - __main__ - INFO - SUBMITTING REAL ALPACA ORDER
2026-09-15 10:14:52,034 - __main__ - INFO -   Setup: 15_MIN_ORB_LOW
2026-09-15 10:14:52,034 - __main__ - INFO -   Direction: BEARISH
2026-09-15 10:14:52,034 - __main__ - INFO -   Spread: CALL_CREDIT_SPREAD
2026-09-15 10:14:52,034 - __main__ - INFO -   Strikes: 7570 / 7580
2026-09-15 10:14:52,035 - __main__ - INFO -   Credit: $2.00
2026-09-15 10:14:52,035 - __main__ - INFO -   Contracts: 5
2026-09-15 10:14:52,035 - __main__ - INFO - ================================================================================
2026-09-15 10:14:52,197 - api_handler - ERROR - Order failed: 422
2026-09-15 10:15:04,506 - __main__ - INFO - ================================================================================
2026-09-15 10:15:04,506 - __main__ - INFO - SUBMITTING REAL ALPACA ORDER
2026-09-15 10:15:04,506 - __main__ - INFO -   Setup: 15_MIN_ORB_LOW
2026-09-15 10:15:04,507 - __main__ - INFO -   Direction: BEARISH
2026-09-15 10:15:04,507 - __main__ - INFO -   Spread: CALL_CREDIT_SPREAD
2026-09-15 10:15:04,508 - __main__ - INFO -   Strikes: 7570 / 7580
2026-09-15 10:15:04,508 - __main__ - INFO -   Credit: $2.00
2026-09-15 10:15:04,509 - __main__ - INFO -   Contracts: 10
2026-09-15 10:15:04,509 - __main__ - INFO - ================================================================================
2026-09-15 10:15:04,647 - api_handler - ERROR - Order failed: 422
2026-09-15 10:15:07,726 - __main__ - INFO - ================================================================================
2026-09-15 10:15:07,726 - __main__ - INFO - SUBMITTING REAL ALPACA ORDER
2026-09-15 10:15:07,726 - __main__ - INFO -   Setup: 15_MIN_ORB_LOW
2026-09-15 10:15:07,727 - __main__ - INFO -   Direction: BEARISH
2026-09-15 10:15:07,727 - __main__ - INFO -   Spread: CALL_CREDIT_SPREAD
2026-09-15 10:15:07,727 - __main__ - INFO -   Strikes: 7570 / 7580
2026-09-15 10:15:07,727 - __main__ - INFO -   Credit: $2.00
2026-09-15 10:15:07,727 - __main__ - INFO -   Contracts: 5
2026-09-15 10:15:07,727 - __main__ - INFO - ================================================================================
2026-09-15 10:15:07,852 - api_handler - ERROR - Order failed: 422
2026-09-15 10:15:20,215 - __main__ - INFO - ================================================================================
2026-09-15 10:15:20,215 - __main__ - INFO - SUBMITTING REAL ALPACA ORDER
2026-09-15 10:15:20,216 - __main__ - INFO -   Setup: 15_MIN_ORB_LOW
2026-09-15 10:15:20,216 - __main__ - INFO -   Direction: BEARISH
2026-09-15 10:15:20,217 - __main__ - INFO -   Spread: CALL_CREDIT_SPREAD
2026-09-15 10:15:20,217 - __main__ - INFO -   Strikes: 7570 / 7580
2026-09-15 10:15:20,217 - __main__ - INFO -   Credit: $2.00
2026-09-15 10:15:20,218 - __main__ - INFO -   Contracts: 10
2026-09-15 10:15:20,218 - __main__ - INFO - ================================================================================
2026-09-15 10:15:20,342 - api_handler - ERROR - Order failed: 422
2026-09-15 10:15:23,383 - __main__ - INFO - ================================================================================
2026-09-15 10:15:23,383 - __main__ - INFO - SUBMITTING REAL ALPACA ORDER
2026-09-15 10:15:23,383 - __main__ - INFO -   Setup: 15_MIN_ORB_LOW
2026-09-15 10:15:23,383 - __main__ - INFO -   Direction: BEARISH
2026-09-15 10:15:23,383 - __main__ - INFO -   Spread: CALL_CREDIT_SPREAD
2026-09-15 10:15:23,384 - __main__ - INFO -   Strikes: 7570 / 7580
2026-09-15 10:15:23,384 - __main__ - INFO -   Credit: $2.00
2026-09-15 10:15:23,384 - __main__ - INFO -   Contracts: 5
2026-09-15 10:15:23,384 - __main__ - INFO - ================================================================================
2026-09-15 10:15:23,497 - api_handler - ERROR - Order failed: 422
2026-09-15 10:15:35,904 - __main__ - INFO - ================================================================================
2026-09-15 10:15:35,905 - __main__ - INFO - SUBMITTING REAL ALPACA ORDER
2026-09-15 10:15:35,905 - __main__ - INFO -   Setup: 15_MIN_ORB_LOW
2026-09-15 10:15:35,906 - __main__ - INFO -   Direction: BEARISH
2026-09-15 10:15:35,907 - __main__ - INFO -   Spread: CALL_CREDIT_SPREAD
2026-09-15 10:15:35,907 - __main__ - INFO -   Strikes: 7570 / 7580
2026-09-15 10:15:35,908 - __main__ - INFO -   Credit: $2.00
2026-09-15 10:15:35,908 - __main__ - INFO -   Contracts: 10
2026-09-15 10:15:35,909 - __main__ - INFO - ================================================================================
2026-09-15 10:15:36,052 - api_handler - ERROR - Order failed: 422
2026-09-15 10:15:39,010 - __main__ - INFO - ================================================================================
2026-09-15 10:15:39,010 - __main__ - INFO - SUBMITTING REAL ALPACA ORDER
2026-09-15 10:15:39,010 - __main__ - INFO -   Setup: 15_MIN_ORB_LOW
2026-09-15 10:15:39,010 - __main__ - INFO -   Direction: BEARISH
2026-09-15 10:15:39,010 - __main__ - INFO -   Spread: CALL_CREDIT_SPREAD
2026-09-15 10:15:39,011 - __main__ - INFO -   Strikes: 7570 / 7580
2026-09-15 10:15:39,011 - __main__ - INFO -   Credit: $2.00
2026-09-15 10:15:39,011 - __main__ - INFO -   Contracts: 5
2026-09-15 10:15:39,011 - __main__ - INFO - ================================================================================
2026-09-15 10:15:39,153 - api_handler - ERROR - Order failed: 422
2026-09-15 10:15:51,573 - __main__ - INFO - ================================================================================
2026-09-15 10:15:51,574 - __main__ - INFO - SUBMITTING REAL ALPACA ORDER
2026-09-15 10:15:51,574 - __main__ - INFO -   Setup: 15_MIN_ORB_LOW
2026-09-15 10:15:51,574 - __main__ - INFO -   Direction: BEARISH
2026-09-15 10:15:51,575 - __main__ - INFO -   Spread: CALL_CREDIT_SPREAD
2026-09-15 10:15:51,575 - __main__ - INFO -   Strikes: 7570 / 7580
2026-09-15 10:15:51,575 - __main__ - INFO -   Credit: $2.00
2026-09-15 10:15:51,576 - __main__ - INFO -   Contracts: 10
2026-09-15 10:15:51,576 - __main__ - INFO - ================================================================================
2026-09-15 10:15:51,703 - api_handler - ERROR - Order failed: 422
2026-09-15 10:15:54,628 - __main__ - INFO - ================================================================================
2026-09-15 10:15:54,628 - __main__ - INFO - SUBMITTING REAL ALPACA ORDER
2026-09-15 10:15:54,628 - __main__ - INFO -   Setup: 15_MIN_ORB_LOW
2026-09-15 10:15:54,628 - __main__ - INFO -   Direction: BEARISH
2026-09-15 10:15:54,629 - __main__ - INFO -   Spread: CALL_CREDIT_SPREAD
2026-09-15 10:15:54,629 - __main__ - INFO -   Strikes: 7570 / 7580
2026-09-15 10:15:54,629 - __main__ - INFO -   Credit: $2.00
2026-09-15 10:15:54,629 - __main__ - INFO -   Contracts: 5
2026-09-15 10:15:54,629 - __main__ - INFO - ================================================================================
2026-09-15 10:15:54,738 - api_handler - ERROR - Order failed: 422
2026-09-15 10:16:07,177 - __main__ - INFO - ================================================================================
2026-09-15 10:16:07,177 - __main__ - INFO - SUBMITTING REAL ALPACA ORDER
2026-09-15 10:16:07,178 - __main__ - INFO -   Setup: 15_MIN_ORB_LOW
2026-09-15 10:16:07,178 - __main__ - INFO -   Direction: BEARISH
2026-09-15 10:16:07,178 - __main__ - INFO -   Spread: CALL_CREDIT_SPREAD
2026-09-15 10:16:07,179 - __main__ - INFO -   Strikes: 7570 / 7580
2026-09-15 10:16:07,179 - __main__ - INFO -   Credit: $2.00
2026-09-15 10:16:07,179 - __main__ - INFO -   Contracts: 10
2026-09-15 10:16:07,180 - __main__ - INFO - ================================================================================
2026-09-15 10:16:07,291 - api_handler - ERROR - Order failed: 422
2026-09-15 10:16:10,387 - __main__ - INFO - ================================================================================
2026-09-15 10:16:10,388 - __main__ - INFO - SUBMITTING REAL ALPACA ORDER
2026-09-15 10:16:10,388 - __main__ - INFO -   Setup: 15_MIN_ORB_LOW
2026-09-15 10:16:10,388 - __main__ - INFO -   Direction: BEARISH
2026-09-15 10:16:10,388 - __main__ - INFO -   Spread: CALL_CREDIT_SPREAD
2026-09-15 10:16:10,388 - __main__ - INFO -   Strikes: 7570 / 7580
2026-09-15 10:16:10,388 - __main__ - INFO -   Credit: $2.00
2026-09-15 10:16:10,388 - __main__ - INFO -   Contracts: 5
2026-09-15 10:16:10,388 - __main__ - INFO - ================================================================================
2026-09-15 10:16:10,508 - api_handler - ERROR - Order failed: 422
2026-09-15 10:16:22,858 - __main__ - INFO - ================================================================================
2026-09-15 10:16:22,858 - __main__ - INFO - SUBMITTING REAL ALPACA ORDER
2026-09-15 10:16:22,859 - __main__ - INFO -   Setup: 15_MIN_ORB_LOW
2026-09-15 10:16:22,859 - __main__ - INFO -   Direction: BEARISH
2026-09-15 10:16:22,860 - __main__ - INFO -   Spread: CALL_CREDIT_SPREAD
2026-09-15 10:16:22,860 - __main__ - INFO -   Strikes: 7570 / 7580
2026-09-15 10:16:22,861 - __main__ - INFO -   Credit: $2.00
2026-09-15 10:16:22,861 - __main__ - INFO -   Contracts: 10
2026-09-15 10:16:22,862 - __main__ - INFO - ================================================================================
2026-09-15 10:16:23,007 - api_handler - ERROR - Order failed: 422
2026-09-15 10:16:26,064 - __main__ - INFO - ================================================================================
2026-09-15 10:16:26,065 - __main__ - INFO - SUBMITTING REAL ALPACA ORDER
2026-09-15 10:16:26,065 - __main__ - INFO -   Setup: 15_MIN_ORB_LOW
2026-09-15 10:16:26,065 - __main__ - INFO -   Direction: BEARISH
2026-09-15 10:16:26,065 - __main__ - INFO -   Spread: CALL_CREDIT_SPREAD
2026-09-15 10:16:26,065 - __main__ - INFO -   Strikes: 7570 / 7580
2026-09-15 10:16:26,066 - __main__ - INFO -   Credit: $2.00
2026-09-15 10:16:26,066 - __main__ - INFO -   Contracts: 5
2026-09-15 10:16:26,066 - __main__ - INFO - ================================================================================
2026-09-15 10:16:26,213 - api_handler - ERROR - Order failed: 422
2026-09-15 10:16:38,598 - __main__ - INFO - ================================================================================
2026-09-15 10:16:38,599 - __main__ - INFO - SUBMITTING REAL ALPACA ORDER
2026-09-15 10:16:38,600 - __main__ - INFO -   Setup: 15_MIN_ORB_LOW
2026-09-15 10:16:38,601 - __main__ - INFO -   Direction: BEARISH
2026-09-15 10:16:38,602 - __main__ - INFO -   Spread: CALL_CREDIT_SPREAD
2026-09-15 10:16:38,603 - __main__ - INFO -   Strikes: 7570 / 7580
2026-09-15 10:16:38,604 - __main__ - INFO -   Credit: $2.00
2026-09-15 10:16:38,605 - __main__ - INFO -   Contracts: 10
2026-09-15 10:16:38,605 - __main__ - INFO - ================================================================================
2026-09-15 10:16:38,727 - api_handler - ERROR - Order failed: 422
2026-09-15 10:16:41,825 - __main__ - INFO - ================================================================================
2026-09-15 10:16:41,825 - __main__ - INFO - SUBMITTING REAL ALPACA ORDER
2026-09-15 10:16:41,825 - __main__ - INFO -   Setup: 15_MIN_ORB_LOW
2026-09-15 10:16:41,826 - __main__ - INFO -   Direction: BEARISH
2026-09-15 10:16:41,826 - __main__ - INFO -   Spread: CALL_CREDIT_SPREAD
2026-09-15 10:16:41,826 - __main__ - INFO -   Strikes: 7570 / 7580
2026-09-15 10:16:41,826 - __main__ - INFO -   Credit: $2.00
2026-09-15 10:16:41,826 - __main__ - INFO -   Contracts: 5
2026-09-15 10:16:41,826 - __main__ - INFO - ================================================================================
2026-09-15 10:16:41,937 - api_handler - ERROR - Order failed: 422
2026-09-15 10:16:54,171 - __main__ - INFO - ================================================================================
2026-09-15 10:16:54,171 - __main__ - INFO - SUBMITTING REAL ALPACA ORDER
2026-09-15 10:16:54,172 - __main__ - INFO -   Setup: 15_MIN_ORB_LOW
2026-09-15 10:16:54,172 - __main__ - INFO -   Direction: BEARISH
2026-09-15 10:16:54,172 - __main__ - INFO -   Spread: CALL_CREDIT_SPREAD
2026-09-15 10:16:54,173 - __main__ - INFO -   Strikes: 7570 / 7580
2026-09-15 10:16:54,173 - __main__ - INFO -   Credit: $2.00
2026-09-15 10:16:54,174 - __main__ - INFO -   Contracts: 10
2026-09-15 10:16:54,174 - __main__ - INFO - ================================================================================
2026-09-15 10:16:54,298 - api_handler - ERROR - Order failed: 422
2026-09-15 10:16:57,560 - __main__ - INFO - ================================================================================
2026-09-15 10:16:57,560 - __main__ - INFO - SUBMITTING REAL ALPACA ORDER
2026-09-15 10:16:57,560 - __main__ - INFO -   Setup: 15_MIN_ORB_LOW
2026-09-15 10:16:57,560 - __main__ - INFO -   Direction: BEARISH
2026-09-15 10:16:57,561 - __main__ - INFO -   Spread: CALL_CREDIT_SPREAD
2026-09-15 10:16:57,561 - __main__ - INFO -   Strikes: 7570 / 7580
2026-09-15 10:16:57,561 - __main__ - INFO -   Credit: $2.00
2026-09-15 10:16:57,561 - __main__ - INFO -   Contracts: 5
2026-09-15 10:16:57,561 - __main__ - INFO - ================================================================================
2026-09-15 10:16:57,729 - api_handler - ERROR - Order failed: 422
2026-09-15 10:17:09,885 - __main__ - INFO - ================================================================================
2026-09-15 10:17:09,886 - __main__ - INFO - SUBMITTING REAL ALPACA ORDER
2026-09-15 10:17:09,886 - __main__ - INFO -   Setup: 15_MIN_ORB_LOW
2026-09-15 10:17:09,887 - __main__ - INFO -   Direction: BEARISH
2026-09-15 10:17:09,887 - __main__ - INFO -   Spread: CALL_CREDIT_SPREAD
2026-09-15 10:17:09,887 - __main__ - INFO -   Strikes: 7570 / 7580
2026-09-15 10:17:09,888 - __main__ - INFO -   Credit: $2.00
2026-09-15 10:17:09,888 - __main__ - INFO -   Contracts: 10
2026-09-15 10:17:09,889 - __main__ - INFO - ================================================================================
2026-09-15 10:17:10,019 - api_handler - ERROR - Order failed: 422
2026-09-15 10:17:13,283 - __main__ - INFO - ================================================================================
2026-09-15 10:17:13,283 - __main__ - INFO - SUBMITTING REAL ALPACA ORDER
2026-09-15 10:17:13,283 - __main__ - INFO -   Setup: 15_MIN_ORB_LOW
2026-09-15 10:17:13,283 - __main__ - INFO -   Direction: BEARISH
2026-09-15 10:17:13,284 - __main__ - INFO -   Spread: CALL_CREDIT_SPREAD
2026-09-15 10:17:13,284 - __main__ - INFO -   Strikes: 7570 / 7580
2026-09-15 10:17:13,284 - __main__ - INFO -   Credit: $2.00
2026-09-15 10:17:13,284 - __main__ - INFO -   Contracts: 5
2026-09-15 10:17:13,284 - __main__ - INFO - ================================================================================
2026-09-15 10:17:13,406 - api_handler - ERROR - Order failed: 422
2026-09-15 10:17:25,611 - __main__ - INFO - ================================================================================
2026-09-15 10:17:25,612 - __main__ - INFO - SUBMITTING REAL ALPACA ORDER
2026-09-15 10:17:25,612 - __main__ - INFO -   Setup: 15_MIN_ORB_LOW
2026-09-15 10:17:25,612 - __main__ - INFO -   Direction: BEARISH
2026-09-15 10:17:25,613 - __main__ - INFO -   Spread: CALL_CREDIT_SPREAD
2026-09-15 10:17:25,613 - __main__ - INFO -   Strikes: 7575 / 7585
2026-09-15 10:17:25,613 - __main__ - INFO -   Credit: $2.00
2026-09-15 10:17:25,614 - __main__ - INFO -   Contracts: 10
2026-09-15 10:17:25,614 - __main__ - INFO - ================================================================================
2026-09-15 10:17:25,729 - api_handler - ERROR - Order failed: 422
2026-09-15 10:17:28,926 - __main__ - INFO - ================================================================================
2026-09-15 10:17:28,926 - __main__ - INFO - SUBMITTING REAL ALPACA ORDER
2026-09-15 10:17:28,926 - __main__ - INFO -   Setup: 15_MIN_ORB_LOW
2026-09-15 10:17:28,926 - __main__ - INFO -   Direction: BEARISH
2026-09-15 10:17:28,926 - __main__ - INFO -   Spread: CALL_CREDIT_SPREAD
2026-09-15 10:17:28,926 - __main__ - INFO -   Strikes: 7575 / 7585
2026-09-15 10:17:28,926 - __main__ - INFO -   Credit: $2.00
2026-09-15 10:17:28,926 - __main__ - INFO -   Contracts: 5
2026-09-15 10:17:28,927 - __main__ - INFO - ================================================================================
2026-09-15 10:17:29,038 - api_handler - ERROR - Order failed: 422
2026-09-15 10:17:41,230 - __main__ - INFO - ================================================================================
2026-09-15 10:17:41,231 - __main__ - INFO - SUBMITTING REAL ALPACA ORDER
2026-09-15 10:17:41,233 - __main__ - INFO -   Setup: 15_MIN_ORB_LOW
2026-09-15 10:17:41,233 - __main__ - INFO -   Direction: BEARISH
2026-09-15 10:17:41,234 - __main__ - INFO -   Spread: CALL_CREDIT_SPREAD
2026-09-15 10:17:41,235 - __main__ - INFO -   Strikes: 7575 / 7585
2026-09-15 10:17:41,235 - __main__ - INFO -   Credit: $2.00
2026-09-15 10:17:41,236 - __main__ - INFO -   Contracts: 10
2026-09-15 10:17:41,236 - __main__ - INFO - ================================================================================
2026-09-15 10:17:41,385 - api_handler - ERROR - Order failed: 422
2026-09-15 10:17:44,537 - __main__ - INFO - ================================================================================
2026-09-15 10:17:44,537 - __main__ - INFO - SUBMITTING REAL ALPACA ORDER
2026-09-15 10:17:44,538 - __main__ - INFO -   Setup: 15_MIN_ORB_LOW
2026-09-15 10:17:44,538 - __main__ - INFO -   Direction: BEARISH
2026-09-15 10:17:44,538 - __main__ - INFO -   Spread: CALL_CREDIT_SPREAD
2026-09-15 10:17:44,538 - __main__ - INFO -   Strikes: 7575 / 7585
2026-09-15 10:17:44,538 - __main__ - INFO -   Credit: $2.00
2026-09-15 10:17:44,538 - __main__ - INFO -   Contracts: 5
2026-09-15 10:17:44,538 - __main__ - INFO - ================================================================================
2026-09-15 10:17:44,669 - api_handler - ERROR - Order failed: 422
2026-09-15 10:17:56,865 - __main__ - INFO - ================================================================================
2026-09-15 10:17:56,865 - __main__ - INFO - SUBMITTING REAL ALPACA ORDER
2026-09-15 10:17:56,866 - __main__ - INFO -   Setup: 15_MIN_ORB_LOW
2026-09-15 10:17:56,866 - __main__ - INFO -   Direction: BEARISH
2026-09-15 10:17:56,866 - __main__ - INFO -   Spread: CALL_CREDIT_SPREAD
2026-09-15 10:17:56,867 - __main__ - INFO -   Strikes: 7575 / 7585
2026-09-15 10:17:56,867 - __main__ - INFO -   Credit: $2.00
2026-09-15 10:17:56,868 - __main__ - INFO -   Contracts: 10
2026-09-15 10:17:56,868 - __main__ - INFO - ================================================================================
2026-09-15 10:17:57,018 - api_handler - ERROR - Order failed: 422
2026-09-15 10:18:00,288 - __main__ - INFO - ================================================================================
2026-09-15 10:18:00,289 - __main__ - INFO - SUBMITTING REAL ALPACA ORDER
2026-09-15 10:18:00,289 - __main__ - INFO -   Setup: 15_MIN_ORB_LOW
2026-09-15 10:18:00,289 - __main__ - INFO -   Direction: BEARISH
2026-09-15 10:18:00,289 - __main__ - INFO -   Spread: CALL_CREDIT_SPREAD
2026-09-15 10:18:00,290 - __main__ - INFO -   Strikes: 7575 / 7585
2026-09-15 10:18:00,290 - __main__ - INFO -   Credit: $2.00
2026-09-15 10:18:00,290 - __main__ - INFO -   Contracts: 5
2026-09-15 10:18:00,290 - __main__ - INFO - ================================================================================
2026-09-15 10:18:00,510 - api_handler - ERROR - Order failed: 422
2026-09-15 10:18:12,643 - __main__ - INFO - ================================================================================
2026-09-15 10:18:12,643 - __main__ - INFO - SUBMITTING REAL ALPACA ORDER
2026-09-15 10:18:12,643 - __main__ - INFO -   Setup: 15_MIN_ORB_LOW
2026-09-15 10:18:12,647 - __main__ - INFO -   Direction: BEARISH
2026-09-15 10:18:12,647 - __main__ - INFO -   Spread: CALL_CREDIT_SPREAD
2026-09-15 10:18:12,647 - __main__ - INFO -   Strikes: 7575 / 7585
2026-09-15 10:18:12,648 - __main__ - INFO -   Credit: $2.00
2026-09-15 10:18:12,648 - __main__ - INFO -   Contracts: 10
2026-09-15 10:18:12,648 - __main__ - INFO - ================================================================================
2026-09-15 10:18:12,763 - api_handler - ERROR - Order failed: 422
2026-09-15 10:18:16,083 - __main__ - INFO - ================================================================================
2026-09-15 10:18:16,084 - __main__ - INFO - SUBMITTING REAL ALPACA ORDER
2026-09-15 10:18:16,084 - __main__ - INFO -   Setup: 15_MIN_ORB_LOW
2026-09-15 10:18:16,084 - __main__ - INFO -   Direction: BEARISH
2026-09-15 10:18:16,084 - __main__ - INFO -   Spread: CALL_CREDIT_SPREAD
2026-09-15 10:18:16,084 - __main__ - INFO -   Strikes: 7575 / 7585
2026-09-15 10:18:16,084 - __main__ - INFO -   Credit: $2.00
2026-09-15 10:18:16,084 - __main__ - INFO -   Contracts: 5
2026-09-15 10:18:16,084 - __main__ - INFO - ================================================================================
2026-09-15 10:18:16,220 - api_handler - ERROR - Order failed: 422
2026-09-15 10:18:28,251 - __main__ - INFO - ================================================================================
2026-09-15 10:18:28,252 - __main__ - INFO - SUBMITTING REAL ALPACA ORDER
2026-09-15 10:18:28,252 - __main__ - INFO -   Setup: 15_MIN_ORB_LOW
2026-09-15 10:18:28,253 - __main__ - INFO -   Direction: BEARISH
2026-09-15 10:18:28,255 - __main__ - INFO -   Spread: CALL_CREDIT_SPREAD
2026-09-15 10:18:28,255 - __main__ - INFO -   Strikes: 7575 / 7585
2026-09-15 10:18:28,257 - __main__ - INFO -   Credit: $2.00
2026-09-15 10:18:28,258 - __main__ - INFO -   Contracts: 10
2026-09-15 10:18:28,258 - __main__ - INFO - ================================================================================
2026-09-15 10:18:28,374 - api_handler - ERROR - Order failed: 422
2026-09-15 10:18:31,814 - __main__ - INFO - ================================================================================
2026-09-15 10:18:31,815 - __main__ - INFO - SUBMITTING REAL ALPACA ORDER
2026-09-15 10:18:31,815 - __main__ - INFO -   Setup: 15_MIN_ORB_LOW
2026-09-15 10:18:31,815 - __main__ - INFO -   Direction: BEARISH
2026-09-15 10:18:31,815 - __main__ - INFO -   Spread: CALL_CREDIT_SPREAD
2026-09-15 10:18:31,815 - __main__ - INFO -   Strikes: 7575 / 7585
2026-09-15 10:18:31,816 - __main__ - INFO -   Credit: $2.00
2026-09-15 10:18:31,816 - __main__ - INFO -   Contracts: 5
2026-09-15 10:18:31,816 - __main__ - INFO - ================================================================================
2026-09-15 10:18:31,953 - api_handler - ERROR - Order failed: 422
2026-09-15 10:18:43,830 - __main__ - INFO - ================================================================================
2026-09-15 10:18:43,831 - __main__ - INFO - SUBMITTING REAL ALPACA ORDER
2026-09-15 10:18:43,831 - __main__ - INFO -   Setup: 15_MIN_ORB_LOW
2026-09-15 10:18:43,831 - __main__ - INFO -   Direction: BEARISH
2026-09-15 10:18:43,832 - __main__ - INFO -   Spread: CALL_CREDIT_SPREAD
2026-09-15 10:18:43,832 - __main__ - INFO -   Strikes: 7575 / 7585
2026-09-15 10:18:43,832 - __main__ - INFO -   Credit: $2.00
2026-09-15 10:18:43,832 - __main__ - INFO -   Contracts: 10
2026-09-15 10:18:43,832 - __main__ - INFO - ================================================================================
2026-09-15 10:18:43,959 - api_handler - ERROR - Order failed: 422
2026-09-15 10:18:47,519 - __main__ - INFO - ================================================================================
2026-09-15 10:18:47,519 - __main__ - INFO - SUBMITTING REAL ALPACA ORDER
2026-09-15 10:18:47,519 - __main__ - INFO -   Setup: 15_MIN_ORB_LOW
2026-09-15 10:18:47,519 - __main__ - INFO -   Direction: BEARISH
2026-09-15 10:18:47,520 - __main__ - INFO -   Spread: CALL_CREDIT_SPREAD
2026-09-15 10:18:47,520 - __main__ - INFO -   Strikes: 7575 / 7585
2026-09-15 10:18:47,520 - __main__ - INFO -   Credit: $2.00
2026-09-15 10:18:47,520 - __main__ - INFO -   Contracts: 5
2026-09-15 10:18:47,521 - __main__ - INFO - ================================================================================
2026-09-15 10:18:47,646 - api_handler - ERROR - Order failed: 422
2026-09-15 10:18:59,581 - __main__ - INFO - ================================================================================
2026-09-15 10:18:59,581 - __main__ - INFO - SUBMITTING REAL ALPACA ORDER
2026-09-15 10:18:59,581 - __main__ - INFO -   Setup: 15_MIN_ORB_LOW
2026-09-15 10:18:59,582 - __main__ - INFO -   Direction: BEARISH
2026-09-15 10:18:59,582 - __main__ - INFO -   Spread: CALL_CREDIT_SPREAD
2026-09-15 10:18:59,582 - __main__ - INFO -   Strikes: 7575 / 7585
2026-09-15 10:18:59,582 - __main__ - INFO -   Credit: $2.00
2026-09-15 10:18:59,582 - __main__ - INFO -   Contracts: 10
2026-09-15 10:18:59,583 - __main__ - INFO - ================================================================================
2026-09-15 10:18:59,701 - api_handler - ERROR - Order failed: 422
2026-09-15 10:19:03,159 - __main__ - INFO - ================================================================================
2026-09-15 10:19:03,159 - __main__ - INFO - SUBMITTING REAL ALPACA ORDER
2026-09-15 10:19:03,160 - __main__ - INFO -   Setup: 15_MIN_ORB_LOW
2026-09-15 10:19:03,160 - __main__ - INFO -   Direction: BEARISH
2026-09-15 10:19:03,160 - __main__ - INFO -   Spread: CALL_CREDIT_SPREAD
2026-09-15 10:19:03,161 - __main__ - INFO -   Strikes: 7575 / 7585
2026-09-15 10:19:03,161 - __main__ - INFO -   Credit: $2.00
2026-09-15 10:19:03,162 - __main__ - INFO -   Contracts: 5
2026-09-15 10:19:03,162 - __main__ - INFO - ================================================================================
2026-09-15 10:19:03,298 - api_handler - ERROR - Order failed: 422
2026-09-15 10:19:15,297 - __main__ - INFO - ================================================================================
2026-09-15 10:19:15,298 - __main__ - INFO - SUBMITTING REAL ALPACA ORDER
2026-09-15 10:19:15,298 - __main__ - INFO -   Setup: 15_MIN_ORB_LOW
2026-09-15 10:19:15,298 - __main__ - INFO -   Direction: BEARISH
2026-09-15 10:19:15,298 - __main__ - INFO -   Spread: CALL_CREDIT_SPREAD
2026-09-15 10:19:15,298 - __main__ - INFO -   Strikes: 7575 / 7585
2026-09-15 10:19:15,299 - __main__ - INFO -   Credit: $2.00
2026-09-15 10:19:15,299 - __main__ - INFO -   Contracts: 10
2026-09-15 10:19:15,299 - __main__ - INFO - ================================================================================
2026-09-15 10:19:15,407 - api_handler - ERROR - Order failed: 422
2026-09-15 10:19:19,010 - __main__ - INFO - ================================================================================
2026-09-15 10:19:19,010 - __main__ - INFO - SUBMITTING REAL ALPACA ORDER
2026-09-15 10:19:19,010 - __main__ - INFO -   Setup: 15_MIN_ORB_LOW
2026-09-15 10:19:19,010 - __main__ - INFO -   Direction: BEARISH
2026-09-15 10:19:19,011 - __main__ - INFO -   Spread: CALL_CREDIT_SPREAD
2026-09-15 10:19:19,011 - __main__ - INFO -   Strikes: 7575 / 7585
2026-09-15 10:19:19,011 - __main__ - INFO -   Credit: $2.00
2026-09-15 10:19:19,011 - __main__ - INFO -   Contracts: 5
2026-09-15 10:19:19,011 - __main__ - INFO - ================================================================================
2026-09-15 10:19:19,170 - api_handler - ERROR - Order failed: 422
2026-09-15 10:19:30,905 - __main__ - INFO - ================================================================================
2026-09-15 10:19:30,906 - __main__ - INFO - SUBMITTING REAL ALPACA ORDER
2026-09-15 10:19:30,906 - __main__ - INFO -   Setup: 15_MIN_ORB_LOW
2026-09-15 10:19:30,906 - __main__ - INFO -   Direction: BEARISH
2026-09-15 10:19:30,906 - __main__ - INFO -   Spread: CALL_CREDIT_SPREAD
2026-09-15 10:19:30,906 - __main__ - INFO -   Strikes: 7575 / 7585
2026-09-15 10:19:30,906 - __main__ - INFO -   Credit: $2.00
2026-09-15 10:19:30,907 - __main__ - INFO -   Contracts: 10
2026-09-15 10:19:30,907 - __main__ - INFO - ================================================================================
2026-09-15 10:19:31,036 - api_handler - ERROR - Order failed: 422
2026-09-15 10:19:34,603 - __main__ - INFO - ================================================================================
2026-09-15 10:19:34,603 - __main__ - INFO - SUBMITTING REAL ALPACA ORDER
2026-09-15 10:19:34,603 - __main__ - INFO -   Setup: 15_MIN_ORB_LOW
2026-09-15 10:19:34,603 - __main__ - INFO -   Direction: BEARISH
2026-09-15 10:19:34,603 - __main__ - INFO -   Spread: CALL_CREDIT_SPREAD
2026-09-15 10:19:34,603 - __main__ - INFO -   Strikes: 7575 / 7585
2026-09-15 10:19:34,603 - __main__ - INFO -   Credit: $2.00
2026-09-15 10:19:34,604 - __main__ - INFO -   Contracts: 5
2026-09-15 10:19:34,604 - __main__ - INFO - ================================================================================
2026-09-15 10:19:34,738 - api_handler - ERROR - Order failed: 422
2026-09-15 10:19:46,519 - __main__ - INFO - ================================================================================
2026-09-15 10:19:46,520 - __main__ - INFO - SUBMITTING REAL ALPACA ORDER
2026-09-15 10:19:46,520 - __main__ - INFO -   Setup: 15_MIN_ORB_LOW
2026-09-15 10:19:46,520 - __main__ - INFO -   Direction: BEARISH
2026-09-15 10:19:46,520 - __main__ - INFO -   Spread: CALL_CREDIT_SPREAD
2026-09-15 10:19:46,520 - __main__ - INFO -   Strikes: 7575 / 7585
2026-09-15 10:19:46,520 - __main__ - INFO -   Credit: $2.00
2026-09-15 10:19:46,520 - __main__ - INFO -   Contracts: 10
2026-09-15 10:19:46,521 - __main__ - INFO - ================================================================================
2026-09-15 10:19:46,653 - api_handler - ERROR - Order failed: 422
2026-09-15 10:19:50,246 - __main__ - INFO - ================================================================================
2026-09-15 10:19:50,246 - __main__ - INFO - SUBMITTING REAL ALPACA ORDER
2026-09-15 10:19:50,246 - __main__ - INFO -   Setup: 15_MIN_ORB_LOW
2026-09-15 10:19:50,246 - __main__ - INFO -   Direction: BEARISH
2026-09-15 10:19:50,246 - __main__ - INFO -   Spread: CALL_CREDIT_SPREAD
2026-09-15 10:19:50,246 - __main__ - INFO -   Strikes: 7575 / 7585
2026-09-15 10:19:50,246 - __main__ - INFO -   Credit: $2.00
2026-09-15 10:19:50,247 - __main__ - INFO -   Contracts: 5
2026-09-15 10:19:50,247 - __main__ - INFO - ================================================================================
2026-09-15 10:19:50,361 - api_handler - ERROR - Order failed: 422
2026-09-15 10:20:02,198 - __main__ - INFO - ================================================================================
2026-09-15 10:20:02,199 - __main__ - INFO - SUBMITTING REAL ALPACA ORDER
2026-09-15 10:20:02,199 - __main__ - INFO -   Setup: 15_MIN_ORB_LOW
2026-09-15 10:20:02,199 - __main__ - INFO -   Direction: BEARISH
2026-09-15 10:20:02,199 - __main__ - INFO -   Spread: CALL_CREDIT_SPREAD
2026-09-15 10:20:02,199 - __main__ - INFO -   Strikes: 7575 / 7585
2026-09-15 10:20:02,199 - __main__ - INFO -   Credit: $2.00
2026-09-15 10:20:02,199 - __main__ - INFO -   Contracts: 10
2026-09-15 10:20:02,200 - __main__ - INFO - ================================================================================
2026-09-15 10:20:02,337 - api_handler - ERROR - Order failed: 422
2026-09-15 10:20:05,906 - __main__ - INFO - ================================================================================
2026-09-15 10:20:05,907 - __main__ - INFO - SUBMITTING REAL ALPACA ORDER
2026-09-15 10:20:05,907 - __main__ - INFO -   Setup: 15_MIN_ORB_LOW
2026-09-15 10:20:05,907 - __main__ - INFO -   Direction: BEARISH
2026-09-15 10:20:05,907 - __main__ - INFO -   Spread: CALL_CREDIT_SPREAD
2026-09-15 10:20:05,908 - __main__ - INFO -   Strikes: 7575 / 7585
2026-09-15 10:20:05,908 - __main__ - INFO -   Credit: $2.00
2026-09-15 10:20:05,908 - __main__ - INFO -   Contracts: 5
2026-09-15 10:20:05,908 - __main__ - INFO - ================================================================================
2026-09-15 10:20:06,033 - api_handler - ERROR - Order failed: 422
2026-09-15 10:20:17,813 - __main__ - INFO - ================================================================================
2026-09-15 10:20:17,813 - __main__ - INFO - SUBMITTING REAL ALPACA ORDER
2026-09-15 10:20:17,814 - __main__ - INFO -   Setup: 15_MIN_ORB_LOW
2026-09-15 10:20:17,814 - __main__ - INFO -   Direction: BEARISH
2026-09-15 10:20:17,814 - __main__ - INFO -   Spread: CALL_CREDIT_SPREAD
2026-09-15 10:20:17,814 - __main__ - INFO -   Strikes: 7575 / 7585
2026-09-15 10:20:17,814 - __main__ - INFO -   Credit: $2.00
2026-09-15 10:20:17,814 - __main__ - INFO -   Contracts: 10
2026-09-15 10:20:17,814 - __main__ - INFO - ================================================================================
2026-09-15 10:20:17,925 - api_handler - ERROR - Order failed: 422
2026-09-15 10:20:21,514 - __main__ - INFO - ================================================================================
2026-09-15 10:20:21,514 - __main__ - INFO - SUBMITTING REAL ALPACA ORDER
2026-09-15 10:20:21,515 - __main__ - INFO -   Setup: 15_MIN_ORB_LOW
2026-09-15 10:20:21,515 - __main__ - INFO -   Direction: BEARISH
2026-09-15 10:20:21,515 - __main__ - INFO -   Spread: CALL_CREDIT_SPREAD
2026-09-15 10:20:21,515 - __main__ - INFO -   Strikes: 7575 / 7585
2026-09-15 10:20:21,515 - __main__ - INFO -   Credit: $2.00
2026-09-15 10:20:21,515 - __main__ - INFO -   Contracts: 5
2026-09-15 10:20:21,515 - __main__ - INFO - ================================================================================
2026-09-15 10:20:21,652 - api_handler - ERROR - Order failed: 422
2026-09-15 10:20:33,422 - __main__ - INFO - ================================================================================
2026-09-15 10:20:33,423 - __main__ - INFO - SUBMITTING REAL ALPACA ORDER
2026-09-15 10:20:33,423 - __main__ - INFO -   Setup: 15_MIN_ORB_LOW
2026-09-15 10:20:33,423 - __main__ - INFO -   Direction: BEARISH
2026-09-15 10:20:33,423 - __main__ - INFO -   Spread: CALL_CREDIT_SPREAD
2026-09-15 10:20:33,423 - __main__ - INFO -   Strikes: 7575 / 7585
2026-09-15 10:20:33,423 - __main__ - INFO -   Credit: $2.00
2026-09-15 10:20:33,423 - __main__ - INFO -   Contracts: 10
2026-09-15 10:20:33,423 - __main__ - INFO - ================================================================================
2026-09-15 10:20:33,560 - api_handler - ERROR - Order failed: 422
2026-09-15 10:20:37,227 - __main__ - INFO - ================================================================================
2026-09-15 10:20:37,228 - __main__ - INFO - SUBMITTING REAL ALPACA ORDER
2026-09-15 10:20:37,228 - __main__ - INFO -   Setup: 15_MIN_ORB_LOW
2026-09-15 10:20:37,228 - __main__ - INFO -   Direction: BEARISH
2026-09-15 10:20:37,228 - __main__ - INFO -   Spread: CALL_CREDIT_SPREAD
2026-09-15 10:20:37,229 - __main__ - INFO -   Strikes: 7575 / 7585
2026-09-15 10:20:37,229 - __main__ - INFO -   Credit: $2.00
2026-09-15 10:20:37,229 - __main__ - INFO -   Contracts: 5
2026-09-15 10:20:37,229 - __main__ - INFO - ================================================================================
2026-09-15 10:20:37,349 - api_handler - ERROR - Order failed: 422
2026-09-15 10:20:49,052 - __main__ - INFO - ================================================================================
2026-09-15 10:20:49,052 - __main__ - INFO - SUBMITTING REAL ALPACA ORDER
2026-09-15 10:20:49,052 - __main__ - INFO -   Setup: 15_MIN_ORB_LOW
2026-09-15 10:20:49,052 - __main__ - INFO -   Direction: BEARISH
2026-09-15 10:20:49,053 - __main__ - INFO -   Spread: CALL_CREDIT_SPREAD
2026-09-15 10:20:49,053 - __main__ - INFO -   Strikes: 7575 / 7585
2026-09-15 10:20:49,053 - __main__ - INFO -   Credit: $2.00
2026-09-15 10:20:49,053 - __main__ - INFO -   Contracts: 10
2026-09-15 10:20:49,053 - __main__ - INFO - ================================================================================
2026-09-15 10:20:49,167 - api_handler - ERROR - Order failed: 422
2026-09-15 10:20:52,917 - __main__ - INFO - ================================================================================
2026-09-15 10:20:52,917 - __main__ - INFO - SUBMITTING REAL ALPACA ORDER
2026-09-15 10:20:52,918 - __main__ - INFO -   Setup: 15_MIN_ORB_LOW
2026-09-15 10:20:52,918 - __main__ - INFO -   Direction: BEARISH
2026-09-15 10:20:52,918 - __main__ - INFO -   Spread: CALL_CREDIT_SPREAD
2026-09-15 10:20:52,918 - __main__ - INFO -   Strikes: 7575 / 7585
2026-09-15 10:20:52,919 - __main__ - INFO -   Credit: $2.00
2026-09-15 10:20:52,919 - __main__ - INFO -   Contracts: 5
2026-09-15 10:20:52,919 - __main__ - INFO - ================================================================================
2026-09-15 10:20:53,067 - api_handler - ERROR - Order failed: 422
2026-09-15 10:21:04,638 - __main__ - INFO - ================================================================================
2026-09-15 10:21:04,639 - __main__ - INFO - SUBMITTING REAL ALPACA ORDER
2026-09-15 10:21:04,639 - __main__ - INFO -   Setup: 15_MIN_ORB_LOW
2026-09-15 10:21:04,640 - __main__ - INFO -   Direction: BEARISH
2026-09-15 10:21:04,641 - __main__ - INFO -   Spread: CALL_CREDIT_SPREAD
2026-09-15 10:21:04,641 - __main__ - INFO -   Strikes: 7575 / 7585
2026-09-15 10:21:04,642 - __main__ - INFO -   Credit: $2.00
2026-09-15 10:21:04,642 - __main__ - INFO -   Contracts: 10
2026-09-15 10:21:04,643 - __main__ - INFO - ================================================================================
2026-09-15 10:21:04,787 - api_handler - ERROR - Order failed: 422
2026-09-15 10:21:08,531 - __main__ - INFO - ================================================================================
2026-09-15 10:21:08,531 - __main__ - INFO - SUBMITTING REAL ALPACA ORDER
2026-09-15 10:21:08,531 - __main__ - INFO -   Setup: 15_MIN_ORB_LOW
2026-09-15 10:21:08,531 - __main__ - INFO -   Direction: BEARISH
2026-09-15 10:21:08,531 - __main__ - INFO -   Spread: CALL_CREDIT_SPREAD
2026-09-15 10:21:08,532 - __main__ - INFO -   Strikes: 7575 / 7585
2026-09-15 10:21:08,532 - __main__ - INFO -   Credit: $2.00
2026-09-15 10:21:08,532 - __main__ - INFO -   Contracts: 5
2026-09-15 10:21:08,532 - __main__ - INFO - ================================================================================
2026-09-15 10:21:08,648 - api_handler - ERROR - Order failed: 422
2026-09-15 10:21:20,304 - __main__ - INFO - ================================================================================
2026-09-15 10:21:20,305 - __main__ - INFO - SUBMITTING REAL ALPACA ORDER
2026-09-15 10:21:20,305 - __main__ - INFO -   Setup: 15_MIN_ORB_LOW
2026-09-15 10:21:20,305 - __main__ - INFO -   Direction: BEARISH
2026-09-15 10:21:20,305 - __main__ - INFO -   Spread: CALL_CREDIT_SPREAD
2026-09-15 10:21:20,305 - __main__ - INFO -   Strikes: 7575 / 7585
2026-09-15 10:21:20,306 - __main__ - INFO -   Credit: $2.00
2026-09-15 10:21:20,306 - __main__ - INFO -   Contracts: 10
2026-09-15 10:21:20,306 - __main__ - INFO - ================================================================================
2026-09-15 10:21:20,433 - api_handler - ERROR - Order failed: 422
2026-09-15 10:21:24,194 - __main__ - INFO - ================================================================================
2026-09-15 10:21:24,194 - __main__ - INFO - SUBMITTING REAL ALPACA ORDER
2026-09-15 10:21:24,194 - __main__ - INFO -   Setup: 15_MIN_ORB_LOW
2026-09-15 10:21:24,194 - __main__ - INFO -   Direction: BEARISH
2026-09-15 10:21:24,194 - __main__ - INFO -   Spread: CALL_CREDIT_SPREAD
2026-09-15 10:21:24,195 - __main__ - INFO -   Strikes: 7575 / 7585
2026-09-15 10:21:24,195 - __main__ - INFO -   Credit: $2.00
2026-09-15 10:21:24,195 - __main__ - INFO -   Contracts: 5
2026-09-15 10:21:24,195 - __main__ - INFO - ================================================================================
2026-09-15 10:21:24,318 - api_handler - ERROR - Order failed: 422
2026-09-15 10:21:35,943 - __main__ - INFO - ================================================================================
2026-09-15 10:21:35,943 - __main__ - INFO - SUBMITTING REAL ALPACA ORDER
2026-09-15 10:21:35,943 - __main__ - INFO -   Setup: 15_MIN_ORB_LOW
2026-09-15 10:21:35,943 - __main__ - INFO -   Direction: BEARISH
2026-09-15 10:21:35,944 - __main__ - INFO -   Spread: CALL_CREDIT_SPREAD
2026-09-15 10:21:35,944 - __main__ - INFO -   Strikes: 7575 / 7585
2026-09-15 10:21:35,944 - __main__ - INFO -   Credit: $2.00
2026-09-15 10:21:35,944 - __main__ - INFO -   Contracts: 10
2026-09-15 10:21:35,944 - __main__ - INFO - ================================================================================
2026-09-15 10:21:36,080 - api_handler - ERROR - Order failed: 422
2026-09-15 10:21:39,929 - __main__ - INFO - ================================================================================
2026-09-15 10:21:39,929 - __main__ - INFO - SUBMITTING REAL ALPACA ORDER
2026-09-15 10:21:39,930 - __main__ - INFO -   Setup: 15_MIN_ORB_LOW
2026-09-15 10:21:39,930 - __main__ - INFO -   Direction: BEARISH
2026-09-15 10:21:39,930 - __main__ - INFO -   Spread: CALL_CREDIT_SPREAD
2026-09-15 10:21:39,930 - __main__ - INFO -   Strikes: 7570 / 7580
2026-09-15 10:21:39,931 - __main__ - INFO -   Credit: $2.00
2026-09-15 10:21:39,931 - __main__ - INFO -   Contracts: 5
2026-09-15 10:21:39,931 - __main__ - INFO - ================================================================================
2026-09-15 10:21:40,035 - api_handler - ERROR - Order failed: 422
2026-09-15 10:21:51,659 - __main__ - INFO - ================================================================================
2026-09-15 10:21:51,659 - __main__ - INFO - SUBMITTING REAL ALPACA ORDER
2026-09-15 10:21:51,659 - __main__ - INFO -   Setup: 15_MIN_ORB_LOW
2026-09-15 10:21:51,660 - __main__ - INFO -   Direction: BEARISH
2026-09-15 10:21:51,660 - __main__ - INFO -   Spread: CALL_CREDIT_SPREAD
2026-09-15 10:21:51,660 - __main__ - INFO -   Strikes: 7570 / 7580
2026-09-15 10:21:51,660 - __main__ - INFO -   Credit: $2.00
2026-09-15 10:21:51,661 - __main__ - INFO -   Contracts: 10
2026-09-15 10:21:51,661 - __main__ - INFO - ================================================================================
2026-09-15 10:21:51,770 - api_handler - ERROR - Order failed: 422
2026-09-15 10:21:55,598 - __main__ - INFO - ================================================================================
2026-09-15 10:21:55,598 - __main__ - INFO - SUBMITTING REAL ALPACA ORDER
2026-09-15 10:21:55,598 - __main__ - INFO -   Setup: 15_MIN_ORB_LOW
2026-09-15 10:21:55,598 - __main__ - INFO -   Direction: BEARISH
2026-09-15 10:21:55,599 - __main__ - INFO -   Spread: CALL_CREDIT_SPREAD
2026-09-15 10:21:55,599 - __main__ - INFO -   Strikes: 7570 / 7580
2026-09-15 10:21:55,599 - __main__ - INFO -   Credit: $2.00
2026-09-15 10:21:55,599 - __main__ - INFO -   Contracts: 5
2026-09-15 10:21:55,599 - __main__ - INFO - ================================================================================
2026-09-15 10:21:55,704 - api_handler - ERROR - Order failed: 422
2026-09-15 10:22:07,249 - __main__ - INFO - ================================================================================
2026-09-15 10:22:07,249 - __main__ - INFO - SUBMITTING REAL ALPACA ORDER
2026-09-15 10:22:07,249 - __main__ - INFO -   Setup: 15_MIN_ORB_LOW
2026-09-15 10:22:07,250 - __main__ - INFO -   Direction: BEARISH
2026-09-15 10:22:07,250 - __main__ - INFO -   Spread: CALL_CREDIT_SPREAD
2026-09-15 10:22:07,250 - __main__ - INFO -   Strikes: 7575 / 7585
2026-09-15 10:22:07,250 - __main__ - INFO -   Credit: $2.00
2026-09-15 10:22:07,250 - __main__ - INFO -   Contracts: 10
2026-09-15 10:22:07,250 - __main__ - INFO - ================================================================================
2026-09-15 10:22:07,368 - api_handler - ERROR - Order failed: 422
2026-09-15 10:22:11,192 - __main__ - INFO - ================================================================================
2026-09-15 10:22:11,192 - __main__ - INFO - SUBMITTING REAL ALPACA ORDER
2026-09-15 10:22:11,192 - __main__ - INFO -   Setup: 15_MIN_ORB_LOW
2026-09-15 10:22:11,192 - __main__ - INFO -   Direction: BEARISH
2026-09-15 10:22:11,193 - __main__ - INFO -   Spread: CALL_CREDIT_SPREAD
2026-09-15 10:22:11,193 - __main__ - INFO -   Strikes: 7575 / 7585
2026-09-15 10:22:11,193 - __main__ - INFO -   Credit: $2.00
2026-09-15 10:22:11,193 - __main__ - INFO -   Contracts: 5
2026-09-15 10:22:11,193 - __main__ - INFO - ================================================================================
2026-09-15 10:22:11,300 - api_handler - ERROR - Order failed: 422
2026-09-15 10:22:22,840 - __main__ - INFO - ================================================================================
2026-09-15 10:22:22,840 - __main__ - INFO - SUBMITTING REAL ALPACA ORDER
2026-09-15 10:22:22,840 - __main__ - INFO -   Setup: 15_MIN_ORB_LOW
2026-09-15 10:22:22,840 - __main__ - INFO -   Direction: BEARISH
2026-09-15 10:22:22,840 - __main__ - INFO -   Spread: CALL_CREDIT_SPREAD
2026-09-15 10:22:22,841 - __main__ - INFO -   Strikes: 7575 / 7585
2026-09-15 10:22:22,841 - __main__ - INFO -   Credit: $2.00
2026-09-15 10:22:22,841 - __main__ - INFO -   Contracts: 10
2026-09-15 10:22:22,841 - __main__ - INFO - ================================================================================
2026-09-15 10:22:22,957 - api_handler - ERROR - Order failed: 422
2026-09-15 10:22:26,865 - __main__ - INFO - ================================================================================
2026-09-15 10:22:26,865 - __main__ - INFO - SUBMITTING REAL ALPACA ORDER
2026-09-15 10:22:26,865 - __main__ - INFO -   Setup: 15_MIN_ORB_LOW
2026-09-15 10:22:26,865 - __main__ - INFO -   Direction: BEARISH
2026-09-15 10:22:26,866 - __main__ - INFO -   Spread: CALL_CREDIT_SPREAD
2026-09-15 10:22:26,866 - __main__ - INFO -   Strikes: 7575 / 7585
2026-09-15 10:22:26,866 - __main__ - INFO -   Credit: $2.00
2026-09-15 10:22:26,866 - __main__ - INFO -   Contracts: 5
2026-09-15 10:22:26,866 - __main__ - INFO - ================================================================================
2026-09-15 10:22:26,958 - api_handler - ERROR - Order failed: 422
2026-09-15 10:22:38,483 - __main__ - INFO - ================================================================================
2026-09-15 10:22:38,484 - __main__ - INFO - SUBMITTING REAL ALPACA ORDER
2026-09-15 10:22:38,484 - __main__ - INFO -   Setup: 15_MIN_ORB_LOW
2026-09-15 10:22:38,484 - __main__ - INFO -   Direction: BEARISH
2026-09-15 10:22:38,484 - __main__ - INFO -   Spread: CALL_CREDIT_SPREAD
2026-09-15 10:22:38,484 - __main__ - INFO -   Strikes: 7575 / 7585
2026-09-15 10:22:38,484 - __main__ - INFO -   Credit: $2.00
2026-09-15 10:22:38,484 - __main__ - INFO -   Contracts: 10
2026-09-15 10:22:38,484 - __main__ - INFO - ================================================================================
2026-09-15 10:22:38,591 - api_handler - ERROR - Order failed: 422
2026-09-15 10:22:42,520 - __main__ - INFO - ================================================================================
2026-09-15 10:22:42,520 - __main__ - INFO - SUBMITTING REAL ALPACA ORDER
2026-09-15 10:22:42,520 - __main__ - INFO -   Setup: 15_MIN_ORB_LOW
2026-09-15 10:22:42,520 - __main__ - INFO -   Direction: BEARISH
2026-09-15 10:22:42,521 - __main__ - INFO -   Spread: CALL_CREDIT_SPREAD
2026-09-15 10:22:42,521 - __main__ - INFO -   Strikes: 7575 / 7585
2026-09-15 10:22:42,521 - __main__ - INFO -   Credit: $2.00
2026-09-15 10:22:42,521 - __main__ - INFO -   Contracts: 5
2026-09-15 10:22:42,521 - __main__ - INFO - ================================================================================
2026-09-15 10:22:42,633 - api_handler - ERROR - Order failed: 422
2026-09-15 10:22:54,235 - __main__ - INFO - ================================================================================
2026-09-15 10:22:54,236 - __main__ - INFO - SUBMITTING REAL ALPACA ORDER
2026-09-15 10:22:54,236 - __main__ - INFO -   Setup: 15_MIN_ORB_LOW
2026-09-15 10:22:54,236 - __main__ - INFO -   Direction: BEARISH
2026-09-15 10:22:54,236 - __main__ - INFO -   Spread: CALL_CREDIT_SPREAD
2026-09-15 10:22:54,236 - __main__ - INFO -   Strikes: 7570 / 7580
2026-09-15 10:22:54,237 - __main__ - INFO -   Credit: $2.00
2026-09-15 10:22:54,237 - __main__ - INFO -   Contracts: 10
2026-09-15 10:22:54,237 - __main__ - INFO - ================================================================================
2026-09-15 10:22:54,368 - api_handler - ERROR - Order failed: 422
2026-09-15 10:22:58,214 - __main__ - INFO - ================================================================================
2026-09-15 10:22:58,214 - __main__ - INFO - SUBMITTING REAL ALPACA ORDER
2026-09-15 10:22:58,215 - __main__ - INFO -   Setup: 15_MIN_ORB_LOW
2026-09-15 10:22:58,215 - __main__ - INFO -   Direction: BEARISH
2026-09-15 10:22:58,215 - __main__ - INFO -   Spread: CALL_CREDIT_SPREAD
2026-09-15 10:22:58,215 - __main__ - INFO -   Strikes: 7570 / 7580
2026-09-15 10:22:58,215 - __main__ - INFO -   Credit: $2.00
2026-09-15 10:22:58,215 - __main__ - INFO -   Contracts: 5
2026-09-15 10:22:58,215 - __main__ - INFO - ================================================================================
2026-09-15 10:22:58,330 - api_handler - ERROR - Order failed: 422
2026-09-15 10:23:09,846 - __main__ - INFO - ================================================================================
2026-09-15 10:23:09,846 - __main__ - INFO - SUBMITTING REAL ALPACA ORDER
2026-09-15 10:23:09,846 - __main__ - INFO -   Setup: 15_MIN_ORB_LOW
2026-09-15 10:23:09,846 - __main__ - INFO -   Direction: BEARISH
2026-09-15 10:23:09,846 - __main__ - INFO -   Spread: CALL_CREDIT_SPREAD
2026-09-15 10:23:09,846 - __main__ - INFO -   Strikes: 7575 / 7585
2026-09-15 10:23:09,846 - __main__ - INFO -   Credit: $2.00
2026-09-15 10:23:09,847 - __main__ - INFO -   Contracts: 10
2026-09-15 10:23:09,847 - __main__ - INFO - ================================================================================
2026-09-15 10:23:09,955 - api_handler - ERROR - Order failed: 422
2026-09-15 10:23:13,892 - __main__ - INFO - ================================================================================
2026-09-15 10:23:13,892 - __main__ - INFO - SUBMITTING REAL ALPACA ORDER
2026-09-15 10:23:13,892 - __main__ - INFO -   Setup: 15_MIN_ORB_LOW
2026-09-15 10:23:13,892 - __main__ - INFO -   Direction: BEARISH
2026-09-15 10:23:13,892 - __main__ - INFO -   Spread: CALL_CREDIT_SPREAD
2026-09-15 10:23:13,893 - __main__ - INFO -   Strikes: 7575 / 7585
2026-09-15 10:23:13,893 - __main__ - INFO -   Credit: $2.00
2026-09-15 10:23:13,893 - __main__ - INFO -   Contracts: 5
2026-09-15 10:23:13,893 - __main__ - INFO - ================================================================================
2026-09-15 10:23:14,025 - api_handler - ERROR - Order failed: 422
2026-09-15 10:23:25,459 - __main__ - INFO - ================================================================================
2026-09-15 10:23:25,459 - __main__ - INFO - SUBMITTING REAL ALPACA ORDER
2026-09-15 10:23:25,459 - __main__ - INFO -   Setup: 15_MIN_ORB_LOW
2026-09-15 10:23:25,460 - __main__ - INFO -   Direction: BEARISH
2026-09-15 10:23:25,460 - __main__ - INFO -   Spread: CALL_CREDIT_SPREAD
2026-09-15 10:23:25,460 - __main__ - INFO -   Strikes: 7575 / 7585
2026-09-15 10:23:25,460 - __main__ - INFO -   Credit: $2.00
2026-09-15 10:23:25,461 - __main__ - INFO -   Contracts: 10
2026-09-15 10:23:25,461 - __main__ - INFO - ================================================================================
2026-09-15 10:23:25,573 - api_handler - ERROR - Order failed: 422
2026-09-15 10:23:29,529 - __main__ - INFO - ================================================================================
2026-09-15 10:23:29,529 - __main__ - INFO - SUBMITTING REAL ALPACA ORDER
2026-09-15 10:23:29,529 - __main__ - INFO -   Setup: 15_MIN_ORB_LOW
2026-09-15 10:23:29,529 - __main__ - INFO -   Direction: BEARISH
2026-09-15 10:23:29,529 - __main__ - INFO -   Spread: CALL_CREDIT_SPREAD
2026-09-15 10:23:29,529 - __main__ - INFO -   Strikes: 7575 / 7585
2026-09-15 10:23:29,529 - __main__ - INFO -   Credit: $2.00
2026-09-15 10:23:29,530 - __main__ - INFO -   Contracts: 5
2026-09-15 10:23:29,530 - __main__ - INFO - ================================================================================
2026-09-15 10:23:29,651 - api_handler - ERROR - Order failed: 422
2026-09-15 10:23:41,071 - __main__ - INFO - ================================================================================
2026-09-15 10:23:41,072 - __main__ - INFO - SUBMITTING REAL ALPACA ORDER
2026-09-15 10:23:41,072 - __main__ - INFO -   Setup: 15_MIN_ORB_LOW
2026-09-15 10:23:41,072 - __main__ - INFO -   Direction: BEARISH
2026-09-15 10:23:41,072 - __main__ - INFO -   Spread: CALL_CREDIT_SPREAD
2026-09-15 10:23:41,072 - __main__ - INFO -   Strikes: 7575 / 7585
2026-09-15 10:23:41,072 - __main__ - INFO -   Credit: $2.00
2026-09-15 10:23:41,072 - __main__ - INFO -   Contracts: 10
2026-09-15 10:23:41,072 - __main__ - INFO - ================================================================================
2026-09-15 10:23:41,186 - api_handler - ERROR - Order failed: 422
2026-09-15 10:23:45,124 - __main__ - INFO - ================================================================================
2026-09-15 10:23:45,125 - __main__ - INFO - SUBMITTING REAL ALPACA ORDER
2026-09-15 10:23:45,125 - __main__ - INFO -   Setup: 15_MIN_ORB_LOW
2026-09-15 10:23:45,125 - __main__ - INFO -   Direction: BEARISH
2026-09-15 10:23:45,125 - __main__ - INFO -   Spread: CALL_CREDIT_SPREAD
2026-09-15 10:23:45,125 - __main__ - INFO -   Strikes: 7575 / 7585
2026-09-15 10:23:45,125 - __main__ - INFO -   Credit: $2.00
2026-09-15 10:23:45,125 - __main__ - INFO -   Contracts: 5
2026-09-15 10:23:45,125 - __main__ - INFO - ================================================================================
2026-09-15 10:23:45,275 - api_handler - ERROR - Order failed: 422
2026-09-15 10:23:56,729 - __main__ - INFO - ================================================================================
2026-09-15 10:23:56,729 - __main__ - INFO - SUBMITTING REAL ALPACA ORDER
2026-09-15 10:23:56,729 - __main__ - INFO -   Setup: 15_MIN_ORB_LOW
2026-09-15 10:23:56,729 - __main__ - INFO -   Direction: BEARISH
2026-09-15 10:23:56,729 - __main__ - INFO -   Spread: CALL_CREDIT_SPREAD
2026-09-15 10:23:56,729 - __main__ - INFO -   Strikes: 7575 / 7585
2026-09-15 10:23:56,730 - __main__ - INFO -   Credit: $2.00
2026-09-15 10:23:56,730 - __main__ - INFO -   Contracts: 10
2026-09-15 10:23:56,730 - __main__ - INFO - ================================================================================
2026-09-15 10:23:56,838 - api_handler - ERROR - Order failed: 422
2026-09-15 10:24:00,843 - __main__ - INFO - ================================================================================
2026-09-15 10:24:00,844 - __main__ - INFO - SUBMITTING REAL ALPACA ORDER
2026-09-15 10:24:00,844 - __main__ - INFO -   Setup: 15_MIN_ORB_LOW
2026-09-15 10:24:00,844 - __main__ - INFO -   Direction: BEARISH
2026-09-15 10:24:00,844 - __main__ - INFO -   Spread: CALL_CREDIT_SPREAD
2026-09-15 10:24:00,844 - __main__ - INFO -   Strikes: 7575 / 7585
2026-09-15 10:24:00,845 - __main__ - INFO -   Credit: $2.00
2026-09-15 10:24:00,845 - __main__ - INFO -   Contracts: 5
2026-09-15 10:24:00,845 - __main__ - INFO - ================================================================================
2026-09-15 10:24:00,968 - api_handler - ERROR - Order failed: 422
2026-09-15 10:24:12,415 - __main__ - INFO - ================================================================================
2026-09-15 10:24:12,415 - __main__ - INFO - SUBMITTING REAL ALPACA ORDER
2026-09-15 10:24:12,416 - __main__ - INFO -   Setup: 15_MIN_ORB_LOW
2026-09-15 10:24:12,416 - __main__ - INFO -   Direction: BEARISH
2026-09-15 10:24:12,416 - __main__ - INFO -   Spread: CALL_CREDIT_SPREAD
2026-09-15 10:24:12,416 - __main__ - INFO -   Strikes: 7575 / 7585
2026-09-15 10:24:12,417 - __main__ - INFO -   Credit: $2.00
2026-09-15 10:24:12,417 - __main__ - INFO -   Contracts: 10
2026-09-15 10:24:12,417 - __main__ - INFO - ================================================================================
2026-09-15 10:24:12,557 - api_handler - ERROR - Order failed: 422
2026-09-15 10:24:16,495 - __main__ - INFO - ================================================================================
2026-09-15 10:24:16,495 - __main__ - INFO - SUBMITTING REAL ALPACA ORDER
2026-09-15 10:24:16,496 - __main__ - INFO -   Setup: 15_MIN_ORB_LOW
2026-09-15 10:24:16,496 - __main__ - INFO -   Direction: BEARISH
2026-09-15 10:24:16,496 - __main__ - INFO -   Spread: CALL_CREDIT_SPREAD
2026-09-15 10:24:16,496 - __main__ - INFO -   Strikes: 7575 / 7585
2026-09-15 10:24:16,496 - __main__ - INFO -   Credit: $2.00
2026-09-15 10:24:16,497 - __main__ - INFO -   Contracts: 5
2026-09-15 10:24:16,497 - __main__ - INFO - ================================================================================
2026-09-15 10:24:16,643 - api_handler - ERROR - Order failed: 422
2026-09-15 10:24:28,229 - __main__ - INFO - ================================================================================
2026-09-15 10:24:28,229 - __main__ - INFO - SUBMITTING REAL ALPACA ORDER
2026-09-15 10:24:28,229 - __main__ - INFO -   Setup: 15_MIN_ORB_LOW
2026-09-15 10:24:28,229 - __main__ - INFO -   Direction: BEARISH
2026-09-15 10:24:28,230 - __main__ - INFO -   Spread: CALL_CREDIT_SPREAD
2026-09-15 10:24:28,230 - __main__ - INFO -   Strikes: 7575 / 7585
2026-09-15 10:24:28,230 - __main__ - INFO -   Credit: $2.00
2026-09-15 10:24:28,230 - __main__ - INFO -   Contracts: 10
2026-09-15 10:24:28,230 - __main__ - INFO - ================================================================================
2026-09-15 10:24:28,369 - api_handler - ERROR - Order failed: 422
2026-09-15 10:24:32,154 - __main__ - INFO - ================================================================================
2026-09-15 10:24:32,155 - __main__ - INFO - SUBMITTING REAL ALPACA ORDER
2026-09-15 10:24:32,155 - __main__ - INFO -   Setup: 15_MIN_ORB_LOW
2026-09-15 10:24:32,155 - __main__ - INFO -   Direction: BEARISH
2026-09-15 10:24:32,155 - __main__ - INFO -   Spread: CALL_CREDIT_SPREAD
2026-09-15 10:24:32,155 - __main__ - INFO -   Strikes: 7575 / 7585
2026-09-15 10:24:32,155 - __main__ - INFO -   Credit: $2.00
2026-09-15 10:24:32,156 - __main__ - INFO -   Contracts: 5
2026-09-15 10:24:32,156 - __main__ - INFO - ================================================================================
2026-09-15 10:24:32,310 - api_handler - ERROR - Order failed: 422
2026-09-15 10:24:43,983 - __main__ - INFO - ================================================================================
2026-09-15 10:24:43,983 - __main__ - INFO - SUBMITTING REAL ALPACA ORDER
2026-09-15 10:24:43,983 - __main__ - INFO -   Setup: 15_MIN_ORB_LOW
2026-09-15 10:24:43,983 - __main__ - INFO -   Direction: BEARISH
2026-09-15 10:24:43,983 - __main__ - INFO -   Spread: CALL_CREDIT_SPREAD
2026-09-15 10:24:43,983 - __main__ - INFO -   Strikes: 7575 / 7585
2026-09-15 10:24:43,983 - __main__ - INFO -   Credit: $2.00
2026-09-15 10:24:43,983 - __main__ - INFO -   Contracts: 10
2026-09-15 10:24:43,984 - __main__ - INFO - ================================================================================
2026-09-15 10:24:44,135 - api_handler - ERROR - Order failed: 422
2026-09-15 10:24:47,884 - __main__ - INFO - ================================================================================
2026-09-15 10:24:47,884 - __main__ - INFO - SUBMITTING REAL ALPACA ORDER
2026-09-15 10:24:47,884 - __main__ - INFO -   Setup: 15_MIN_ORB_LOW
2026-09-15 10:24:47,884 - __main__ - INFO -   Direction: BEARISH
2026-09-15 10:24:47,885 - __main__ - INFO -   Spread: CALL_CREDIT_SPREAD
2026-09-15 10:24:47,885 - __main__ - INFO -   Strikes: 7575 / 7585
2026-09-15 10:24:47,885 - __main__ - INFO -   Credit: $2.00
2026-09-15 10:24:47,885 - __main__ - INFO -   Contracts: 5
2026-09-15 10:24:47,885 - __main__ - INFO - ================================================================================
2026-09-15 10:24:48,013 - api_handler - ERROR - Order failed: 422
2026-09-15 10:24:59,705 - __main__ - INFO - ================================================================================
2026-09-15 10:24:59,706 - __main__ - INFO - SUBMITTING REAL ALPACA ORDER
2026-09-15 10:24:59,706 - __main__ - INFO -   Setup: 15_MIN_ORB_LOW
2026-09-15 10:24:59,706 - __main__ - INFO -   Direction: BEARISH
2026-09-15 10:24:59,706 - __main__ - INFO -   Spread: CALL_CREDIT_SPREAD
2026-09-15 10:24:59,706 - __main__ - INFO -   Strikes: 7575 / 7585
2026-09-15 10:24:59,706 - __main__ - INFO -   Credit: $2.00
2026-09-15 10:24:59,706 - __main__ - INFO -   Contracts: 10
2026-09-15 10:24:59,706 - __main__ - INFO - ================================================================================
2026-09-15 10:24:59,840 - api_handler - ERROR - Order failed: 422
2026-09-15 10:25:03,560 - __main__ - INFO - ================================================================================
2026-09-15 10:25:03,561 - __main__ - INFO - SUBMITTING REAL ALPACA ORDER
2026-09-15 10:25:03,561 - __main__ - INFO -   Setup: 15_MIN_ORB_LOW
2026-09-15 10:25:03,561 - __main__ - INFO -   Direction: BEARISH
2026-09-15 10:25:03,561 - __main__ - INFO -   Spread: CALL_CREDIT_SPREAD
2026-09-15 10:25:03,561 - __main__ - INFO -   Strikes: 7575 / 7585
2026-09-15 10:25:03,561 - __main__ - INFO -   Credit: $2.00
2026-09-15 10:25:03,562 - __main__ - INFO -   Contracts: 5
2026-09-15 10:25:03,574 - __main__ - INFO - ================================================================================
2026-09-15 10:25:03,687 - api_handler - ERROR - Order failed: 422
2026-09-15 10:25:15,488 - __main__ - INFO - ================================================================================
2026-09-15 10:25:15,488 - __main__ - INFO - SUBMITTING REAL ALPACA ORDER
2026-09-15 10:25:15,488 - __main__ - INFO -   Setup: 15_MIN_ORB_LOW
2026-09-15 10:25:15,488 - __main__ - INFO -   Direction: BEARISH
2026-09-15 10:25:15,488 - __main__ - INFO -   Spread: CALL_CREDIT_SPREAD
2026-09-15 10:25:15,488 - __main__ - INFO -   Strikes: 7575 / 7585
2026-09-15 10:25:15,489 - __main__ - INFO -   Credit: $2.00
2026-09-15 10:25:15,489 - __main__ - INFO -   Contracts: 10
2026-09-15 10:25:15,489 - __main__ - INFO - ================================================================================
2026-09-15 10:25:15,608 - api_handler - ERROR - Order failed: 422
2026-09-15 10:25:19,267 - __main__ - INFO - ================================================================================
2026-09-15 10:25:19,267 - __main__ - INFO - SUBMITTING REAL ALPACA ORDER
2026-09-15 10:25:19,268 - __main__ - INFO -   Setup: 15_MIN_ORB_LOW
2026-09-15 10:25:19,268 - __main__ - INFO -   Direction: BEARISH
2026-09-15 10:25:19,268 - __main__ - INFO -   Spread: CALL_CREDIT_SPREAD
2026-09-15 10:25:19,268 - __main__ - INFO -   Strikes: 7575 / 7585
2026-09-15 10:25:19,268 - __main__ - INFO -   Credit: $2.00
2026-09-15 10:25:19,268 - __main__ - INFO -   Contracts: 5
2026-09-15 10:25:19,268 - __main__ - INFO - ================================================================================
2026-09-15 10:25:19,397 - api_handler - ERROR - Order failed: 422
2026-09-15 10:25:31,200 - __main__ - INFO - ================================================================================
2026-09-15 10:25:31,201 - __main__ - INFO - SUBMITTING REAL ALPACA ORDER
2026-09-15 10:25:31,201 - __main__ - INFO -   Setup: 15_MIN_ORB_LOW
2026-09-15 10:25:31,201 - __main__ - INFO -   Direction: BEARISH
2026-09-15 10:25:31,202 - __main__ - INFO -   Spread: CALL_CREDIT_SPREAD
2026-09-15 10:25:31,202 - __main__ - INFO -   Strikes: 7575 / 7585
2026-09-15 10:25:31,202 - __main__ - INFO -   Credit: $2.00
2026-09-15 10:25:31,202 - __main__ - INFO -   Contracts: 10
2026-09-15 10:25:31,202 - __main__ - INFO - ================================================================================
2026-09-15 10:25:31,345 - api_handler - ERROR - Order failed: 422
2026-09-15 10:25:34,990 - __main__ - INFO - ================================================================================
2026-09-15 10:25:34,990 - __main__ - INFO - SUBMITTING REAL ALPACA ORDER
2026-09-15 10:25:34,990 - __main__ - INFO -   Setup: 15_MIN_ORB_LOW
2026-09-15 10:25:34,990 - __main__ - INFO -   Direction: BEARISH
2026-09-15 10:25:34,990 - __main__ - INFO -   Spread: CALL_CREDIT_SPREAD
2026-09-15 10:25:34,990 - __main__ - INFO -   Strikes: 7575 / 7585
2026-09-15 10:25:34,990 - __main__ - INFO -   Credit: $2.00
2026-09-15 10:25:34,991 - __main__ - INFO -   Contracts: 5
2026-09-15 10:25:34,991 - __main__ - INFO - ================================================================================
2026-09-15 10:25:35,117 - api_handler - ERROR - Order failed: 422
2026-09-15 10:25:46,974 - __main__ - INFO - ================================================================================
2026-09-15 10:25:46,974 - __main__ - INFO - SUBMITTING REAL ALPACA ORDER
2026-09-15 10:25:46,974 - __main__ - INFO -   Setup: 15_MIN_ORB_LOW
2026-09-15 10:25:46,974 - __main__ - INFO -   Direction: BEARISH
2026-09-15 10:25:46,974 - __main__ - INFO -   Spread: CALL_CREDIT_SPREAD
2026-09-15 10:25:46,975 - __main__ - INFO -   Strikes: 7575 / 7585
2026-09-15 10:25:46,975 - __main__ - INFO -   Credit: $2.00
2026-09-15 10:25:46,975 - __main__ - INFO -   Contracts: 10
2026-09-15 10:25:46,975 - __main__ - INFO - ================================================================================
2026-09-15 10:25:47,098 - api_handler - ERROR - Order failed: 422
2026-09-15 10:25:50,706 - __main__ - INFO - ================================================================================
2026-09-15 10:25:50,706 - __main__ - INFO - SUBMITTING REAL ALPACA ORDER
2026-09-15 10:25:50,706 - __main__ - INFO -   Setup: 15_MIN_ORB_LOW
2026-09-15 10:25:50,706 - __main__ - INFO -   Direction: BEARISH
2026-09-15 10:25:50,706 - __main__ - INFO -   Spread: CALL_CREDIT_SPREAD
2026-09-15 10:25:50,706 - __main__ - INFO -   Strikes: 7575 / 7585
2026-09-15 10:25:50,707 - __main__ - INFO -   Credit: $2.00
2026-09-15 10:25:50,707 - __main__ - INFO -   Contracts: 5
2026-09-15 10:25:50,707 - __main__ - INFO - ================================================================================
2026-09-15 10:25:50,835 - api_handler - ERROR - Order failed: 422
2026-09-15 10:26:02,582 - __main__ - INFO - ================================================================================
2026-09-15 10:26:02,583 - __main__ - INFO - SUBMITTING REAL ALPACA ORDER
2026-09-15 10:26:02,583 - __main__ - INFO -   Setup: 15_MIN_ORB_LOW
2026-09-15 10:26:02,583 - __main__ - INFO -   Direction: BEARISH
2026-09-15 10:26:02,583 - __main__ - INFO -   Spread: CALL_CREDIT_SPREAD
2026-09-15 10:26:02,583 - __main__ - INFO -   Strikes: 7575 / 7585
2026-09-15 10:26:02,583 - __main__ - INFO -   Credit: $2.00
2026-09-15 10:26:02,583 - __main__ - INFO -   Contracts: 10
2026-09-15 10:26:02,583 - __main__ - INFO - ================================================================================
2026-09-15 10:26:02,729 - api_handler - ERROR - Order failed: 422
2026-09-15 10:26:06,416 - __main__ - INFO - ================================================================================
2026-09-15 10:26:06,416 - __main__ - INFO - SUBMITTING REAL ALPACA ORDER
2026-09-15 10:26:06,416 - __main__ - INFO -   Setup: 15_MIN_ORB_LOW
2026-09-15 10:26:06,417 - __main__ - INFO -   Direction: BEARISH
2026-09-15 10:26:06,417 - __main__ - INFO -   Spread: CALL_CREDIT_SPREAD
2026-09-15 10:26:06,417 - __main__ - INFO -   Strikes: 7575 / 7585
2026-09-15 10:26:06,417 - __main__ - INFO -   Credit: $2.00
2026-09-15 10:26:06,418 - __main__ - INFO -   Contracts: 5
2026-09-15 10:26:06,418 - __main__ - INFO - ================================================================================
2026-09-15 10:26:06,563 - api_handler - ERROR - Order failed: 422
2026-09-15 10:26:18,402 - __main__ - INFO - ================================================================================
2026-09-15 10:26:18,402 - __main__ - INFO - SUBMITTING REAL ALPACA ORDER
2026-09-15 10:26:18,402 - __main__ - INFO -   Setup: 15_MIN_ORB_LOW
2026-09-15 10:26:18,402 - __main__ - INFO -   Direction: BEARISH
2026-09-15 10:26:18,403 - __main__ - INFO -   Spread: CALL_CREDIT_SPREAD
2026-09-15 10:26:18,403 - __main__ - INFO -   Strikes: 7575 / 7585
2026-09-15 10:26:18,403 - __main__ - INFO -   Credit: $2.00
2026-09-15 10:26:18,403 - __main__ - INFO -   Contracts: 10
2026-09-15 10:26:18,403 - __main__ - INFO - ================================================================================
2026-09-15 10:26:18,525 - api_handler - ERROR - Order failed: 422
2026-09-15 10:26:22,119 - __main__ - INFO - ================================================================================
2026-09-15 10:26:22,119 - __main__ - INFO - SUBMITTING REAL ALPACA ORDER
2026-09-15 10:26:22,119 - __main__ - INFO -   Setup: 15_MIN_ORB_LOW
2026-09-15 10:26:22,120 - __main__ - INFO -   Direction: BEARISH
2026-09-15 10:26:22,120 - __main__ - INFO -   Spread: CALL_CREDIT_SPREAD
2026-09-15 10:26:22,120 - __main__ - INFO -   Strikes: 7575 / 7585
2026-09-15 10:26:22,120 - __main__ - INFO -   Credit: $2.00
2026-09-15 10:26:22,120 - __main__ - INFO -   Contracts: 5
2026-09-15 10:26:22,120 - __main__ - INFO - ================================================================================
2026-09-15 10:26:22,231 - api_handler - ERROR - Order failed: 422
2026-09-15 10:26:34,096 - __main__ - INFO - ================================================================================
2026-09-15 10:26:34,096 - __main__ - INFO - SUBMITTING REAL ALPACA ORDER
2026-09-15 10:26:34,096 - __main__ - INFO -   Setup: 15_MIN_ORB_LOW
2026-09-15 10:26:34,096 - __main__ - INFO -   Direction: BEARISH
2026-09-15 10:26:34,096 - __main__ - INFO -   Spread: CALL_CREDIT_SPREAD
2026-09-15 10:26:34,096 - __main__ - INFO -   Strikes: 7575 / 7585
2026-09-15 10:26:34,096 - __main__ - INFO -   Credit: $2.00
2026-09-15 10:26:34,097 - __main__ - INFO -   Contracts: 10
2026-09-15 10:26:34,097 - __main__ - INFO - ================================================================================
2026-09-15 10:26:34,208 - api_handler - ERROR - Order failed: 422
2026-09-15 10:26:37,845 - __main__ - INFO - ================================================================================
2026-09-15 10:26:37,845 - __main__ - INFO - SUBMITTING REAL ALPACA ORDER
2026-09-15 10:26:37,845 - __main__ - INFO -   Setup: 15_MIN_ORB_LOW
2026-09-15 10:26:37,845 - __main__ - INFO -   Direction: BEARISH
2026-09-15 10:26:37,846 - __main__ - INFO -   Spread: CALL_CREDIT_SPREAD
2026-09-15 10:26:37,846 - __main__ - INFO -   Strikes: 7575 / 7585
2026-09-15 10:26:37,846 - __main__ - INFO -   Credit: $2.00
2026-09-15 10:26:37,846 - __main__ - INFO -   Contracts: 5
2026-09-15 10:26:37,846 - __main__ - INFO - ================================================================================
2026-09-15 10:26:37,968 - api_handler - ERROR - Order failed: 422
2026-09-15 10:26:49,744 - __main__ - INFO - ================================================================================
2026-09-15 10:26:49,744 - __main__ - INFO - SUBMITTING REAL ALPACA ORDER
2026-09-15 10:26:49,744 - __main__ - INFO -   Setup: 15_MIN_ORB_LOW
2026-09-15 10:26:49,744 - __main__ - INFO -   Direction: BEARISH
2026-09-15 10:26:49,744 - __main__ - INFO -   Spread: CALL_CREDIT_SPREAD
2026-09-15 10:26:49,744 - __main__ - INFO -   Strikes: 7575 / 7585
2026-09-15 10:26:49,744 - __main__ - INFO -   Credit: $2.00
2026-09-15 10:26:49,744 - __main__ - INFO -   Contracts: 10
2026-09-15 10:26:49,745 - __main__ - INFO - ================================================================================
2026-09-15 10:26:49,858 - api_handler - ERROR - Order failed: 422
2026-09-15 10:26:53,569 - __main__ - INFO - ================================================================================
2026-09-15 10:26:53,569 - __main__ - INFO - SUBMITTING REAL ALPACA ORDER
2026-09-15 10:26:53,570 - __main__ - INFO -   Setup: 15_MIN_ORB_LOW
2026-09-15 10:26:53,570 - __main__ - INFO -   Direction: BEARISH
2026-09-15 10:26:53,570 - __main__ - INFO -   Spread: CALL_CREDIT_SPREAD
2026-09-15 10:26:53,571 - __main__ - INFO -   Strikes: 7575 / 7585
2026-09-15 10:26:53,571 - __main__ - INFO -   Credit: $2.00
2026-09-15 10:26:53,571 - __main__ - INFO -   Contracts: 5
2026-09-15 10:26:53,571 - __main__ - INFO - ================================================================================
2026-09-15 10:26:53,688 - api_handler - ERROR - Order failed: 422
2026-09-15 10:27:05,421 - __main__ - INFO - ================================================================================
2026-09-15 10:27:05,421 - __main__ - INFO - SUBMITTING REAL ALPACA ORDER
2026-09-15 10:27:05,421 - __main__ - INFO -   Setup: 15_MIN_ORB_LOW
2026-09-15 10:27:05,421 - __main__ - INFO -   Direction: BEARISH
2026-09-15 10:27:05,421 - __main__ - INFO -   Spread: CALL_CREDIT_SPREAD
2026-09-15 10:27:05,421 - __main__ - INFO -   Strikes: 7575 / 7585
2026-09-15 10:27:05,422 - __main__ - INFO -   Credit: $2.00
2026-09-15 10:27:05,422 - __main__ - INFO -   Contracts: 10
2026-09-15 10:27:05,422 - __main__ - INFO - ================================================================================
2026-09-15 10:27:05,562 - api_handler - ERROR - Order failed: 422
2026-09-15 10:27:21,109 - __main__ - INFO - ================================================================================
2026-09-15 10:27:21,109 - __main__ - INFO - SUBMITTING REAL ALPACA ORDER
2026-09-15 10:27:21,109 - __main__ - INFO -   Setup: 15_MIN_ORB_LOW
2026-09-15 10:27:21,110 - __main__ - INFO -   Direction: BEARISH
2026-09-15 10:27:21,110 - __main__ - INFO -   Spread: CALL_CREDIT_SPREAD
2026-09-15 10:27:21,110 - __main__ - INFO -   Strikes: 7575 / 7585
2026-09-15 10:27:21,110 - __main__ - INFO -   Credit: $2.00
2026-09-15 10:27:21,110 - __main__ - INFO -   Contracts: 10
2026-09-15 10:27:21,110 - __main__ - INFO - ================================================================================
2026-09-15 10:27:21,225 - api_handler - ERROR - Order failed: 422
2026-09-15 10:27:22,679 - __main__ - INFO - ================================================================================
2026-09-15 10:27:22,680 - __main__ - INFO - SUBMITTING REAL ALPACA ORDER
2026-09-15 10:27:22,680 - __main__ - INFO -   Setup: 15_MIN_ORB_LOW
2026-09-15 10:27:22,681 - __main__ - INFO -   Direction: BEARISH
2026-09-15 10:27:22,682 - __main__ - INFO -   Spread: CALL_CREDIT_SPREAD
2026-09-15 10:27:22,682 - __main__ - INFO -   Strikes: 7575 / 7585
2026-09-15 10:27:22,683 - __main__ - INFO -   Credit: $2.00
2026-09-15 10:27:22,683 - __main__ - INFO -   Contracts: 5
2026-09-15 10:27:22,683 - __main__ - INFO - ================================================================================
2026-09-15 10:27:22,817 - api_handler - ERROR - Order failed: 422
2026-09-15 10:27:36,681 - __main__ - INFO - ================================================================================
2026-09-15 10:27:36,681 - __main__ - INFO - SUBMITTING REAL ALPACA ORDER
2026-09-15 10:27:36,681 - __main__ - INFO -   Setup: 15_MIN_ORB_LOW
2026-09-15 10:27:36,681 - __main__ - INFO -   Direction: BEARISH
2026-09-15 10:27:36,681 - __main__ - INFO -   Spread: CALL_CREDIT_SPREAD
2026-09-15 10:27:36,681 - __main__ - INFO -   Strikes: 7575 / 7585
2026-09-15 10:27:36,681 - __main__ - INFO -   Credit: $2.00
2026-09-15 10:27:36,681 - __main__ - INFO -   Contracts: 10
2026-09-15 10:27:36,681 - __main__ - INFO - ================================================================================
2026-09-15 10:27:36,783 - api_handler - ERROR - Order failed: 422
2026-09-15 10:27:38,256 - __main__ - INFO - ================================================================================
2026-09-15 10:27:38,256 - __main__ - INFO - SUBMITTING REAL ALPACA ORDER
2026-09-15 10:27:38,256 - __main__ - INFO -   Setup: 15_MIN_ORB_LOW
2026-09-15 10:27:38,257 - __main__ - INFO -   Direction: BEARISH
2026-09-15 10:27:38,257 - __main__ - INFO -   Spread: CALL_CREDIT_SPREAD
2026-09-15 10:27:38,257 - __main__ - INFO -   Strikes: 7575 / 7585
2026-09-15 10:27:38,257 - __main__ - INFO -   Credit: $2.00
2026-09-15 10:27:38,257 - __main__ - INFO -   Contracts: 5
2026-09-15 10:27:38,257 - __main__ - INFO - ================================================================================
2026-09-15 10:27:38,353 - api_handler - ERROR - Order failed: 422
2026-09-15 10:27:52,393 - __main__ - INFO - ================================================================================
2026-09-15 10:27:52,393 - __main__ - INFO - SUBMITTING REAL ALPACA ORDER
2026-09-15 10:27:52,393 - __main__ - INFO -   Setup: 15_MIN_ORB_LOW
2026-09-15 10:27:52,393 - __main__ - INFO -   Direction: BEARISH
2026-09-15 10:27:52,394 - __main__ - INFO -   Spread: CALL_CREDIT_SPREAD
2026-09-15 10:27:52,394 - __main__ - INFO -   Strikes: 7575 / 7585
2026-09-15 10:27:52,394 - __main__ - INFO -   Credit: $2.00
2026-09-15 10:27:52,394 - __main__ - INFO -   Contracts: 10
2026-09-15 10:27:52,394 - __main__ - INFO - ================================================================================
2026-09-15 10:27:52,517 - api_handler - ERROR - Order failed: 422
2026-09-15 10:27:53,859 - __main__ - INFO - ================================================================================
2026-09-15 10:27:53,859 - __main__ - INFO - SUBMITTING REAL ALPACA ORDER
2026-09-15 10:27:53,859 - __main__ - INFO -   Setup: 15_MIN_ORB_LOW
2026-09-15 10:27:53,859 - __main__ - INFO -   Direction: BEARISH
2026-09-15 10:27:53,859 - __main__ - INFO -   Spread: CALL_CREDIT_SPREAD
2026-09-15 10:27:53,859 - __main__ - INFO -   Strikes: 7575 / 7585
2026-09-15 10:27:53,860 - __main__ - INFO -   Credit: $2.00
2026-09-15 10:27:53,860 - __main__ - INFO -   Contracts: 5
2026-09-15 10:27:53,860 - __main__ - INFO - ================================================================================
2026-09-15 10:27:53,967 - api_handler - ERROR - Order failed: 422
2026-09-15 10:28:07,986 - __main__ - INFO - ================================================================================
2026-09-15 10:28:07,987 - __main__ - INFO - SUBMITTING REAL ALPACA ORDER
2026-09-15 10:28:07,987 - __main__ - INFO -   Setup: 15_MIN_ORB_LOW
2026-09-15 10:28:07,987 - __main__ - INFO -   Direction: BEARISH
2026-09-15 10:28:07,987 - __main__ - INFO -   Spread: CALL_CREDIT_SPREAD
2026-09-15 10:28:07,987 - __main__ - INFO -   Strikes: 7575 / 7585
2026-09-15 10:28:07,987 - __main__ - INFO -   Credit: $2.00
2026-09-15 10:28:07,987 - __main__ - INFO -   Contracts: 10
2026-09-15 10:28:07,987 - __main__ - INFO - ================================================================================
2026-09-15 10:28:08,107 - api_handler - ERROR - Order failed: 422
2026-09-15 10:28:09,553 - __main__ - INFO - ================================================================================
2026-09-15 10:28:09,553 - __main__ - INFO - SUBMITTING REAL ALPACA ORDER
2026-09-15 10:28:09,553 - __main__ - INFO -   Setup: 15_MIN_ORB_LOW
2026-09-15 10:28:09,553 - __main__ - INFO -   Direction: BEARISH
2026-09-15 10:28:09,553 - __main__ - INFO -   Spread: CALL_CREDIT_SPREAD
2026-09-15 10:28:09,554 - __main__ - INFO -   Strikes: 7575 / 7585
2026-09-15 10:28:09,554 - __main__ - INFO -   Credit: $2.00
2026-09-15 10:28:09,554 - __main__ - INFO -   Contracts: 5
2026-09-15 10:28:09,554 - __main__ - INFO - ================================================================================
2026-09-15 10:28:09,670 - api_handler - ERROR - Order failed: 422
2026-09-15 10:28:23,639 - __main__ - INFO - ================================================================================
2026-09-15 10:28:23,640 - __main__ - INFO - SUBMITTING REAL ALPACA ORDER
2026-09-15 10:28:23,640 - __main__ - INFO -   Setup: 15_MIN_ORB_LOW
2026-09-15 10:28:23,640 - __main__ - INFO -   Direction: BEARISH
2026-09-15 10:28:23,640 - __main__ - INFO -   Spread: CALL_CREDIT_SPREAD
2026-09-15 10:28:23,641 - __main__ - INFO -   Strikes: 7575 / 7585
2026-09-15 10:28:23,641 - __main__ - INFO -   Credit: $2.00
2026-09-15 10:28:23,641 - __main__ - INFO -   Contracts: 10
2026-09-15 10:28:23,641 - __main__ - INFO - ================================================================================
2026-09-15 10:28:23,768 - api_handler - ERROR - Order failed: 422
2026-09-15 10:28:25,115 - __main__ - INFO - ================================================================================
2026-09-15 10:28:25,115 - __main__ - INFO - SUBMITTING REAL ALPACA ORDER
2026-09-15 10:28:25,115 - __main__ - INFO -   Setup: 15_MIN_ORB_LOW
2026-09-15 10:28:25,115 - __main__ - INFO -   Direction: BEARISH
2026-09-15 10:28:25,115 - __main__ - INFO -   Spread: CALL_CREDIT_SPREAD
2026-09-15 10:28:25,115 - __main__ - INFO -   Strikes: 7575 / 7585
2026-09-15 10:28:25,115 - __main__ - INFO -   Credit: $2.00
2026-09-15 10:28:25,116 - __main__ - INFO -   Contracts: 5
2026-09-15 10:28:25,116 - __main__ - INFO - ================================================================================
2026-09-15 10:28:25,222 - api_handler - ERROR - Order failed: 422
2026-09-15 10:28:39,314 - __main__ - INFO - ================================================================================
2026-09-15 10:28:39,314 - __main__ - INFO - SUBMITTING REAL ALPACA ORDER
2026-09-15 10:28:39,314 - __main__ - INFO -   Setup: 15_MIN_ORB_LOW
2026-09-15 10:28:39,314 - __main__ - INFO -   Direction: BEARISH
2026-09-15 10:28:39,314 - __main__ - INFO -   Spread: CALL_CREDIT_SPREAD
2026-09-15 10:28:39,315 - __main__ - INFO -   Strikes: 7575 / 7585
2026-09-15 10:28:39,315 - __main__ - INFO -   Credit: $2.00
2026-09-15 10:28:39,315 - __main__ - INFO -   Contracts: 10
2026-09-15 10:28:39,315 - __main__ - INFO - ================================================================================
2026-09-15 10:28:39,427 - api_handler - ERROR - Order failed: 422
2026-09-15 10:28:41,014 - __main__ - INFO - ================================================================================
2026-09-15 10:28:41,014 - __main__ - INFO - SUBMITTING REAL ALPACA ORDER
2026-09-15 10:28:41,014 - __main__ - INFO -   Setup: 15_MIN_ORB_LOW
2026-09-15 10:28:41,014 - __main__ - INFO -   Direction: BEARISH
2026-09-15 10:28:41,014 - __main__ - INFO -   Spread: CALL_CREDIT_SPREAD
2026-09-15 10:28:41,015 - __main__ - INFO -   Strikes: 7575 / 7585
2026-09-15 10:28:41,015 - __main__ - INFO -   Credit: $2.00
2026-09-15 10:28:41,015 - __main__ - INFO -   Contracts: 5
2026-09-15 10:28:41,015 - __main__ - INFO - ================================================================================
2026-09-15 10:28:41,122 - api_handler - ERROR - Order failed: 422
2026-09-15 10:28:55,054 - __main__ - INFO - ================================================================================
2026-09-15 10:28:55,054 - __main__ - INFO - SUBMITTING REAL ALPACA ORDER
2026-09-15 10:28:55,054 - __main__ - INFO -   Setup: 15_MIN_ORB_LOW
2026-09-15 10:28:55,054 - __main__ - INFO -   Direction: BEARISH
2026-09-15 10:28:55,055 - __main__ - INFO -   Spread: CALL_CREDIT_SPREAD
2026-09-15 10:28:55,055 - __main__ - INFO -   Strikes: 7575 / 7585
2026-09-15 10:28:55,055 - __main__ - INFO -   Credit: $2.00
2026-09-15 10:28:55,055 - __main__ - INFO -   Contracts: 10
2026-09-15 10:28:55,055 - __main__ - INFO - ================================================================================
2026-09-15 10:28:55,177 - api_handler - ERROR - Order failed: 422
2026-09-15 10:28:56,625 - __main__ - INFO - ================================================================================
2026-09-15 10:28:56,625 - __main__ - INFO - SUBMITTING REAL ALPACA ORDER
2026-09-15 10:28:56,625 - __main__ - INFO -   Setup: 15_MIN_ORB_LOW
2026-09-15 10:28:56,625 - __main__ - INFO -   Direction: BEARISH
2026-09-15 10:28:56,626 - __main__ - INFO -   Spread: CALL_CREDIT_SPREAD
2026-09-15 10:28:56,626 - __main__ - INFO -   Strikes: 7575 / 7585
2026-09-15 10:28:56,626 - __main__ - INFO -   Credit: $2.00
2026-09-15 10:28:56,626 - __main__ - INFO -   Contracts: 5
2026-09-15 10:28:56,626 - __main__ - INFO - ================================================================================
2026-09-15 10:28:56,756 - api_handler - ERROR - Order failed: 422
2026-09-15 10:29:10,688 - __main__ - INFO - ================================================================================
2026-09-15 10:29:10,688 - __main__ - INFO - SUBMITTING REAL ALPACA ORDER
2026-09-15 10:29:10,688 - __main__ - INFO -   Setup: 15_MIN_ORB_LOW
2026-09-15 10:29:10,689 - __main__ - INFO -   Direction: BEARISH
2026-09-15 10:29:10,689 - __main__ - INFO -   Spread: CALL_CREDIT_SPREAD
2026-09-15 10:29:10,689 - __main__ - INFO -   Strikes: 7575 / 7585
2026-09-15 10:29:10,689 - __main__ - INFO -   Credit: $2.00
2026-09-15 10:29:10,689 - __main__ - INFO -   Contracts: 10
2026-09-15 10:29:10,689 - __main__ - INFO - ================================================================================
2026-09-15 10:29:10,799 - api_handler - ERROR - Order failed: 422
2026-09-15 10:29:12,215 - __main__ - INFO - ================================================================================
2026-09-15 10:29:12,216 - __main__ - INFO - SUBMITTING REAL ALPACA ORDER
2026-09-15 10:29:12,216 - __main__ - INFO -   Setup: 15_MIN_ORB_LOW
2026-09-15 10:29:12,216 - __main__ - INFO -   Direction: BEARISH
2026-09-15 10:29:12,216 - __main__ - INFO -   Spread: CALL_CREDIT_SPREAD
2026-09-15 10:29:12,216 - __main__ - INFO -   Strikes: 7575 / 7585
2026-09-15 10:29:12,216 - __main__ - INFO -   Credit: $2.00
2026-09-15 10:29:12,216 - __main__ - INFO -   Contracts: 5
2026-09-15 10:29:12,216 - __main__ - INFO - ================================================================================
2026-09-15 10:29:12,387 - api_handler - ERROR - Order failed: 422
2026-09-15 10:29:26,247 - __main__ - INFO - ================================================================================
2026-09-15 10:29:26,247 - __main__ - INFO - SUBMITTING REAL ALPACA ORDER
2026-09-15 10:29:26,247 - __main__ - INFO -   Setup: 15_MIN_ORB_LOW
2026-09-15 10:29:26,247 - __main__ - INFO -   Direction: BEARISH
2026-09-15 10:29:26,247 - __main__ - INFO -   Spread: CALL_CREDIT_SPREAD
2026-09-15 10:29:26,247 - __main__ - INFO -   Strikes: 7575 / 7585
2026-09-15 10:29:26,247 - __main__ - INFO -   Credit: $2.00
2026-09-15 10:29:26,248 - __main__ - INFO -   Contracts: 10
2026-09-15 10:29:26,248 - __main__ - INFO - ================================================================================
2026-09-15 10:29:26,356 - api_handler - ERROR - Order failed: 422
2026-09-15 10:29:27,871 - __main__ - INFO - ================================================================================
2026-09-15 10:29:27,871 - __main__ - INFO - SUBMITTING REAL ALPACA ORDER
2026-09-15 10:29:27,871 - __main__ - INFO -   Setup: 15_MIN_ORB_LOW
2026-09-15 10:29:27,872 - __main__ - INFO -   Direction: BEARISH
2026-09-15 10:29:27,872 - __main__ - INFO -   Spread: CALL_CREDIT_SPREAD
2026-09-15 10:29:27,872 - __main__ - INFO -   Strikes: 7575 / 7585
2026-09-15 10:29:27,872 - __main__ - INFO -   Credit: $2.00
2026-09-15 10:29:27,872 - __main__ - INFO -   Contracts: 5
2026-09-15 10:29:27,872 - __main__ - INFO - ================================================================================
2026-09-15 10:29:28,000 - api_handler - ERROR - Order failed: 422
2026-09-15 10:29:41,863 - __main__ - INFO - ================================================================================
2026-09-15 10:29:41,863 - __main__ - INFO - SUBMITTING REAL ALPACA ORDER
2026-09-15 10:29:41,863 - __main__ - INFO -   Setup: 15_MIN_ORB_LOW
2026-09-15 10:29:41,864 - __main__ - INFO -   Direction: BEARISH
2026-09-15 10:29:41,864 - __main__ - INFO -   Spread: CALL_CREDIT_SPREAD
2026-09-15 10:29:41,864 - __main__ - INFO -   Strikes: 7575 / 7585
2026-09-15 10:29:41,864 - __main__ - INFO -   Credit: $2.00
2026-09-15 10:29:41,864 - __main__ - INFO -   Contracts: 10
2026-09-15 10:29:41,864 - __main__ - INFO - ================================================================================
2026-09-15 10:29:41,999 - api_handler - ERROR - Order failed: 422
2026-09-15 10:29:43,515 - __main__ - INFO - ================================================================================
2026-09-15 10:29:43,516 - __main__ - INFO - SUBMITTING REAL ALPACA ORDER
2026-09-15 10:29:43,516 - __main__ - INFO -   Setup: 15_MIN_ORB_LOW
2026-09-15 10:29:43,516 - __main__ - INFO -   Direction: BEARISH
2026-09-15 10:29:43,516 - __main__ - INFO -   Spread: CALL_CREDIT_SPREAD
2026-09-15 10:29:43,516 - __main__ - INFO -   Strikes: 7575 / 7585
2026-09-15 10:29:43,517 - __main__ - INFO -   Credit: $2.00
2026-09-15 10:29:43,517 - __main__ - INFO -   Contracts: 5
2026-09-15 10:29:43,517 - __main__ - INFO - ================================================================================
2026-09-15 10:29:43,650 - api_handler - ERROR - Order failed: 422
2026-09-15 10:29:57,515 - __main__ - INFO - ================================================================================
2026-09-15 10:29:57,515 - __main__ - INFO - SUBMITTING REAL ALPACA ORDER
2026-09-15 10:29:57,515 - __main__ - INFO -   Setup: 15_MIN_ORB_LOW
2026-09-15 10:29:57,515 - __main__ - INFO -   Direction: BEARISH
2026-09-15 10:29:57,515 - __main__ - INFO -   Spread: CALL_CREDIT_SPREAD
2026-09-15 10:29:57,515 - __main__ - INFO -   Strikes: 7575 / 7585
2026-09-15 10:29:57,516 - __main__ - INFO -   Credit: $2.00
2026-09-15 10:29:57,516 - __main__ - INFO -   Contracts: 10
2026-09-15 10:29:57,516 - __main__ - INFO - ================================================================================
2026-09-15 10:29:57,646 - api_handler - ERROR - Order failed: 422
2026-09-15 10:29:59,165 - __main__ - INFO - ================================================================================
2026-09-15 10:29:59,166 - __main__ - INFO - SUBMITTING REAL ALPACA ORDER
2026-09-15 10:29:59,166 - __main__ - INFO -   Setup: 15_MIN_ORB_LOW
2026-09-15 10:29:59,166 - __main__ - INFO -   Direction: BEARISH
2026-09-15 10:29:59,166 - __main__ - INFO -   Spread: CALL_CREDIT_SPREAD
2026-09-15 10:29:59,166 - __main__ - INFO -   Strikes: 7575 / 7585
2026-09-15 10:29:59,166 - __main__ - INFO -   Credit: $2.00
2026-09-15 10:29:59,166 - __main__ - INFO -   Contracts: 5
2026-09-15 10:29:59,166 - __main__ - INFO - ================================================================================
2026-09-15 10:29:59,285 - api_handler - ERROR - Order failed: 422
2026-09-15 10:30:13,299 - __main__ - INFO - ================================================================================
2026-09-15 10:30:13,299 - __main__ - INFO - SUBMITTING REAL ALPACA ORDER
2026-09-15 10:30:13,299 - __main__ - INFO -   Setup: 15_MIN_ORB_LOW
2026-09-15 10:30:13,299 - __main__ - INFO -   Direction: BEARISH
2026-09-15 10:30:13,299 - __main__ - INFO -   Spread: CALL_CREDIT_SPREAD
2026-09-15 10:30:13,299 - __main__ - INFO -   Strikes: 7575 / 7585
2026-09-15 10:30:13,299 - __main__ - INFO -   Credit: $2.00
2026-09-15 10:30:13,300 - __main__ - INFO -   Contracts: 10
2026-09-15 10:30:13,300 - __main__ - INFO - ================================================================================
2026-09-15 10:30:13,411 - api_handler - ERROR - Order failed: 422
2026-09-15 10:30:14,806 - __main__ - INFO - ================================================================================
2026-09-15 10:30:14,806 - __main__ - INFO - SUBMITTING REAL ALPACA ORDER
2026-09-15 10:30:14,806 - __main__ - INFO -   Setup: 15_MIN_ORB_LOW
2026-09-15 10:30:14,806 - __main__ - INFO -   Direction: BEARISH
2026-09-15 10:30:14,806 - __main__ - INFO -   Spread: CALL_CREDIT_SPREAD
2026-09-15 10:30:14,806 - __main__ - INFO -   Strikes: 7575 / 7585
2026-09-15 10:30:14,807 - __main__ - INFO -   Credit: $2.00
2026-09-15 10:30:14,807 - __main__ - INFO -   Contracts: 5
2026-09-15 10:30:14,807 - __main__ - INFO - ================================================================================
2026-09-15 10:30:14,938 - api_handler - ERROR - Order failed: 422
2026-09-15 10:30:28,928 - __main__ - INFO - ================================================================================
2026-09-15 10:30:28,928 - __main__ - INFO - SUBMITTING REAL ALPACA ORDER
2026-09-15 10:30:28,928 - __main__ - INFO -   Setup: 15_MIN_ORB_LOW
2026-09-15 10:30:28,929 - __main__ - INFO -   Direction: BEARISH
2026-09-15 10:30:28,929 - __main__ - INFO -   Spread: CALL_CREDIT_SPREAD
2026-09-15 10:30:28,929 - __main__ - INFO -   Strikes: 7575 / 7585
2026-09-15 10:30:28,929 - __main__ - INFO -   Credit: $2.00
2026-09-15 10:30:28,929 - __main__ - INFO -   Contracts: 10
2026-09-15 10:30:28,929 - __main__ - INFO - ================================================================================
2026-09-15 10:30:29,033 - api_handler - ERROR - Order failed: 422
2026-09-15 10:30:30,455 - __main__ - INFO - ================================================================================
2026-09-15 10:30:30,455 - __main__ - INFO - SUBMITTING REAL ALPACA ORDER
2026-09-15 10:30:30,456 - __main__ - INFO -   Setup: 15_MIN_ORB_LOW
2026-09-15 10:30:30,456 - __main__ - INFO -   Direction: BEARISH
2026-09-15 10:30:30,456 - __main__ - INFO -   Spread: CALL_CREDIT_SPREAD
2026-09-15 10:30:30,456 - __main__ - INFO -   Strikes: 7575 / 7585
2026-09-15 10:30:30,456 - __main__ - INFO -   Credit: $2.00
2026-09-15 10:30:30,456 - __main__ - INFO -   Contracts: 5
2026-09-15 10:30:30,456 - __main__ - INFO - ================================================================================
2026-09-15 10:30:30,572 - api_handler - ERROR - Order failed: 422
2026-09-15 10:30:44,645 - __main__ - INFO - ================================================================================
2026-09-15 10:30:44,645 - __main__ - INFO - SUBMITTING REAL ALPACA ORDER
2026-09-15 10:30:44,646 - __main__ - INFO -   Setup: 15_MIN_ORB_LOW
2026-09-15 10:30:44,646 - __main__ - INFO -   Direction: BEARISH
2026-09-15 10:30:44,646 - __main__ - INFO -   Spread: CALL_CREDIT_SPREAD
2026-09-15 10:30:44,646 - __main__ - INFO -   Strikes: 7575 / 7585
2026-09-15 10:30:44,646 - __main__ - INFO -   Credit: $2.00
2026-09-15 10:30:44,646 - __main__ - INFO -   Contracts: 10
2026-09-15 10:30:44,646 - __main__ - INFO - ================================================================================
2026-09-15 10:30:44,769 - api_handler - ERROR - Order failed: 422
2026-09-15 10:30:46,171 - __main__ - INFO - ================================================================================
2026-09-15 10:30:46,172 - __main__ - INFO - SUBMITTING REAL ALPACA ORDER
2026-09-15 10:30:46,172 - __main__ - INFO -   Setup: 15_MIN_ORB_LOW
2026-09-15 10:30:46,172 - __main__ - INFO -   Direction: BEARISH
2026-09-15 10:30:46,172 - __main__ - INFO -   Spread: CALL_CREDIT_SPREAD
2026-09-15 10:30:46,173 - __main__ - INFO -   Strikes: 7575 / 7585
2026-09-15 10:30:46,173 - __main__ - INFO -   Credit: $2.00
2026-09-15 10:30:46,173 - __main__ - INFO -   Contracts: 5
2026-09-15 10:30:46,173 - __main__ - INFO - ================================================================================
2026-09-15 10:30:46,306 - api_handler - ERROR - Order failed: 422
2026-09-15 10:31:00,257 - __main__ - INFO - ================================================================================
2026-09-15 10:31:00,257 - __main__ - INFO - SUBMITTING REAL ALPACA ORDER
2026-09-15 10:31:00,257 - __main__ - INFO -   Setup: 15_MIN_ORB_LOW
2026-09-15 10:31:00,257 - __main__ - INFO -   Direction: BEARISH
2026-09-15 10:31:00,258 - __main__ - INFO -   Spread: CALL_CREDIT_SPREAD
2026-09-15 10:31:00,258 - __main__ - INFO -   Strikes: 7575 / 7585
2026-09-15 10:31:00,258 - __main__ - INFO -   Credit: $2.00
2026-09-15 10:31:00,258 - __main__ - INFO -   Contracts: 10
2026-09-15 10:31:00,258 - __main__ - INFO - ================================================================================
2026-09-15 10:31:00,408 - api_handler - ERROR - Order failed: 422
2026-09-15 10:31:01,862 - __main__ - INFO - ================================================================================
2026-09-15 10:31:01,863 - __main__ - INFO - SUBMITTING REAL ALPACA ORDER
2026-09-15 10:31:01,863 - __main__ - INFO -   Setup: 15_MIN_ORB_LOW
2026-09-15 10:31:01,863 - __main__ - INFO -   Direction: BEARISH
2026-09-15 10:31:01,863 - __main__ - INFO -   Spread: CALL_CREDIT_SPREAD
2026-09-15 10:31:01,863 - __main__ - INFO -   Strikes: 7575 / 7585
2026-09-15 10:31:01,863 - __main__ - INFO -   Credit: $2.00
2026-09-15 10:31:01,863 - __main__ - INFO -   Contracts: 5
2026-09-15 10:31:01,863 - __main__ - INFO - ================================================================================
2026-09-15 10:31:02,150 - api_handler - ERROR - Order failed: 422
2026-09-15 10:31:16,016 - __main__ - INFO - ================================================================================
2026-09-15 10:31:16,017 - __main__ - INFO - SUBMITTING REAL ALPACA ORDER
2026-09-15 10:31:16,017 - __main__ - INFO -   Setup: 15_MIN_ORB_LOW
2026-09-15 10:31:16,017 - __main__ - INFO -   Direction: BEARISH
2026-09-15 10:31:16,017 - __main__ - INFO -   Spread: CALL_CREDIT_SPREAD
2026-09-15 10:31:16,018 - __main__ - INFO -   Strikes: 7575 / 7585
2026-09-15 10:31:16,018 - __main__ - INFO -   Credit: $2.00
2026-09-15 10:31:16,018 - __main__ - INFO -   Contracts: 10
2026-09-15 10:31:16,018 - __main__ - INFO - ================================================================================
2026-09-15 10:31:16,131 - api_handler - ERROR - Order failed: 422
2026-09-15 10:31:17,660 - __main__ - INFO - ================================================================================
2026-09-15 10:31:17,661 - __main__ - INFO - SUBMITTING REAL ALPACA ORDER
2026-09-15 10:31:17,661 - __main__ - INFO -   Setup: 15_MIN_ORB_LOW
2026-09-15 10:31:17,661 - __main__ - INFO -   Direction: BEARISH
2026-09-15 10:31:17,661 - __main__ - INFO -   Spread: CALL_CREDIT_SPREAD
2026-09-15 10:31:17,661 - __main__ - INFO -   Strikes: 7575 / 7585
2026-09-15 10:31:17,661 - __main__ - INFO -   Credit: $2.00
2026-09-15 10:31:17,661 - __main__ - INFO -   Contracts: 5
2026-09-15 10:31:17,661 - __main__ - INFO - ================================================================================
2026-09-15 10:31:17,799 - api_handler - ERROR - Order failed: 422
2026-09-15 10:31:31,710 - __main__ - INFO - ================================================================================
2026-09-15 10:31:31,710 - __main__ - INFO - SUBMITTING REAL ALPACA ORDER
2026-09-15 10:31:31,710 - __main__ - INFO -   Setup: 15_MIN_ORB_LOW
2026-09-15 10:31:31,710 - __main__ - INFO -   Direction: BEARISH
2026-09-15 10:31:31,710 - __main__ - INFO -   Spread: CALL_CREDIT_SPREAD
2026-09-15 10:31:31,711 - __main__ - INFO -   Strikes: 7575 / 7585
2026-09-15 10:31:31,711 - __main__ - INFO -   Credit: $2.00
2026-09-15 10:31:31,711 - __main__ - INFO -   Contracts: 10
2026-09-15 10:31:31,711 - __main__ - INFO - ================================================================================
2026-09-15 10:31:31,840 - api_handler - ERROR - Order failed: 422
2026-09-15 10:31:33,340 - __main__ - INFO - ================================================================================
2026-09-15 10:31:33,340 - __main__ - INFO - SUBMITTING REAL ALPACA ORDER
2026-09-15 10:31:33,340 - __main__ - INFO -   Setup: 15_MIN_ORB_LOW
2026-09-15 10:31:33,340 - __main__ - INFO -   Direction: BEARISH
2026-09-15 10:31:33,340 - __main__ - INFO -   Spread: CALL_CREDIT_SPREAD
2026-09-15 10:31:33,341 - __main__ - INFO -   Strikes: 7575 / 7585
2026-09-15 10:31:33,341 - __main__ - INFO -   Credit: $2.00
2026-09-15 10:31:33,341 - __main__ - INFO -   Contracts: 5
2026-09-15 10:31:33,341 - __main__ - INFO - ================================================================================
2026-09-15 10:31:33,459 - api_handler - ERROR - Order failed: 422
2026-09-15 10:31:47,444 - __main__ - INFO - ================================================================================
2026-09-15 10:31:47,444 - __main__ - INFO - SUBMITTING REAL ALPACA ORDER
2026-09-15 10:31:47,444 - __main__ - INFO -   Setup: 15_MIN_ORB_LOW
2026-09-15 10:31:47,444 - __main__ - INFO -   Direction: BEARISH
2026-09-15 10:31:47,444 - __main__ - INFO -   Spread: CALL_CREDIT_SPREAD
2026-09-15 10:31:47,445 - __main__ - INFO -   Strikes: 7575 / 7585
2026-09-15 10:31:47,445 - __main__ - INFO -   Credit: $2.00
2026-09-15 10:31:47,445 - __main__ - INFO -   Contracts: 10
2026-09-15 10:31:47,445 - __main__ - INFO - ================================================================================
2026-09-15 10:31:47,561 - api_handler - ERROR - Order failed: 422
2026-09-15 10:31:49,013 - __main__ - INFO - ================================================================================
2026-09-15 10:31:49,014 - __main__ - INFO - SUBMITTING REAL ALPACA ORDER
2026-09-15 10:31:49,014 - __main__ - INFO -   Setup: 15_MIN_ORB_LOW
2026-09-15 10:31:49,014 - __main__ - INFO -   Direction: BEARISH
2026-09-15 10:31:49,014 - __main__ - INFO -   Spread: CALL_CREDIT_SPREAD
2026-09-15 10:31:49,014 - __main__ - INFO -   Strikes: 7575 / 7585
2026-09-15 10:31:49,014 - __main__ - INFO -   Credit: $2.00
2026-09-15 10:31:49,015 - __main__ - INFO -   Contracts: 5
2026-09-15 10:31:49,015 - __main__ - INFO - ================================================================================
2026-09-15 10:31:49,214 - api_handler - ERROR - Order failed: 422
2026-09-15 10:32:03,149 - __main__ - INFO - ================================================================================
2026-09-15 10:32:03,149 - __main__ - INFO - SUBMITTING REAL ALPACA ORDER
2026-09-15 10:32:03,149 - __main__ - INFO -   Setup: 15_MIN_ORB_LOW
2026-09-15 10:32:03,149 - __main__ - INFO -   Direction: BEARISH
2026-09-15 10:32:03,150 - __main__ - INFO -   Spread: CALL_CREDIT_SPREAD
2026-09-15 10:32:03,150 - __main__ - INFO -   Strikes: 7575 / 7585
2026-09-15 10:32:03,150 - __main__ - INFO -   Credit: $2.00
2026-09-15 10:32:03,150 - __main__ - INFO -   Contracts: 10
2026-09-15 10:32:03,150 - __main__ - INFO - ================================================================================
2026-09-15 10:32:03,297 - api_handler - ERROR - Order failed: 422
2026-09-15 10:32:04,745 - __main__ - INFO - ================================================================================
2026-09-15 10:32:04,745 - __main__ - INFO - SUBMITTING REAL ALPACA ORDER
2026-09-15 10:32:04,745 - __main__ - INFO -   Setup: 15_MIN_ORB_LOW
2026-09-15 10:32:04,745 - __main__ - INFO -   Direction: BEARISH
2026-09-15 10:32:04,745 - __main__ - INFO -   Spread: CALL_CREDIT_SPREAD
2026-09-15 10:32:04,746 - __main__ - INFO -   Strikes: 7575 / 7585
2026-09-15 10:32:04,746 - __main__ - INFO -   Credit: $2.00
2026-09-15 10:32:04,746 - __main__ - INFO -   Contracts: 5
2026-09-15 10:32:04,746 - __main__ - INFO - ================================================================================
2026-09-15 10:32:04,877 - api_handler - ERROR - Order failed: 422
2026-09-15 10:32:18,866 - __main__ - INFO - ================================================================================
2026-09-15 10:32:18,866 - __main__ - INFO - SUBMITTING REAL ALPACA ORDER
2026-09-15 10:32:18,866 - __main__ - INFO -   Setup: 15_MIN_ORB_LOW
2026-09-15 10:32:18,867 - __main__ - INFO -   Direction: BEARISH
2026-09-15 10:32:18,867 - __main__ - INFO -   Spread: CALL_CREDIT_SPREAD
2026-09-15 10:32:18,867 - __main__ - INFO -   Strikes: 7575 / 7585
2026-09-15 10:32:18,867 - __main__ - INFO -   Credit: $2.00
2026-09-15 10:32:18,868 - __main__ - INFO -   Contracts: 10
2026-09-15 10:32:18,868 - __main__ - INFO - ================================================================================
2026-09-15 10:32:18,992 - api_handler - ERROR - Order failed: 422
2026-09-15 10:32:20,436 - __main__ - INFO - ================================================================================
2026-09-15 10:32:20,436 - __main__ - INFO - SUBMITTING REAL ALPACA ORDER
2026-09-15 10:32:20,436 - __main__ - INFO -   Setup: 15_MIN_ORB_LOW
2026-09-15 10:32:20,436 - __main__ - INFO -   Direction: BEARISH
2026-09-15 10:32:20,436 - __main__ - INFO -   Spread: CALL_CREDIT_SPREAD
2026-09-15 10:32:20,436 - __main__ - INFO -   Strikes: 7575 / 7585
2026-09-15 10:32:20,436 - __main__ - INFO -   Credit: $2.00
2026-09-15 10:32:20,436 - __main__ - INFO -   Contracts: 5
2026-09-15 10:32:20,437 - __main__ - INFO - ================================================================================
2026-09-15 10:32:20,539 - api_handler - ERROR - Order failed: 422
2026-09-15 10:32:34,552 - __main__ - INFO - ================================================================================
2026-09-15 10:32:34,552 - __main__ - INFO - SUBMITTING REAL ALPACA ORDER
2026-09-15 10:32:34,553 - __main__ - INFO -   Setup: 15_MIN_ORB_LOW
2026-09-15 10:32:34,553 - __main__ - INFO -   Direction: BEARISH
2026-09-15 10:32:34,553 - __main__ - INFO -   Spread: CALL_CREDIT_SPREAD
2026-09-15 10:32:34,553 - __main__ - INFO -   Strikes: 7570 / 7580
2026-09-15 10:32:34,553 - __main__ - INFO -   Credit: $2.00
2026-09-15 10:32:34,554 - __main__ - INFO -   Contracts: 10
2026-09-15 10:32:34,554 - __main__ - INFO - ================================================================================
2026-09-15 10:32:34,667 - api_handler - ERROR - Order failed: 422
2026-09-15 10:32:36,068 - __main__ - INFO - ================================================================================
2026-09-15 10:32:36,068 - __main__ - INFO - SUBMITTING REAL ALPACA ORDER
2026-09-15 10:32:36,068 - __main__ - INFO -   Setup: 15_MIN_ORB_LOW
2026-09-15 10:32:36,069 - __main__ - INFO -   Direction: BEARISH
2026-09-15 10:32:36,069 - __main__ - INFO -   Spread: CALL_CREDIT_SPREAD
2026-09-15 10:32:36,069 - __main__ - INFO -   Strikes: 7570 / 7580
2026-09-15 10:32:36,069 - __main__ - INFO -   Credit: $2.00
2026-09-15 10:32:36,069 - __main__ - INFO -   Contracts: 5
2026-09-15 10:32:36,069 - __main__ - INFO - ================================================================================
2026-09-15 10:32:36,229 - api_handler - ERROR - Order failed: 422
2026-09-15 10:32:50,218 - __main__ - INFO - ================================================================================
2026-09-15 10:32:50,218 - __main__ - INFO - SUBMITTING REAL ALPACA ORDER
2026-09-15 10:32:50,218 - __main__ - INFO -   Setup: 15_MIN_ORB_LOW
2026-09-15 10:32:50,218 - __main__ - INFO -   Direction: BEARISH
2026-09-15 10:32:50,219 - __main__ - INFO -   Spread: CALL_CREDIT_SPREAD
2026-09-15 10:32:50,219 - __main__ - INFO -   Strikes: 7570 / 7580
2026-09-15 10:32:50,219 - __main__ - INFO -   Credit: $2.00
2026-09-15 10:32:50,219 - __main__ - INFO -   Contracts: 10
2026-09-15 10:32:50,220 - __main__ - INFO - ================================================================================
2026-09-15 10:32:50,347 - api_handler - ERROR - Order failed: 422
2026-09-15 10:32:51,794 - __main__ - INFO - ================================================================================
2026-09-15 10:32:51,794 - __main__ - INFO - SUBMITTING REAL ALPACA ORDER
2026-09-15 10:32:51,794 - __main__ - INFO -   Setup: 15_MIN_ORB_LOW
2026-09-15 10:32:51,794 - __main__ - INFO -   Direction: BEARISH
2026-09-15 10:32:51,794 - __main__ - INFO -   Spread: CALL_CREDIT_SPREAD
2026-09-15 10:32:51,794 - __main__ - INFO -   Strikes: 7570 / 7580
2026-09-15 10:32:51,794 - __main__ - INFO -   Credit: $2.00
2026-09-15 10:32:51,795 - __main__ - INFO -   Contracts: 5
2026-09-15 10:32:51,795 - __main__ - INFO - ================================================================================
2026-09-15 10:32:51,897 - api_handler - ERROR - Order failed: 422
2026-09-15 10:33:05,814 - __main__ - INFO - ================================================================================
2026-09-15 10:33:05,814 - __main__ - INFO - SUBMITTING REAL ALPACA ORDER
2026-09-15 10:33:05,814 - __main__ - INFO -   Setup: 15_MIN_ORB_LOW
2026-09-15 10:33:05,814 - __main__ - INFO -   Direction: BEARISH
2026-09-15 10:33:05,814 - __main__ - INFO -   Spread: CALL_CREDIT_SPREAD
2026-09-15 10:33:05,814 - __main__ - INFO -   Strikes: 7570 / 7580
2026-09-15 10:33:05,815 - __main__ - INFO -   Credit: $2.00
2026-09-15 10:33:05,815 - __main__ - INFO -   Contracts: 10
2026-09-15 10:33:05,815 - __main__ - INFO - ================================================================================
2026-09-15 10:33:05,918 - api_handler - ERROR - Order failed: 422
2026-09-15 10:33:07,357 - __main__ - INFO - ================================================================================
2026-09-15 10:33:07,357 - __main__ - INFO - SUBMITTING REAL ALPACA ORDER
2026-09-15 10:33:07,357 - __main__ - INFO -   Setup: 15_MIN_ORB_LOW
2026-09-15 10:33:07,357 - __main__ - INFO -   Direction: BEARISH
2026-09-15 10:33:07,357 - __main__ - INFO -   Spread: CALL_CREDIT_SPREAD
2026-09-15 10:33:07,357 - __main__ - INFO -   Strikes: 7570 / 7580
2026-09-15 10:33:07,358 - __main__ - INFO -   Credit: $2.00
2026-09-15 10:33:07,358 - __main__ - INFO -   Contracts: 5
2026-09-15 10:33:07,358 - __main__ - INFO - ================================================================================
2026-09-15 10:33:07,460 - api_handler - ERROR - Order failed: 422
2026-09-15 10:33:09,017 - __main__ - INFO - 
 ASTRA SCHEDULER STOPPED
2026-09-15 10:33:09,018 - __main__ - INFO - TRADING DAY ENDING AT 12:30 PM
2026-09-15 10:33:09,158 - api_handler - INFO - All orders canceled
2026-09-15 10:33:09,277 - __main__ - INFO -    Final P&L: $0.00
2026-09-15 10:33:09,277 - __main__ - INFO -    Trades: 0
2026-09-15 10:33:09,277 - __main__ - INFO - ================================================================================
2026-09-15 10:33:23,024 - __main__ - INFO - ================================================================================
2026-09-15 10:33:23,024 - __main__ - INFO - SUBMITTING REAL ALPACA ORDER
2026-09-15 10:33:23,025 - __main__ - INFO -   Setup: 15_MIN_ORB_LOW
2026-09-15 10:33:23,025 - __main__ - INFO -   Direction: BEARISH
2026-09-15 10:33:23,025 - __main__ - INFO -   Spread: CALL_CREDIT_SPREAD
2026-09-15 10:33:23,025 - __main__ - INFO -   Strikes: 7570 / 7580
2026-09-15 10:33:23,025 - __main__ - INFO -   Credit: $2.00
2026-09-15 10:33:23,025 - __main__ - INFO -   Contracts: 5
2026-09-15 10:33:23,025 - __main__ - INFO - ================================================================================
2026-09-15 10:33:23,162 - api_handler - ERROR - Order failed: 422
2026-09-15 10:33:38,684 - __main__ - INFO - ================================================================================
2026-09-15 10:33:38,684 - __main__ - INFO - SUBMITTING REAL ALPACA ORDER
2026-09-15 10:33:38,684 - __main__ - INFO -   Setup: 15_MIN_ORB_LOW
2026-09-15 10:33:38,685 - __main__ - INFO -   Direction: BEARISH
2026-09-15 10:33:38,685 - __main__ - INFO -   Spread: CALL_CREDIT_SPREAD
2026-09-15 10:33:38,685 - __main__ - INFO -   Strikes: 7575 / 7585
2026-09-15 10:33:38,685 - __main__ - INFO -   Credit: $2.00
2026-09-15 10:33:38,685 - __main__ - INFO -   Contracts: 5
2026-09-15 10:33:38,686 - __main__ - INFO - ================================================================================
2026-09-15 10:33:38,825 - api_handler - ERROR - Order failed: 422
2026-09-15 10:33:50,793 - api_handler - INFO - Connected to Alpaca
2026-09-15 10:33:50,793 - api_handler - INFO -   Equity: $100000.00
2026-09-15 10:33:50,793 - api_handler - INFO -   Buying Power: $400000.00
2026-09-15 10:33:50,794 - __main__ - INFO - ================================================================================
2026-09-15 10:33:50,794 - __main__ - INFO - ASTRA SCHEDULER INITIALIZED
2026-09-15 10:33:50,794 - __main__ - INFO - Trading: Account 1 ($10000)
2026-09-15 10:33:50,794 - __main__ - INFO - Mode: REAL ALPACA PAPER ORDERS
2026-09-15 10:33:50,795 - __main__ - INFO - ================================================================================
2026-09-15 10:33:50,795 - __main__ - INFO - Schedule configured
2026-09-15 10:33:50,795 - __main__ - INFO -   • 8:00 AM: Start
2026-09-15 10:33:50,795 - __main__ - INFO -   • Every minute: Check signals & manage positions
2026-09-15 10:33:50,795 - __main__ - INFO -   • 12:30 PM: Close all positions
2026-09-15 10:33:50,795 - __main__ - INFO - 
 LATE START DETECTED - Current time: 11:33 
2026-09-15 10:33:50,795 - __main__ - INFO - Starting trading immediately..

2026-09-15 10:33:51,275 - strategy - INFO - Overnight: High 7652.0 / Low 7593.75
2026-09-15 10:33:51,275 - __main__ - INFO - TRADING DAY STARTED
2026-09-15 10:33:51,276 - __main__ - INFO -    Equity: $400,000.00
2026-09-15 10:33:51,276 - __main__ - INFO -    Tier: TIER_5
2026-09-15 10:33:51,276 - __main__ - INFO -    Max Risk: $20,000.00
2026-09-15 10:33:51,277 - __main__ - INFO -    Spread Width: 10 pt
2026-09-15 10:33:51,277 - __main__ - INFO - 
 ASTRA SCHEDULE RUNNING _ PRESS CTRL + C to stop

2026-09-15 10:33:54,392 - __main__ - INFO - ================================================================================
2026-09-15 10:33:54,392 - __main__ - INFO - SUBMITTING REAL ALPACA ORDER
2026-09-15 10:33:54,392 - __main__ - INFO -   Setup: 15_MIN_ORB_LOW
2026-09-15 10:33:54,393 - __main__ - INFO -   Direction: BEARISH
2026-09-15 10:33:54,393 - __main__ - INFO -   Spread: CALL_CREDIT_SPREAD
2026-09-15 10:33:54,393 - __main__ - INFO -   Strikes: 7575 / 7585
2026-09-15 10:33:54,393 - __main__ - INFO -   Credit: $2.00
2026-09-15 10:33:54,393 - __main__ - INFO -   Contracts: 5
2026-09-15 10:33:54,393 - __main__ - INFO - ================================================================================
2026-09-15 10:33:54,558 - api_handler - ERROR - Order failed: 422
2026-09-15 10:34:06,216 - __main__ - INFO - 
 CLAUDE SCHEDULER STOPPED
2026-09-15 10:34:06,217 - __main__ - INFO - TRADING DAY ENDING AT 12:30 PM
2026-09-15 10:34:06,413 - api_handler - INFO - All orders canceled
2026-09-15 10:34:06,558 - __main__ - INFO -    Final P&L: $0.00
2026-09-15 10:34:06,558 - __main__ - INFO -    Trades: 0
2026-09-15 10:34:06,559 - __main__ - INFO - ================================================================================
2026-09-15 10:34:09,314 - api_handler - INFO - Connected to Alpaca
2026-09-15 10:34:09,314 - api_handler - INFO -   Equity: $5000.00
2026-09-15 10:34:09,315 - api_handler - INFO -   Buying Power: $20000.00
2026-09-15 10:34:09,317 - __main__ - INFO - ================================================================================
2026-09-15 10:34:09,317 - __main__ - INFO - ASTRA SCHEDULER INITIALIZED
2026-09-15 10:34:09,317 - __main__ - INFO - Trading: Account 2 ($10000)
2026-09-15 10:34:09,318 - __main__ - INFO - Mode: REAL ALPACA PAPER ORDERS
2026-09-15 10:34:09,318 - __main__ - INFO - ================================================================================
2026-09-15 10:34:09,318 - __main__ - INFO - Schedule configured
2026-09-15 10:34:09,319 - __main__ - INFO -   • 8:00 AM: Start
2026-09-15 10:34:09,319 - __main__ - INFO -   • Every minute: Check signals & manage positions
2026-09-15 10:34:09,319 - __main__ - INFO -   • 12:30 PM: Close all positions
2026-09-15 10:34:09,319 - __main__ - INFO - 
 LATE START DETECTED - Current time: 11:34 
2026-09-15 10:34:09,320 - __main__ - INFO - Starting trading immediately..

2026-09-15 10:34:09,897 - strategy - INFO - Overnight: High 7652.0 / Low 7593.75
2026-09-15 10:34:09,897 - __main__ - INFO - TRADING DAY STARTED
2026-09-15 10:34:09,897 - __main__ - INFO -    Equity: $20,000.00
2026-09-15 10:34:09,898 - __main__ - INFO -    Tier: TIER_3
2026-09-15 10:34:09,898 - __main__ - INFO -    Max Risk: $1,000.00
2026-09-15 10:34:09,898 - __main__ - INFO -    Spread Width: 10 pt
2026-09-15 10:34:09,898 - __main__ - INFO - 
 CLAUDE SCHEDULE RUNNING _ PRESS CTRL + C to stop

2026-09-15 10:34:22,402 - __main__ - INFO - ================================================================================
2026-09-15 10:34:22,403 - __main__ - INFO - SUBMITTING REAL ALPACA ORDER
2026-09-15 10:34:22,403 - __main__ - INFO -   Setup: OVERNIGHT_HIGH_BREAKOUT
2026-09-15 10:34:22,403 - __main__ - INFO -   Direction: BULLISH
2026-09-15 10:34:22,403 - __main__ - INFO -   Spread: PUT_CREDIT_SPREAD
2026-09-15 10:34:22,403 - __main__ - INFO -   Strikes: 7590 / 7580
2026-09-15 10:34:22,404 - __main__ - INFO -   Credit: $2.00
2026-09-15 10:34:22,404 - __main__ - INFO -   Contracts: 10
2026-09-15 10:34:22,404 - __main__ - INFO - ================================================================================
2026-09-15 10:34:22,504 - api_handler - ERROR - Order failed: 422
2026-09-15 10:34:41,072 - __main__ - INFO - ================================================================================
2026-09-15 10:34:41,072 - __main__ - INFO - SUBMITTING REAL ALPACA ORDER
2026-09-15 10:34:41,073 - __main__ - INFO -   Setup: OVERNIGHT_HIGH_BREAKOUT
2026-09-15 10:34:41,073 - __main__ - INFO -   Direction: BULLISH
2026-09-15 10:34:41,073 - __main__ - INFO -   Spread: PUT_CREDIT_SPREAD
2026-09-15 10:34:41,073 - __main__ - INFO -   Strikes: 7595 / 7585
2026-09-15 10:34:41,073 - __main__ - INFO -   Credit: $2.00
2026-09-15 10:34:41,073 - __main__ - INFO -   Contracts: 5
2026-09-15 10:34:41,073 - __main__ - INFO - ================================================================================
2026-09-15 10:34:41,184 - api_handler - ERROR - Order failed: 422
2026-09-15 10:37:44,685 - strategy - INFO - Opening Range (9:30-9:45): High 7682.75 / Low 7677.5
2026-09-15 10:37:44,686 - __main__ - INFO - Opening range established
2026-09-15 10:38:00,672 - __main__ - INFO - ================================================================================
2026-09-15 10:38:00,673 - __main__ - INFO - SUBMITTING REAL ALPACA ORDER
2026-09-15 10:38:00,673 - __main__ - INFO -   Setup: 15_MIN_ORB_LOW
2026-09-15 10:38:00,673 - __main__ - INFO -   Direction: BEARISH
2026-09-15 10:38:00,673 - __main__ - INFO -   Spread: CALL_CREDIT_SPREAD
2026-09-15 10:38:00,673 - __main__ - INFO -   Strikes: 7575 / 7585
2026-09-15 10:38:00,673 - __main__ - INFO -   Credit: $2.00
2026-09-15 10:38:00,673 - __main__ - INFO -   Contracts: 10
2026-09-15 10:38:00,673 - __main__ - INFO - ================================================================================
2026-09-15 10:38:00,808 - api_handler - ERROR - Order failed: 422
2026-09-15 10:38:02,915 - strategy - INFO - Opening Range (9:30-9:45): High 7682.75 / Low 7677.5
2026-09-15 10:38:02,915 - __main__ - INFO - Opening range established
2026-09-15 10:38:16,445 - __main__ - INFO - ================================================================================
2026-09-15 10:38:16,446 - __main__ - INFO - SUBMITTING REAL ALPACA ORDER
2026-09-15 10:38:16,446 - __main__ - INFO -   Setup: 15_MIN_ORB_LOW
2026-09-15 10:38:16,446 - __main__ - INFO -   Direction: BEARISH
2026-09-15 10:38:16,446 - __main__ - INFO -   Spread: CALL_CREDIT_SPREAD
2026-09-15 10:38:16,446 - __main__ - INFO -   Strikes: 7575 / 7585
2026-09-15 10:38:16,446 - __main__ - INFO -   Credit: $2.00
2026-09-15 10:38:16,446 - __main__ - INFO -   Contracts: 10
2026-09-15 10:38:16,446 - __main__ - INFO - ================================================================================
2026-09-15 10:38:16,552 - api_handler - ERROR - Order failed: 422
2026-09-15 10:38:18,805 - __main__ - INFO - ================================================================================
2026-09-15 10:38:18,805 - __main__ - INFO - SUBMITTING REAL ALPACA ORDER
2026-09-15 10:38:18,805 - __main__ - INFO -   Setup: 15_MIN_ORB_LOW
2026-09-15 10:38:18,805 - __main__ - INFO -   Direction: BEARISH
2026-09-15 10:38:18,806 - __main__ - INFO -   Spread: CALL_CREDIT_SPREAD
2026-09-15 10:38:18,806 - __main__ - INFO -   Strikes: 7575 / 7585
2026-09-15 10:38:18,806 - __main__ - INFO -   Credit: $2.00
2026-09-15 10:38:18,806 - __main__ - INFO -   Contracts: 5
2026-09-15 10:38:18,806 - __main__ - INFO - ================================================================================
2026-09-15 10:38:18,943 - api_handler - ERROR - Order failed: 422
2026-09-15 10:38:32,132 - __main__ - INFO - ================================================================================
2026-09-15 10:38:32,132 - __main__ - INFO - SUBMITTING REAL ALPACA ORDER
2026-09-15 10:38:32,132 - __main__ - INFO -   Setup: 15_MIN_ORB_LOW
2026-09-15 10:38:32,133 - __main__ - INFO -   Direction: BEARISH
2026-09-15 10:38:32,133 - __main__ - INFO -   Spread: CALL_CREDIT_SPREAD
2026-09-15 10:38:32,133 - __main__ - INFO -   Strikes: 7575 / 7585
2026-09-15 10:38:32,133 - __main__ - INFO -   Credit: $2.00
2026-09-15 10:38:32,133 - __main__ - INFO -   Contracts: 10
2026-09-15 10:38:32,133 - __main__ - INFO - ================================================================================
2026-09-15 10:38:32,245 - api_handler - ERROR - Order failed: 422
2026-09-15 10:38:34,482 - __main__ - INFO - ================================================================================
2026-09-15 10:38:34,483 - __main__ - INFO - SUBMITTING REAL ALPACA ORDER
2026-09-15 10:38:34,483 - __main__ - INFO -   Setup: 15_MIN_ORB_LOW
2026-09-15 10:38:34,483 - __main__ - INFO -   Direction: BEARISH
2026-09-15 10:38:34,483 - __main__ - INFO -   Spread: CALL_CREDIT_SPREAD
2026-09-15 10:38:34,483 - __main__ - INFO -   Strikes: 7575 / 7585
2026-09-15 10:38:34,483 - __main__ - INFO -   Credit: $2.00
2026-09-15 10:38:34,483 - __main__ - INFO -   Contracts: 5
2026-09-15 10:38:34,484 - __main__ - INFO - ================================================================================
2026-09-15 10:38:34,593 - api_handler - ERROR - Order failed: 422
2026-09-15 10:38:47,813 - __main__ - INFO - ================================================================================
2026-09-15 10:38:47,813 - __main__ - INFO - SUBMITTING REAL ALPACA ORDER
2026-09-15 10:38:47,813 - __main__ - INFO -   Setup: 15_MIN_ORB_LOW
2026-09-15 10:38:47,813 - __main__ - INFO -   Direction: BEARISH
2026-09-15 10:38:47,814 - __main__ - INFO -   Spread: CALL_CREDIT_SPREAD
2026-09-15 10:38:47,814 - __main__ - INFO -   Strikes: 7575 / 7585
2026-09-15 10:38:47,814 - __main__ - INFO -   Credit: $2.00
2026-09-15 10:38:47,814 - __main__ - INFO -   Contracts: 10
2026-09-15 10:38:47,814 - __main__ - INFO - ================================================================================
2026-09-15 10:38:47,931 - api_handler - ERROR - Order failed: 422
2026-09-15 10:38:50,122 - __main__ - INFO - ================================================================================
2026-09-15 10:38:50,122 - __main__ - INFO - SUBMITTING REAL ALPACA ORDER
2026-09-15 10:38:50,122 - __main__ - INFO -   Setup: 15_MIN_ORB_LOW
2026-09-15 10:38:50,122 - __main__ - INFO -   Direction: BEARISH
2026-09-15 10:38:50,122 - __main__ - INFO -   Spread: CALL_CREDIT_SPREAD
2026-09-15 10:38:50,123 - __main__ - INFO -   Strikes: 7575 / 7585
2026-09-15 10:38:50,123 - __main__ - INFO -   Credit: $2.00
2026-09-15 10:38:50,123 - __main__ - INFO -   Contracts: 5
2026-09-15 10:38:50,123 - __main__ - INFO - ================================================================================
2026-09-15 10:38:50,239 - api_handler - ERROR - Order failed: 422
2026-09-15 10:39:03,494 - __main__ - INFO - ================================================================================
2026-09-15 10:39:03,494 - __main__ - INFO - SUBMITTING REAL ALPACA ORDER
2026-09-15 10:39:03,494 - __main__ - INFO -   Setup: 15_MIN_ORB_LOW
2026-09-15 10:39:03,494 - __main__ - INFO -   Direction: BEARISH
2026-09-15 10:39:03,494 - __main__ - INFO -   Spread: CALL_CREDIT_SPREAD
2026-09-15 10:39:03,494 - __main__ - INFO -   Strikes: 7575 / 7585
2026-09-15 10:39:03,495 - __main__ - INFO -   Credit: $2.00
2026-09-15 10:39:03,495 - __main__ - INFO -   Contracts: 10
2026-09-15 10:39:03,495 - __main__ - INFO - ================================================================================
2026-09-15 10:39:03,611 - api_handler - ERROR - Order failed: 422
2026-09-15 10:39:05,762 - __main__ - INFO - ================================================================================
2026-09-15 10:39:05,762 - __main__ - INFO - SUBMITTING REAL ALPACA ORDER
2026-09-15 10:39:05,762 - __main__ - INFO -   Setup: 15_MIN_ORB_LOW
2026-09-15 10:39:05,762 - __main__ - INFO -   Direction: BEARISH
2026-09-15 10:39:05,763 - __main__ - INFO -   Spread: CALL_CREDIT_SPREAD
2026-09-15 10:39:05,763 - __main__ - INFO -   Strikes: 7575 / 7585
2026-09-15 10:39:05,763 - __main__ - INFO -   Credit: $2.00
2026-09-15 10:39:05,763 - __main__ - INFO -   Contracts: 5
2026-09-15 10:39:05,763 - __main__ - INFO - ================================================================================
2026-09-15 10:39:05,891 - api_handler - ERROR - Order failed: 422
2026-09-15 10:39:19,113 - __main__ - INFO - ================================================================================
2026-09-15 10:39:19,113 - __main__ - INFO - SUBMITTING REAL ALPACA ORDER
2026-09-15 10:39:19,113 - __main__ - INFO -   Setup: 15_MIN_ORB_LOW
2026-09-15 10:39:19,113 - __main__ - INFO -   Direction: BEARISH
2026-09-15 10:39:19,114 - __main__ - INFO -   Spread: CALL_CREDIT_SPREAD
2026-09-15 10:39:19,114 - __main__ - INFO -   Strikes: 7575 / 7585
2026-09-15 10:39:19,114 - __main__ - INFO -   Credit: $2.00
2026-09-15 10:39:19,114 - __main__ - INFO -   Contracts: 10
2026-09-15 10:39:19,114 - __main__ - INFO - ================================================================================
2026-09-15 10:39:19,221 - api_handler - ERROR - Order failed: 422
2026-09-15 10:39:21,484 - __main__ - INFO - ================================================================================
2026-09-15 10:39:21,485 - __main__ - INFO - SUBMITTING REAL ALPACA ORDER
2026-09-15 10:39:21,485 - __main__ - INFO -   Setup: 15_MIN_ORB_LOW
2026-09-15 10:39:21,485 - __main__ - INFO -   Direction: BEARISH
2026-09-15 10:39:21,485 - __main__ - INFO -   Spread: CALL_CREDIT_SPREAD
2026-09-15 10:39:21,485 - __main__ - INFO -   Strikes: 7575 / 7585
2026-09-15 10:39:21,485 - __main__ - INFO -   Credit: $2.00
2026-09-15 10:39:21,485 - __main__ - INFO -   Contracts: 5
2026-09-15 10:39:21,485 - __main__ - INFO - ================================================================================
2026-09-15 10:39:21,608 - api_handler - ERROR - Order failed: 422
2026-09-15 10:39:34,830 - __main__ - INFO - ================================================================================
2026-09-15 10:39:34,831 - __main__ - INFO - SUBMITTING REAL ALPACA ORDER
2026-09-15 10:39:34,831 - __main__ - INFO -   Setup: 15_MIN_ORB_LOW
2026-09-15 10:39:34,831 - __main__ - INFO -   Direction: BEARISH
2026-09-15 10:39:34,831 - __main__ - INFO -   Spread: CALL_CREDIT_SPREAD
2026-09-15 10:39:34,831 - __main__ - INFO -   Strikes: 7575 / 7585
2026-09-15 10:39:34,831 - __main__ - INFO -   Credit: $2.00
2026-09-15 10:39:34,832 - __main__ - INFO -   Contracts: 10
2026-09-15 10:39:34,832 - __main__ - INFO - ================================================================================
2026-09-15 10:39:34,943 - api_handler - ERROR - Order failed: 422
2026-09-15 10:39:37,070 - __main__ - INFO - ================================================================================
2026-09-15 10:39:37,070 - __main__ - INFO - SUBMITTING REAL ALPACA ORDER
2026-09-15 10:39:37,070 - __main__ - INFO -   Setup: 15_MIN_ORB_LOW
2026-09-15 10:39:37,070 - __main__ - INFO -   Direction: BEARISH
2026-09-15 10:39:37,071 - __main__ - INFO -   Spread: CALL_CREDIT_SPREAD
2026-09-15 10:39:37,071 - __main__ - INFO -   Strikes: 7575 / 7585
2026-09-15 10:39:37,071 - __main__ - INFO -   Credit: $2.00
2026-09-15 10:39:37,071 - __main__ - INFO -   Contracts: 5
2026-09-15 10:39:37,071 - __main__ - INFO - ================================================================================
2026-09-15 10:39:37,182 - api_handler - ERROR - Order failed: 422
2026-09-15 10:39:50,519 - __main__ - INFO - ================================================================================
2026-09-15 10:39:50,519 - __main__ - INFO - SUBMITTING REAL ALPACA ORDER
2026-09-15 10:39:50,519 - __main__ - INFO -   Setup: 15_MIN_ORB_LOW
2026-09-15 10:39:50,519 - __main__ - INFO -   Direction: BEARISH
2026-09-15 10:39:50,520 - __main__ - INFO -   Spread: CALL_CREDIT_SPREAD
2026-09-15 10:39:50,520 - __main__ - INFO -   Strikes: 7575 / 7585
2026-09-15 10:39:50,520 - __main__ - INFO -   Credit: $2.00
2026-09-15 10:39:50,520 - __main__ - INFO -   Contracts: 10
2026-09-15 10:39:50,521 - __main__ - INFO - ================================================================================
2026-09-15 10:39:50,658 - api_handler - ERROR - Order failed: 422
2026-09-15 10:39:52,756 - __main__ - INFO - ================================================================================
2026-09-15 10:39:52,757 - __main__ - INFO - SUBMITTING REAL ALPACA ORDER
2026-09-15 10:39:52,757 - __main__ - INFO -   Setup: 15_MIN_ORB_LOW
2026-09-15 10:39:52,757 - __main__ - INFO -   Direction: BEARISH
2026-09-15 10:39:52,757 - __main__ - INFO -   Spread: CALL_CREDIT_SPREAD
2026-09-15 10:39:52,758 - __main__ - INFO -   Strikes: 7575 / 7585
2026-09-15 10:39:52,758 - __main__ - INFO -   Credit: $2.00
2026-09-15 10:39:52,758 - __main__ - INFO -   Contracts: 5
2026-09-15 10:39:52,758 - __main__ - INFO - ================================================================================
2026-09-15 10:39:52,924 - api_handler - ERROR - Order failed: 422
2026-09-15 10:40:06,227 - __main__ - INFO - ================================================================================
2026-09-15 10:40:06,227 - __main__ - INFO - SUBMITTING REAL ALPACA ORDER
2026-09-15 10:40:06,228 - __main__ - INFO -   Setup: 15_MIN_ORB_LOW
2026-09-15 10:40:06,228 - __main__ - INFO -   Direction: BEARISH
2026-09-15 10:40:06,228 - __main__ - INFO -   Spread: CALL_CREDIT_SPREAD
2026-09-15 10:40:06,240 - __main__ - INFO -   Strikes: 7575 / 7585
2026-09-15 10:40:06,240 - __main__ - INFO -   Credit: $2.00
2026-09-15 10:40:06,241 - __main__ - INFO -   Contracts: 10
2026-09-15 10:40:06,241 - __main__ - INFO - ================================================================================
2026-09-15 10:40:06,358 - api_handler - ERROR - Order failed: 422
2026-09-15 10:40:08,482 - __main__ - INFO - ================================================================================
2026-09-15 10:40:08,482 - __main__ - INFO - SUBMITTING REAL ALPACA ORDER
2026-09-15 10:40:08,482 - __main__ - INFO -   Setup: 15_MIN_ORB_LOW
2026-09-15 10:40:08,482 - __main__ - INFO -   Direction: BEARISH
2026-09-15 10:40:08,483 - __main__ - INFO -   Spread: CALL_CREDIT_SPREAD
2026-09-15 10:40:08,483 - __main__ - INFO -   Strikes: 7575 / 7585
2026-09-15 10:40:08,483 - __main__ - INFO -   Credit: $2.00
2026-09-15 10:40:08,483 - __main__ - INFO -   Contracts: 5
2026-09-15 10:40:08,483 - __main__ - INFO - ================================================================================
2026-09-15 10:40:08,610 - api_handler - ERROR - Order failed: 422
2026-09-15 10:40:21,891 - __main__ - INFO - ================================================================================
2026-09-15 10:40:21,892 - __main__ - INFO - SUBMITTING REAL ALPACA ORDER
2026-09-15 10:40:21,892 - __main__ - INFO -   Setup: 15_MIN_ORB_LOW
2026-09-15 10:40:21,892 - __main__ - INFO -   Direction: BEARISH
2026-09-15 10:40:21,892 - __main__ - INFO -   Spread: CALL_CREDIT_SPREAD
2026-09-15 10:40:21,892 - __main__ - INFO -   Strikes: 7575 / 7585
2026-09-15 10:40:21,893 - __main__ - INFO -   Credit: $2.00
2026-09-15 10:40:21,893 - __main__ - INFO -   Contracts: 10
2026-09-15 10:40:21,893 - __main__ - INFO - ================================================================================
2026-09-15 10:40:21,998 - api_handler - ERROR - Order failed: 422
2026-09-15 10:40:24,155 - __main__ - INFO - ================================================================================
2026-09-15 10:40:24,155 - __main__ - INFO - SUBMITTING REAL ALPACA ORDER
2026-09-15 10:40:24,155 - __main__ - INFO -   Setup: 15_MIN_ORB_LOW
2026-09-15 10:40:24,156 - __main__ - INFO -   Direction: BEARISH
2026-09-15 10:40:24,156 - __main__ - INFO -   Spread: CALL_CREDIT_SPREAD
2026-09-15 10:40:24,156 - __main__ - INFO -   Strikes: 7575 / 7585
2026-09-15 10:40:24,156 - __main__ - INFO -   Credit: $2.00
2026-09-15 10:40:24,156 - __main__ - INFO -   Contracts: 5
2026-09-15 10:40:24,156 - __main__ - INFO - ================================================================================
2026-09-15 10:40:24,279 - api_handler - ERROR - Order failed: 422
2026-09-15 10:40:37,601 - __main__ - INFO - ================================================================================
2026-09-15 10:40:37,601 - __main__ - INFO - SUBMITTING REAL ALPACA ORDER
2026-09-15 10:40:37,601 - __main__ - INFO -   Setup: 15_MIN_ORB_LOW
2026-09-15 10:40:37,601 - __main__ - INFO -   Direction: BEARISH
2026-09-15 10:40:37,602 - __main__ - INFO -   Spread: CALL_CREDIT_SPREAD
2026-09-15 10:40:37,602 - __main__ - INFO -   Strikes: 7575 / 7585
2026-09-15 10:40:37,602 - __main__ - INFO -   Credit: $2.00
2026-09-15 10:40:37,602 - __main__ - INFO -   Contracts: 10
2026-09-15 10:40:37,602 - __main__ - INFO - ================================================================================
2026-09-15 10:40:37,718 - api_handler - ERROR - Order failed: 422
2026-09-15 10:40:39,805 - __main__ - INFO - ================================================================================
2026-09-15 10:40:39,805 - __main__ - INFO - SUBMITTING REAL ALPACA ORDER
2026-09-15 10:40:39,805 - __main__ - INFO -   Setup: 15_MIN_ORB_LOW
2026-09-15 10:40:39,805 - __main__ - INFO -   Direction: BEARISH
2026-09-15 10:40:39,805 - __main__ - INFO -   Spread: CALL_CREDIT_SPREAD
2026-09-15 10:40:39,805 - __main__ - INFO -   Strikes: 7575 / 7585
2026-09-15 10:40:39,806 - __main__ - INFO -   Credit: $2.00
2026-09-15 10:40:39,806 - __main__ - INFO -   Contracts: 5
2026-09-15 10:40:39,806 - __main__ - INFO - ================================================================================
2026-09-15 10:40:39,918 - api_handler - ERROR - Order failed: 422
2026-09-15 10:40:53,401 - __main__ - INFO - ================================================================================
2026-09-15 10:40:53,401 - __main__ - INFO - SUBMITTING REAL ALPACA ORDER
2026-09-15 10:40:53,402 - __main__ - INFO -   Setup: 15_MIN_ORB_LOW
2026-09-15 10:40:53,402 - __main__ - INFO -   Direction: BEARISH
2026-09-15 10:40:53,402 - __main__ - INFO -   Spread: CALL_CREDIT_SPREAD
2026-09-15 10:40:53,402 - __main__ - INFO -   Strikes: 7575 / 7585
2026-09-15 10:40:53,402 - __main__ - INFO -   Credit: $2.00
2026-09-15 10:40:53,402 - __main__ - INFO -   Contracts: 10
2026-09-15 10:40:53,402 - __main__ - INFO - ================================================================================
2026-09-15 10:40:53,550 - api_handler - ERROR - Order failed: 422
2026-09-15 10:40:55,561 - __main__ - INFO - ================================================================================
2026-09-15 10:40:55,561 - __main__ - INFO - SUBMITTING REAL ALPACA ORDER
2026-09-15 10:40:55,561 - __main__ - INFO -   Setup: 15_MIN_ORB_LOW
2026-09-15 10:40:55,562 - __main__ - INFO -   Direction: BEARISH
2026-09-15 10:40:55,562 - __main__ - INFO -   Spread: CALL_CREDIT_SPREAD
2026-09-15 10:40:55,562 - __main__ - INFO -   Strikes: 7575 / 7585
2026-09-15 10:40:55,563 - __main__ - INFO -   Credit: $2.00
2026-09-15 10:40:55,563 - __main__ - INFO -   Contracts: 5
2026-09-15 10:40:55,563 - __main__ - INFO - ================================================================================
2026-09-15 10:40:55,719 - api_handler - ERROR - Order failed: 422
2026-09-15 10:41:09,025 - __main__ - INFO - ================================================================================
2026-09-15 10:41:09,025 - __main__ - INFO - SUBMITTING REAL ALPACA ORDER
2026-09-15 10:41:09,026 - __main__ - INFO -   Setup: 15_MIN_ORB_LOW
2026-09-15 10:41:09,026 - __main__ - INFO -   Direction: BEARISH
2026-09-15 10:41:09,026 - __main__ - INFO -   Spread: CALL_CREDIT_SPREAD
2026-09-15 10:41:09,026 - __main__ - INFO -   Strikes: 7575 / 7585
2026-09-15 10:41:09,026 - __main__ - INFO -   Credit: $2.00
2026-09-15 10:41:09,026 - __main__ - INFO -   Contracts: 10
2026-09-15 10:41:09,027 - __main__ - INFO - ================================================================================
2026-09-15 10:41:09,154 - api_handler - ERROR - Order failed: 422
2026-09-15 10:41:11,172 - __main__ - INFO - ================================================================================
2026-09-15 10:41:11,172 - __main__ - INFO - SUBMITTING REAL ALPACA ORDER
2026-09-15 10:41:11,172 - __main__ - INFO -   Setup: 15_MIN_ORB_LOW
2026-09-15 10:41:11,172 - __main__ - INFO -   Direction: BEARISH
2026-09-15 10:41:11,172 - __main__ - INFO -   Spread: CALL_CREDIT_SPREAD
2026-09-15 10:41:11,173 - __main__ - INFO -   Strikes: 7575 / 7585
2026-09-15 10:41:11,173 - __main__ - INFO -   Credit: $2.00
2026-09-15 10:41:11,173 - __main__ - INFO -   Contracts: 5
2026-09-15 10:41:11,173 - __main__ - INFO - ================================================================================
2026-09-15 10:41:11,284 - api_handler - ERROR - Order failed: 422
2026-09-15 10:41:24,701 - __main__ - INFO - ================================================================================
2026-09-15 10:41:24,701 - __main__ - INFO - SUBMITTING REAL ALPACA ORDER
2026-09-15 10:41:24,701 - __main__ - INFO -   Setup: 15_MIN_ORB_LOW
2026-09-15 10:41:24,701 - __main__ - INFO -   Direction: BEARISH
2026-09-15 10:41:24,701 - __main__ - INFO -   Spread: CALL_CREDIT_SPREAD
2026-09-15 10:41:24,701 - __main__ - INFO -   Strikes: 7575 / 7585
2026-09-15 10:41:24,702 - __main__ - INFO -   Credit: $2.00
2026-09-15 10:41:24,702 - __main__ - INFO -   Contracts: 10
2026-09-15 10:41:24,702 - __main__ - INFO - ================================================================================
2026-09-15 10:41:24,821 - api_handler - ERROR - Order failed: 422
2026-09-15 10:41:26,870 - __main__ - INFO - ================================================================================
2026-09-15 10:41:26,870 - __main__ - INFO - SUBMITTING REAL ALPACA ORDER
2026-09-15 10:41:26,870 - __main__ - INFO -   Setup: 15_MIN_ORB_LOW
2026-09-15 10:41:26,871 - __main__ - INFO -   Direction: BEARISH
2026-09-15 10:41:26,871 - __main__ - INFO -   Spread: CALL_CREDIT_SPREAD
2026-09-15 10:41:26,871 - __main__ - INFO -   Strikes: 7575 / 7585
2026-09-15 10:41:26,871 - __main__ - INFO -   Credit: $2.00
2026-09-15 10:41:26,871 - __main__ - INFO -   Contracts: 5
2026-09-15 10:41:26,871 - __main__ - INFO - ================================================================================
2026-09-15 10:41:26,987 - api_handler - ERROR - Order failed: 422
2026-09-15 10:41:40,336 - __main__ - INFO - ================================================================================
2026-09-15 10:41:40,337 - __main__ - INFO - SUBMITTING REAL ALPACA ORDER
2026-09-15 10:41:40,337 - __main__ - INFO -   Setup: 15_MIN_ORB_LOW
2026-09-15 10:41:40,337 - __main__ - INFO -   Direction: BEARISH
2026-09-15 10:41:40,337 - __main__ - INFO -   Spread: CALL_CREDIT_SPREAD
2026-09-15 10:41:40,337 - __main__ - INFO -   Strikes: 7575 / 7585
2026-09-15 10:41:40,338 - __main__ - INFO -   Credit: $2.00
2026-09-15 10:41:40,338 - __main__ - INFO -   Contracts: 10
2026-09-15 10:41:40,338 - __main__ - INFO - ================================================================================
2026-09-15 10:41:40,454 - api_handler - ERROR - Order failed: 422
2026-09-15 10:41:42,576 - __main__ - INFO - ================================================================================
2026-09-15 10:41:42,576 - __main__ - INFO - SUBMITTING REAL ALPACA ORDER
2026-09-15 10:41:42,576 - __main__ - INFO -   Setup: 15_MIN_ORB_LOW
2026-09-15 10:41:42,576 - __main__ - INFO -   Direction: BEARISH
2026-09-15 10:41:42,576 - __main__ - INFO -   Spread: CALL_CREDIT_SPREAD
2026-09-15 10:41:42,576 - __main__ - INFO -   Strikes: 7575 / 7585
2026-09-15 10:41:42,577 - __main__ - INFO -   Credit: $2.00
2026-09-15 10:41:42,577 - __main__ - INFO -   Contracts: 5
2026-09-15 10:41:42,577 - __main__ - INFO - ================================================================================
2026-09-15 10:41:42,690 - api_handler - ERROR - Order failed: 422
2026-09-15 10:41:56,025 - __main__ - INFO - ================================================================================
2026-09-15 10:41:56,026 - __main__ - INFO - SUBMITTING REAL ALPACA ORDER
2026-09-15 10:41:56,026 - __main__ - INFO -   Setup: 15_MIN_ORB_LOW
2026-09-15 10:41:56,026 - __main__ - INFO -   Direction: BEARISH
2026-09-15 10:41:56,026 - __main__ - INFO -   Spread: CALL_CREDIT_SPREAD
2026-09-15 10:41:56,026 - __main__ - INFO -   Strikes: 7575 / 7585
2026-09-15 10:41:56,026 - __main__ - INFO -   Credit: $2.00
2026-09-15 10:41:56,027 - __main__ - INFO -   Contracts: 10
2026-09-15 10:41:56,027 - __main__ - INFO - ================================================================================
2026-09-15 10:41:56,140 - api_handler - ERROR - Order failed: 422
2026-09-15 10:41:58,232 - __main__ - INFO - ================================================================================
2026-09-15 10:41:58,233 - __main__ - INFO - SUBMITTING REAL ALPACA ORDER
2026-09-15 10:41:58,233 - __main__ - INFO -   Setup: 15_MIN_ORB_LOW
2026-09-15 10:41:58,233 - __main__ - INFO -   Direction: BEARISH
2026-09-15 10:41:58,233 - __main__ - INFO -   Spread: CALL_CREDIT_SPREAD
2026-09-15 10:41:58,233 - __main__ - INFO -   Strikes: 7575 / 7585
2026-09-15 10:41:58,233 - __main__ - INFO -   Credit: $2.00
2026-09-15 10:41:58,233 - __main__ - INFO -   Contracts: 5
2026-09-15 10:41:58,233 - __main__ - INFO - ================================================================================
2026-09-15 10:41:58,375 - api_handler - ERROR - Order failed: 422
2026-09-15 10:42:11,603 - __main__ - INFO - ================================================================================
2026-09-15 10:42:11,603 - __main__ - INFO - SUBMITTING REAL ALPACA ORDER
2026-09-15 10:42:11,603 - __main__ - INFO -   Setup: 15_MIN_ORB_LOW
2026-09-15 10:42:11,603 - __main__ - INFO -   Direction: BEARISH
2026-09-15 10:42:11,603 - __main__ - INFO -   Spread: CALL_CREDIT_SPREAD
2026-09-15 10:42:11,603 - __main__ - INFO -   Strikes: 7575 / 7585
2026-09-15 10:42:11,603 - __main__ - INFO -   Credit: $2.00
2026-09-15 10:42:11,604 - __main__ - INFO -   Contracts: 10
2026-09-15 10:42:11,604 - __main__ - INFO - ================================================================================
2026-09-15 10:42:11,709 - api_handler - ERROR - Order failed: 422
2026-09-15 10:42:13,880 - __main__ - INFO - ================================================================================
2026-09-15 10:42:13,881 - __main__ - INFO - SUBMITTING REAL ALPACA ORDER
2026-09-15 10:42:13,881 - __main__ - INFO -   Setup: 15_MIN_ORB_LOW
2026-09-15 10:42:13,881 - __main__ - INFO -   Direction: BEARISH
2026-09-15 10:42:13,881 - __main__ - INFO -   Spread: CALL_CREDIT_SPREAD
2026-09-15 10:42:13,881 - __main__ - INFO -   Strikes: 7575 / 7585
2026-09-15 10:42:13,881 - __main__ - INFO -   Credit: $2.00
2026-09-15 10:42:13,881 - __main__ - INFO -   Contracts: 5
2026-09-15 10:42:13,882 - __main__ - INFO - ================================================================================
2026-09-15 10:42:14,026 - api_handler - ERROR - Order failed: 422
2026-09-15 10:42:27,230 - __main__ - INFO - ================================================================================
2026-09-15 10:42:27,230 - __main__ - INFO - SUBMITTING REAL ALPACA ORDER
2026-09-15 10:42:27,230 - __main__ - INFO -   Setup: 15_MIN_ORB_LOW
2026-09-15 10:42:27,230 - __main__ - INFO -   Direction: BEARISH
2026-09-15 10:42:27,230 - __main__ - INFO -   Spread: CALL_CREDIT_SPREAD
2026-09-15 10:42:27,231 - __main__ - INFO -   Strikes: 7575 / 7585
2026-09-15 10:42:27,231 - __main__ - INFO -   Credit: $2.00
2026-09-15 10:42:27,231 - __main__ - INFO -   Contracts: 10
2026-09-15 10:42:27,231 - __main__ - INFO - ================================================================================
2026-09-15 10:42:27,363 - api_handler - ERROR - Order failed: 422
2026-09-15 10:42:29,595 - __main__ - INFO - ================================================================================
2026-09-15 10:42:29,595 - __main__ - INFO - SUBMITTING REAL ALPACA ORDER
2026-09-15 10:42:29,595 - __main__ - INFO -   Setup: 15_MIN_ORB_LOW
2026-09-15 10:42:29,595 - __main__ - INFO -   Direction: BEARISH
2026-09-15 10:42:29,595 - __main__ - INFO -   Spread: CALL_CREDIT_SPREAD
2026-09-15 10:42:29,595 - __main__ - INFO -   Strikes: 7575 / 7585
2026-09-15 10:42:29,595 - __main__ - INFO -   Credit: $2.00
2026-09-15 10:42:29,596 - __main__ - INFO -   Contracts: 5
2026-09-15 10:42:29,596 - __main__ - INFO - ================================================================================
2026-09-15 10:42:29,726 - api_handler - ERROR - Order failed: 422
2026-09-15 10:42:42,955 - __main__ - INFO - ================================================================================
2026-09-15 10:42:42,955 - __main__ - INFO - SUBMITTING REAL ALPACA ORDER
2026-09-15 10:42:42,955 - __main__ - INFO -   Setup: 15_MIN_ORB_LOW
2026-09-15 10:42:42,955 - __main__ - INFO -   Direction: BEARISH
2026-09-15 10:42:42,956 - __main__ - INFO -   Spread: CALL_CREDIT_SPREAD
2026-09-15 10:42:42,956 - __main__ - INFO -   Strikes: 7580 / 7590
2026-09-15 10:42:42,956 - __main__ - INFO -   Credit: $2.00
2026-09-15 10:42:42,956 - __main__ - INFO -   Contracts: 10
2026-09-15 10:42:42,956 - __main__ - INFO - ================================================================================
2026-09-15 10:42:43,069 - api_handler - ERROR - Order failed: 422
2026-09-15 10:42:45,156 - __main__ - INFO - ================================================================================
2026-09-15 10:42:45,157 - __main__ - INFO - SUBMITTING REAL ALPACA ORDER
2026-09-15 10:42:45,157 - __main__ - INFO -   Setup: 15_MIN_ORB_LOW
2026-09-15 10:42:45,157 - __main__ - INFO -   Direction: BEARISH
2026-09-15 10:42:45,157 - __main__ - INFO -   Spread: CALL_CREDIT_SPREAD
2026-09-15 10:42:45,157 - __main__ - INFO -   Strikes: 7580 / 7590
2026-09-15 10:42:45,157 - __main__ - INFO -   Credit: $2.00
2026-09-15 10:42:45,157 - __main__ - INFO -   Contracts: 5
2026-09-15 10:42:45,157 - __main__ - INFO - ================================================================================
2026-09-15 10:42:45,264 - api_handler - ERROR - Order failed: 422
2026-09-15 10:42:58,558 - __main__ - INFO - ================================================================================
2026-09-15 10:42:58,558 - __main__ - INFO - SUBMITTING REAL ALPACA ORDER
2026-09-15 10:42:58,558 - __main__ - INFO -   Setup: 15_MIN_ORB_LOW
2026-09-15 10:42:58,558 - __main__ - INFO -   Direction: BEARISH
2026-09-15 10:42:58,558 - __main__ - INFO -   Spread: CALL_CREDIT_SPREAD
2026-09-15 10:42:58,558 - __main__ - INFO -   Strikes: 7580 / 7590
2026-09-15 10:42:58,558 - __main__ - INFO -   Credit: $2.00
2026-09-15 10:42:58,558 - __main__ - INFO -   Contracts: 10
2026-09-15 10:42:58,558 - __main__ - INFO - ================================================================================
2026-09-15 10:42:58,668 - api_handler - ERROR - Order failed: 422
2026-09-15 10:43:00,765 - __main__ - INFO - ================================================================================
2026-09-15 10:43:00,765 - __main__ - INFO - SUBMITTING REAL ALPACA ORDER
2026-09-15 10:43:00,766 - __main__ - INFO -   Setup: 15_MIN_ORB_LOW
2026-09-15 10:43:00,766 - __main__ - INFO -   Direction: BEARISH
2026-09-15 10:43:00,766 - __main__ - INFO -   Spread: CALL_CREDIT_SPREAD
2026-09-15 10:43:00,766 - __main__ - INFO -   Strikes: 7580 / 7590
2026-09-15 10:43:00,766 - __main__ - INFO -   Credit: $2.00
2026-09-15 10:43:00,766 - __main__ - INFO -   Contracts: 5
2026-09-15 10:43:00,766 - __main__ - INFO - ================================================================================
2026-09-15 10:43:00,900 - api_handler - ERROR - Order failed: 422
2026-09-15 10:43:14,091 - __main__ - INFO - ================================================================================
2026-09-15 10:43:14,091 - __main__ - INFO - SUBMITTING REAL ALPACA ORDER
2026-09-15 10:43:14,091 - __main__ - INFO -   Setup: 15_MIN_ORB_LOW
2026-09-15 10:43:14,092 - __main__ - INFO -   Direction: BEARISH
2026-09-15 10:43:14,092 - __main__ - INFO -   Spread: CALL_CREDIT_SPREAD
2026-09-15 10:43:14,092 - __main__ - INFO -   Strikes: 7580 / 7590
2026-09-15 10:43:14,092 - __main__ - INFO -   Credit: $2.00
2026-09-15 10:43:14,092 - __main__ - INFO -   Contracts: 10
2026-09-15 10:43:14,092 - __main__ - INFO - ================================================================================
2026-09-15 10:43:14,196 - api_handler - ERROR - Order failed: 422
2026-09-15 10:43:16,412 - __main__ - INFO - ================================================================================
2026-09-15 10:43:16,412 - __main__ - INFO - SUBMITTING REAL ALPACA ORDER
2026-09-15 10:43:16,412 - __main__ - INFO -   Setup: 15_MIN_ORB_LOW
2026-09-15 10:43:16,412 - __main__ - INFO -   Direction: BEARISH
2026-09-15 10:43:16,412 - __main__ - INFO -   Spread: CALL_CREDIT_SPREAD
2026-09-15 10:43:16,412 - __main__ - INFO -   Strikes: 7575 / 7585
2026-09-15 10:43:16,413 - __main__ - INFO -   Credit: $2.00
2026-09-15 10:43:16,413 - __main__ - INFO -   Contracts: 5
2026-09-15 10:43:16,413 - __main__ - INFO - ================================================================================
2026-09-15 10:43:16,511 - api_handler - ERROR - Order failed: 422
2026-09-15 10:43:29,697 - __main__ - INFO - ================================================================================
2026-09-15 10:43:29,697 - __main__ - INFO - SUBMITTING REAL ALPACA ORDER
2026-09-15 10:43:29,697 - __main__ - INFO -   Setup: 15_MIN_ORB_LOW
2026-09-15 10:43:29,698 - __main__ - INFO -   Direction: BEARISH
2026-09-15 10:43:29,698 - __main__ - INFO -   Spread: CALL_CREDIT_SPREAD
2026-09-15 10:43:29,698 - __main__ - INFO -   Strikes: 7580 / 7590
2026-09-15 10:43:29,698 - __main__ - INFO -   Credit: $2.00
2026-09-15 10:43:29,699 - __main__ - INFO -   Contracts: 10
2026-09-15 10:43:29,699 - __main__ - INFO - ================================================================================
2026-09-15 10:43:29,817 - api_handler - ERROR - Order failed: 422
2026-09-15 10:43:32,056 - __main__ - INFO - ================================================================================
2026-09-15 10:43:32,056 - __main__ - INFO - SUBMITTING REAL ALPACA ORDER
2026-09-15 10:43:32,056 - __main__ - INFO -   Setup: 15_MIN_ORB_LOW
2026-09-15 10:43:32,056 - __main__ - INFO -   Direction: BEARISH
2026-09-15 10:43:32,057 - __main__ - INFO -   Spread: CALL_CREDIT_SPREAD
2026-09-15 10:43:32,057 - __main__ - INFO -   Strikes: 7580 / 7590
2026-09-15 10:43:32,057 - __main__ - INFO -   Credit: $2.00
2026-09-15 10:43:32,057 - __main__ - INFO -   Contracts: 5
2026-09-15 10:43:32,057 - __main__ - INFO - ================================================================================
2026-09-15 10:43:32,187 - api_handler - ERROR - Order failed: 422
2026-09-15 10:43:45,430 - __main__ - INFO - ================================================================================
2026-09-15 10:43:45,430 - __main__ - INFO - SUBMITTING REAL ALPACA ORDER
2026-09-15 10:43:45,430 - __main__ - INFO -   Setup: 15_MIN_ORB_LOW
2026-09-15 10:43:45,430 - __main__ - INFO -   Direction: BEARISH
2026-09-15 10:43:45,430 - __main__ - INFO -   Spread: CALL_CREDIT_SPREAD
2026-09-15 10:43:45,430 - __main__ - INFO -   Strikes: 7580 / 7590
2026-09-15 10:43:45,430 - __main__ - INFO -   Credit: $2.00
2026-09-15 10:43:45,430 - __main__ - INFO -   Contracts: 10
2026-09-15 10:43:45,430 - __main__ - INFO - ================================================================================
2026-09-15 10:43:45,589 - api_handler - ERROR - Order failed: 422
2026-09-15 10:43:47,738 - __main__ - INFO - ================================================================================
2026-09-15 10:43:47,738 - __main__ - INFO - SUBMITTING REAL ALPACA ORDER
2026-09-15 10:43:47,738 - __main__ - INFO -   Setup: 15_MIN_ORB_LOW
2026-09-15 10:43:47,738 - __main__ - INFO -   Direction: BEARISH
2026-09-15 10:43:47,738 - __main__ - INFO -   Spread: CALL_CREDIT_SPREAD
2026-09-15 10:43:47,738 - __main__ - INFO -   Strikes: 7580 / 7590
2026-09-15 10:43:47,738 - __main__ - INFO -   Credit: $2.00
2026-09-15 10:43:47,739 - __main__ - INFO -   Contracts: 5
2026-09-15 10:43:47,739 - __main__ - INFO - ================================================================================
2026-09-15 10:43:47,859 - api_handler - ERROR - Order failed: 422
2026-09-15 10:44:01,150 - __main__ - INFO - ================================================================================
2026-09-15 10:44:01,150 - __main__ - INFO - SUBMITTING REAL ALPACA ORDER
2026-09-15 10:44:01,150 - __main__ - INFO -   Setup: 15_MIN_ORB_LOW
2026-09-15 10:44:01,150 - __main__ - INFO -   Direction: BEARISH
2026-09-15 10:44:01,150 - __main__ - INFO -   Spread: CALL_CREDIT_SPREAD
2026-09-15 10:44:01,150 - __main__ - INFO -   Strikes: 7580 / 7590
2026-09-15 10:44:01,151 - __main__ - INFO -   Credit: $2.00
2026-09-15 10:44:01,151 - __main__ - INFO -   Contracts: 10
2026-09-15 10:44:01,151 - __main__ - INFO - ================================================================================
2026-09-15 10:44:01,293 - api_handler - ERROR - Order failed: 422
2026-09-15 10:44:03,367 - __main__ - INFO - ================================================================================
2026-09-15 10:44:03,367 - __main__ - INFO - SUBMITTING REAL ALPACA ORDER
2026-09-15 10:44:03,367 - __main__ - INFO -   Setup: 15_MIN_ORB_LOW
2026-09-15 10:44:03,367 - __main__ - INFO -   Direction: BEARISH
2026-09-15 10:44:03,367 - __main__ - INFO -   Spread: CALL_CREDIT_SPREAD
2026-09-15 10:44:03,367 - __main__ - INFO -   Strikes: 7580 / 7590
2026-09-15 10:44:03,367 - __main__ - INFO -   Credit: $2.00
2026-09-15 10:44:03,367 - __main__ - INFO -   Contracts: 5
2026-09-15 10:44:03,368 - __main__ - INFO - ================================================================================
2026-09-15 10:44:03,485 - api_handler - ERROR - Order failed: 422
2026-09-15 10:44:16,819 - __main__ - INFO - ================================================================================
2026-09-15 10:44:16,819 - __main__ - INFO - SUBMITTING REAL ALPACA ORDER
2026-09-15 10:44:16,819 - __main__ - INFO -   Setup: 15_MIN_ORB_LOW
2026-09-15 10:44:16,819 - __main__ - INFO -   Direction: BEARISH
2026-09-15 10:44:16,819 - __main__ - INFO -   Spread: CALL_CREDIT_SPREAD
2026-09-15 10:44:16,819 - __main__ - INFO -   Strikes: 7580 / 7590
2026-09-15 10:44:16,820 - __main__ - INFO -   Credit: $2.00
2026-09-15 10:44:16,820 - __main__ - INFO -   Contracts: 10
2026-09-15 10:44:16,820 - __main__ - INFO - ================================================================================
2026-09-15 10:44:16,929 - api_handler - ERROR - Order failed: 422
2026-09-15 10:44:19,050 - __main__ - INFO - ================================================================================
2026-09-15 10:44:19,051 - __main__ - INFO - SUBMITTING REAL ALPACA ORDER
2026-09-15 10:44:19,051 - __main__ - INFO -   Setup: 15_MIN_ORB_LOW
2026-09-15 10:44:19,051 - __main__ - INFO -   Direction: BEARISH
2026-09-15 10:44:19,051 - __main__ - INFO -   Spread: CALL_CREDIT_SPREAD
2026-09-15 10:44:19,051 - __main__ - INFO -   Strikes: 7580 / 7590
2026-09-15 10:44:19,051 - __main__ - INFO -   Credit: $2.00
2026-09-15 10:44:19,051 - __main__ - INFO -   Contracts: 5
2026-09-15 10:44:19,051 - __main__ - INFO - ================================================================================
2026-09-15 10:44:19,186 - api_handler - ERROR - Order failed: 422
2026-09-15 10:44:34,078 - __main__ - INFO - ================================================================================
2026-09-15 10:44:34,078 - __main__ - INFO - SUBMITTING REAL ALPACA ORDER
2026-09-15 10:44:34,078 - __main__ - INFO -   Setup: 15_MIN_ORB_LOW
2026-09-15 10:44:34,078 - __main__ - INFO -   Direction: BEARISH
2026-09-15 10:44:34,078 - __main__ - INFO -   Spread: CALL_CREDIT_SPREAD
2026-09-15 10:44:34,078 - __main__ - INFO -   Strikes: 7575 / 7585
2026-09-15 10:44:34,079 - __main__ - INFO -   Credit: $2.00
2026-09-15 10:44:34,079 - __main__ - INFO -   Contracts: 10
2026-09-15 10:44:34,079 - __main__ - INFO - ================================================================================
2026-09-15 10:44:34,206 - api_handler - ERROR - Order failed: 422
2026-09-15 10:44:36,130 - __main__ - INFO - ================================================================================
2026-09-15 10:44:36,130 - __main__ - INFO - SUBMITTING REAL ALPACA ORDER
2026-09-15 10:44:36,130 - __main__ - INFO -   Setup: 15_MIN_ORB_LOW
2026-09-15 10:44:36,130 - __main__ - INFO -   Direction: BEARISH
2026-09-15 10:44:36,130 - __main__ - INFO -   Spread: CALL_CREDIT_SPREAD
2026-09-15 10:44:36,130 - __main__ - INFO -   Strikes: 7575 / 7585
2026-09-15 10:44:36,130 - __main__ - INFO -   Credit: $2.00
2026-09-15 10:44:36,130 - __main__ - INFO -   Contracts: 5
2026-09-15 10:44:36,131 - __main__ - INFO - ================================================================================
2026-09-15 10:44:36,247 - api_handler - ERROR - Order failed: 422
2026-09-15 10:44:51,334 - __main__ - INFO - ================================================================================
2026-09-15 10:44:51,334 - __main__ - INFO - SUBMITTING REAL ALPACA ORDER
2026-09-15 10:44:51,335 - __main__ - INFO -   Setup: 15_MIN_ORB_LOW
2026-09-15 10:44:51,335 - __main__ - INFO -   Direction: BEARISH
2026-09-15 10:44:51,335 - __main__ - INFO -   Spread: CALL_CREDIT_SPREAD
2026-09-15 10:44:51,335 - __main__ - INFO -   Strikes: 7575 / 7585
2026-09-15 10:44:51,335 - __main__ - INFO -   Credit: $2.00
2026-09-15 10:44:51,335 - __main__ - INFO -   Contracts: 10
2026-09-15 10:44:51,335 - __main__ - INFO - ================================================================================
2026-09-15 10:44:51,464 - api_handler - ERROR - Order failed: 422
2026-09-15 10:44:53,399 - __main__ - INFO - ================================================================================
2026-09-15 10:44:53,399 - __main__ - INFO - SUBMITTING REAL ALPACA ORDER
2026-09-15 10:44:53,400 - __main__ - INFO -   Setup: 15_MIN_ORB_LOW
2026-09-15 10:44:53,400 - __main__ - INFO -   Direction: BEARISH
2026-09-15 10:44:53,400 - __main__ - INFO -   Spread: CALL_CREDIT_SPREAD
2026-09-15 10:44:53,400 - __main__ - INFO -   Strikes: 7575 / 7585
2026-09-15 10:44:53,400 - __main__ - INFO -   Credit: $2.00
2026-09-15 10:44:53,401 - __main__ - INFO -   Contracts: 5
2026-09-15 10:44:53,401 - __main__ - INFO - ================================================================================
2026-09-15 10:44:53,518 - api_handler - ERROR - Order failed: 422
2026-09-15 10:45:08,667 - __main__ - INFO - ================================================================================
2026-09-15 10:45:08,668 - __main__ - INFO - SUBMITTING REAL ALPACA ORDER
2026-09-15 10:45:08,668 - __main__ - INFO -   Setup: 15_MIN_ORB_LOW
2026-09-15 10:45:08,668 - __main__ - INFO -   Direction: BEARISH
2026-09-15 10:45:08,668 - __main__ - INFO -   Spread: CALL_CREDIT_SPREAD
2026-09-15 10:45:08,668 - __main__ - INFO -   Strikes: 7575 / 7585
2026-09-15 10:45:08,668 - __main__ - INFO -   Credit: $2.00
2026-09-15 10:45:08,668 - __main__ - INFO -   Contracts: 10
2026-09-15 10:45:08,668 - __main__ - INFO - ================================================================================
2026-09-15 10:45:08,777 - api_handler - ERROR - Order failed: 422
2026-09-15 10:45:10,394 - __main__ - INFO - ================================================================================
2026-09-15 10:45:10,394 - __main__ - INFO - SUBMITTING REAL ALPACA ORDER
2026-09-15 10:45:10,394 - __main__ - INFO -   Setup: 15_MIN_ORB_LOW
2026-09-15 10:45:10,394 - __main__ - INFO -   Direction: BEARISH
2026-09-15 10:45:10,395 - __main__ - INFO -   Spread: CALL_CREDIT_SPREAD
2026-09-15 10:45:10,395 - __main__ - INFO -   Strikes: 7575 / 7585
2026-09-15 10:45:10,395 - __main__ - INFO -   Credit: $2.00
2026-09-15 10:45:10,395 - __main__ - INFO -   Contracts: 5
2026-09-15 10:45:10,395 - __main__ - INFO - ================================================================================
2026-09-15 10:45:10,533 - api_handler - ERROR - Order failed: 422
2026-09-15 10:45:24,403 - __main__ - INFO - ================================================================================
2026-09-15 10:45:24,403 - __main__ - INFO - SUBMITTING REAL ALPACA ORDER
2026-09-15 10:45:24,403 - __main__ - INFO -   Setup: 15_MIN_ORB_LOW
2026-09-15 10:45:24,403 - __main__ - INFO -   Direction: BEARISH
2026-09-15 10:45:24,404 - __main__ - INFO -   Spread: CALL_CREDIT_SPREAD
2026-09-15 10:45:24,404 - __main__ - INFO -   Strikes: 7575 / 7585
2026-09-15 10:45:24,404 - __main__ - INFO -   Credit: $2.00
2026-09-15 10:45:24,404 - __main__ - INFO -   Contracts: 10
2026-09-15 10:45:24,404 - __main__ - INFO - ================================================================================
2026-09-15 10:45:24,530 - api_handler - ERROR - Order failed: 422
2026-09-15 10:45:26,107 - __main__ - INFO - ================================================================================
2026-09-15 10:45:26,107 - __main__ - INFO - SUBMITTING REAL ALPACA ORDER
2026-09-15 10:45:26,107 - __main__ - INFO -   Setup: 15_MIN_ORB_LOW
2026-09-15 10:45:26,107 - __main__ - INFO -   Direction: BEARISH
2026-09-15 10:45:26,107 - __main__ - INFO -   Spread: CALL_CREDIT_SPREAD
2026-09-15 10:45:26,107 - __main__ - INFO -   Strikes: 7575 / 7585
2026-09-15 10:45:26,107 - __main__ - INFO -   Credit: $2.00
2026-09-15 10:45:26,108 - __main__ - INFO -   Contracts: 5
2026-09-15 10:45:26,108 - __main__ - INFO - ================================================================================
2026-09-15 10:45:26,235 - api_handler - ERROR - Order failed: 422
2026-09-15 10:45:40,136 - __main__ - INFO - ================================================================================
2026-09-15 10:45:40,136 - __main__ - INFO - SUBMITTING REAL ALPACA ORDER
2026-09-15 10:45:40,136 - __main__ - INFO -   Setup: 15_MIN_ORB_LOW
2026-09-15 10:45:40,137 - __main__ - INFO -   Direction: BEARISH
2026-09-15 10:45:40,137 - __main__ - INFO -   Spread: CALL_CREDIT_SPREAD
2026-09-15 10:45:40,137 - __main__ - INFO -   Strikes: 7575 / 7585
2026-09-15 10:45:40,137 - __main__ - INFO -   Credit: $2.00
2026-09-15 10:45:40,138 - __main__ - INFO -   Contracts: 10
2026-09-15 10:45:40,138 - __main__ - INFO - ================================================================================
2026-09-15 10:45:40,250 - api_handler - ERROR - Order failed: 422
2026-09-15 10:45:41,792 - __main__ - INFO - ================================================================================
2026-09-15 10:45:41,792 - __main__ - INFO - SUBMITTING REAL ALPACA ORDER
2026-09-15 10:45:41,792 - __main__ - INFO -   Setup: 15_MIN_ORB_LOW
2026-09-15 10:45:41,792 - __main__ - INFO -   Direction: BEARISH
2026-09-15 10:45:41,792 - __main__ - INFO -   Spread: CALL_CREDIT_SPREAD
2026-09-15 10:45:41,792 - __main__ - INFO -   Strikes: 7575 / 7585
2026-09-15 10:45:41,792 - __main__ - INFO -   Credit: $2.00
2026-09-15 10:45:41,792 - __main__ - INFO -   Contracts: 5
2026-09-15 10:45:41,793 - __main__ - INFO - ================================================================================
2026-09-15 10:45:41,905 - api_handler - ERROR - Order failed: 422
2026-09-15 10:45:55,863 - __main__ - INFO - ================================================================================
2026-09-15 10:45:55,864 - __main__ - INFO - SUBMITTING REAL ALPACA ORDER
2026-09-15 10:45:55,864 - __main__ - INFO -   Setup: 15_MIN_ORB_LOW
2026-09-15 10:45:55,864 - __main__ - INFO -   Direction: BEARISH
2026-09-15 10:45:55,864 - __main__ - INFO -   Spread: CALL_CREDIT_SPREAD
2026-09-15 10:45:55,864 - __main__ - INFO -   Strikes: 7575 / 7585
2026-09-15 10:45:55,864 - __main__ - INFO -   Credit: $2.00
2026-09-15 10:45:55,864 - __main__ - INFO -   Contracts: 10
2026-09-15 10:45:55,864 - __main__ - INFO - ================================================================================
2026-09-15 10:45:55,987 - api_handler - ERROR - Order failed: 422
2026-09-15 10:45:57,446 - __main__ - INFO - ================================================================================
2026-09-15 10:45:57,446 - __main__ - INFO - SUBMITTING REAL ALPACA ORDER
2026-09-15 10:45:57,446 - __main__ - INFO -   Setup: 15_MIN_ORB_LOW
2026-09-15 10:45:57,446 - __main__ - INFO -   Direction: BEARISH
2026-09-15 10:45:57,447 - __main__ - INFO -   Spread: CALL_CREDIT_SPREAD
2026-09-15 10:45:57,447 - __main__ - INFO -   Strikes: 7575 / 7585
2026-09-15 10:45:57,447 - __main__ - INFO -   Credit: $2.00
2026-09-15 10:45:57,447 - __main__ - INFO -   Contracts: 5
2026-09-15 10:45:57,447 - __main__ - INFO - ================================================================================
2026-09-15 10:45:57,567 - api_handler - ERROR - Order failed: 422
2026-09-15 10:46:11,633 - __main__ - INFO - ================================================================================
2026-09-15 10:46:11,633 - __main__ - INFO - SUBMITTING REAL ALPACA ORDER
2026-09-15 10:46:11,634 - __main__ - INFO -   Setup: 15_MIN_ORB_LOW
2026-09-15 10:46:11,634 - __main__ - INFO -   Direction: BEARISH
2026-09-15 10:46:11,634 - __main__ - INFO -   Spread: CALL_CREDIT_SPREAD
2026-09-15 10:46:11,634 - __main__ - INFO -   Strikes: 7575 / 7585
2026-09-15 10:46:11,634 - __main__ - INFO -   Credit: $2.00
2026-09-15 10:46:11,635 - __main__ - INFO -   Contracts: 10
2026-09-15 10:46:11,635 - __main__ - INFO - ================================================================================
2026-09-15 10:46:11,759 - api_handler - ERROR - Order failed: 422
2026-09-15 10:46:13,131 - __main__ - INFO - ================================================================================
2026-09-15 10:46:13,131 - __main__ - INFO - SUBMITTING REAL ALPACA ORDER
2026-09-15 10:46:13,131 - __main__ - INFO -   Setup: 15_MIN_ORB_LOW
2026-09-15 10:46:13,131 - __main__ - INFO -   Direction: BEARISH
2026-09-15 10:46:13,131 - __main__ - INFO -   Spread: CALL_CREDIT_SPREAD
2026-09-15 10:46:13,131 - __main__ - INFO -   Strikes: 7575 / 7585
2026-09-15 10:46:13,132 - __main__ - INFO -   Credit: $2.00
2026-09-15 10:46:13,132 - __main__ - INFO -   Contracts: 5
2026-09-15 10:46:13,132 - __main__ - INFO - ================================================================================
2026-09-15 10:46:13,260 - api_handler - ERROR - Order failed: 422
2026-09-15 10:46:27,303 - __main__ - INFO - ================================================================================
2026-09-15 10:46:27,304 - __main__ - INFO - SUBMITTING REAL ALPACA ORDER
2026-09-15 10:46:27,304 - __main__ - INFO -   Setup: 15_MIN_ORB_LOW
2026-09-15 10:46:27,304 - __main__ - INFO -   Direction: BEARISH
2026-09-15 10:46:27,304 - __main__ - INFO -   Spread: CALL_CREDIT_SPREAD
2026-09-15 10:46:27,304 - __main__ - INFO -   Strikes: 7575 / 7585
2026-09-15 10:46:27,304 - __main__ - INFO -   Credit: $2.00
2026-09-15 10:46:27,304 - __main__ - INFO -   Contracts: 10
2026-09-15 10:46:27,305 - __main__ - INFO - ================================================================================
2026-09-15 10:46:27,405 - api_handler - ERROR - Order failed: 422
2026-09-15 10:46:28,813 - __main__ - INFO - ================================================================================
2026-09-15 10:46:28,813 - __main__ - INFO - SUBMITTING REAL ALPACA ORDER
2026-09-15 10:46:28,813 - __main__ - INFO -   Setup: 15_MIN_ORB_LOW
2026-09-15 10:46:28,813 - __main__ - INFO -   Direction: BEARISH
2026-09-15 10:46:28,813 - __main__ - INFO -   Spread: CALL_CREDIT_SPREAD
2026-09-15 10:46:28,814 - __main__ - INFO -   Strikes: 7575 / 7585
2026-09-15 10:46:28,814 - __main__ - INFO -   Credit: $2.00
2026-09-15 10:46:28,814 - __main__ - INFO -   Contracts: 5
2026-09-15 10:46:28,814 - __main__ - INFO - ================================================================================
2026-09-15 10:46:28,951 - api_handler - ERROR - Order failed: 422
2026-09-15 10:46:42,866 - __main__ - INFO - ================================================================================
2026-09-15 10:46:42,866 - __main__ - INFO - SUBMITTING REAL ALPACA ORDER
2026-09-15 10:46:42,866 - __main__ - INFO -   Setup: 15_MIN_ORB_LOW
2026-09-15 10:46:42,866 - __main__ - INFO -   Direction: BEARISH
2026-09-15 10:46:42,866 - __main__ - INFO -   Spread: CALL_CREDIT_SPREAD
2026-09-15 10:46:42,866 - __main__ - INFO -   Strikes: 7575 / 7585
2026-09-15 10:46:42,866 - __main__ - INFO -   Credit: $2.00
2026-09-15 10:46:42,866 - __main__ - INFO -   Contracts: 10
2026-09-15 10:46:42,867 - __main__ - INFO - ================================================================================
2026-09-15 10:46:42,977 - api_handler - ERROR - Order failed: 422
2026-09-15 10:46:44,441 - __main__ - INFO - ================================================================================
2026-09-15 10:46:44,442 - __main__ - INFO - SUBMITTING REAL ALPACA ORDER
2026-09-15 10:46:44,442 - __main__ - INFO -   Setup: 15_MIN_ORB_LOW
2026-09-15 10:46:44,442 - __main__ - INFO -   Direction: BEARISH
2026-09-15 10:46:44,442 - __main__ - INFO -   Spread: CALL_CREDIT_SPREAD
2026-09-15 10:46:44,442 - __main__ - INFO -   Strikes: 7575 / 7585
2026-09-15 10:46:44,442 - __main__ - INFO -   Credit: $2.00
2026-09-15 10:46:44,442 - __main__ - INFO -   Contracts: 5
2026-09-15 10:46:44,442 - __main__ - INFO - ================================================================================
2026-09-15 10:46:44,571 - api_handler - ERROR - Order failed: 422
2026-09-15 10:46:58,565 - __main__ - INFO - ================================================================================
2026-09-15 10:46:58,565 - __main__ - INFO - SUBMITTING REAL ALPACA ORDER
2026-09-15 10:46:58,565 - __main__ - INFO -   Setup: 15_MIN_ORB_LOW
2026-09-15 10:46:58,565 - __main__ - INFO -   Direction: BEARISH
2026-09-15 10:46:58,565 - __main__ - INFO -   Spread: CALL_CREDIT_SPREAD
2026-09-15 10:46:58,565 - __main__ - INFO -   Strikes: 7575 / 7585
2026-09-15 10:46:58,565 - __main__ - INFO -   Credit: $2.00
2026-09-15 10:46:58,566 - __main__ - INFO -   Contracts: 10
2026-09-15 10:46:58,566 - __main__ - INFO - ================================================================================
2026-09-15 10:46:58,678 - api_handler - ERROR - Order failed: 422
2026-09-15 10:47:00,098 - __main__ - INFO - ================================================================================
2026-09-15 10:47:00,099 - __main__ - INFO - SUBMITTING REAL ALPACA ORDER
2026-09-15 10:47:00,099 - __main__ - INFO -   Setup: 15_MIN_ORB_LOW
2026-09-15 10:47:00,099 - __main__ - INFO -   Direction: BEARISH
2026-09-15 10:47:00,099 - __main__ - INFO -   Spread: CALL_CREDIT_SPREAD
2026-09-15 10:47:00,099 - __main__ - INFO -   Strikes: 7575 / 7585
2026-09-15 10:47:00,099 - __main__ - INFO -   Credit: $2.00
2026-09-15 10:47:00,099 - __main__ - INFO -   Contracts: 5
2026-09-15 10:47:00,099 - __main__ - INFO - ================================================================================
2026-09-15 10:47:00,219 - api_handler - ERROR - Order failed: 422
2026-09-15 10:47:14,283 - __main__ - INFO - ================================================================================
2026-09-15 10:47:14,283 - __main__ - INFO - SUBMITTING REAL ALPACA ORDER
2026-09-15 10:47:14,283 - __main__ - INFO -   Setup: 15_MIN_ORB_LOW
2026-09-15 10:47:14,283 - __main__ - INFO -   Direction: BEARISH
2026-09-15 10:47:14,283 - __main__ - INFO -   Spread: CALL_CREDIT_SPREAD
2026-09-15 10:47:14,283 - __main__ - INFO -   Strikes: 7575 / 7585
2026-09-15 10:47:14,283 - __main__ - INFO -   Credit: $2.00
2026-09-15 10:47:14,283 - __main__ - INFO -   Contracts: 10
2026-09-15 10:47:14,284 - __main__ - INFO - ================================================================================
2026-09-15 10:47:14,550 - api_handler - ERROR - Order failed: 422
2026-09-15 10:47:15,802 - __main__ - INFO - ================================================================================
2026-09-15 10:47:15,802 - __main__ - INFO - SUBMITTING REAL ALPACA ORDER
2026-09-15 10:47:15,802 - __main__ - INFO -   Setup: 15_MIN_ORB_LOW
2026-09-15 10:47:15,803 - __main__ - INFO -   Direction: BEARISH
2026-09-15 10:47:15,803 - __main__ - INFO -   Spread: CALL_CREDIT_SPREAD
2026-09-15 10:47:15,803 - __main__ - INFO -   Strikes: 7575 / 7585
2026-09-15 10:47:15,803 - __main__ - INFO -   Credit: $2.00
2026-09-15 10:47:15,803 - __main__ - INFO -   Contracts: 5
2026-09-15 10:47:15,804 - __main__ - INFO - ================================================================================
2026-09-15 10:47:15,920 - api_handler - ERROR - Order failed: 422
2026-09-15 10:47:30,152 - __main__ - INFO - ================================================================================
2026-09-15 10:47:30,153 - __main__ - INFO - SUBMITTING REAL ALPACA ORDER
2026-09-15 10:47:30,153 - __main__ - INFO -   Setup: 15_MIN_ORB_LOW
2026-09-15 10:47:30,153 - __main__ - INFO -   Direction: BEARISH
2026-09-15 10:47:30,153 - __main__ - INFO -   Spread: CALL_CREDIT_SPREAD
2026-09-15 10:47:30,153 - __main__ - INFO -   Strikes: 7575 / 7585
2026-09-15 10:47:30,154 - __main__ - INFO -   Credit: $2.00
2026-09-15 10:47:30,154 - __main__ - INFO -   Contracts: 10
2026-09-15 10:47:30,154 - __main__ - INFO - ================================================================================
2026-09-15 10:47:30,273 - api_handler - ERROR - Order failed: 422
2026-09-15 10:47:31,796 - __main__ - INFO - ================================================================================
2026-09-15 10:47:31,796 - __main__ - INFO - SUBMITTING REAL ALPACA ORDER
2026-09-15 10:47:31,797 - __main__ - INFO -   Setup: 15_MIN_ORB_LOW
2026-09-15 10:47:31,797 - __main__ - INFO -   Direction: BEARISH
2026-09-15 10:47:31,797 - __main__ - INFO -   Spread: CALL_CREDIT_SPREAD
2026-09-15 10:47:31,797 - __main__ - INFO -   Strikes: 7575 / 7585
2026-09-15 10:47:31,797 - __main__ - INFO -   Credit: $2.00
2026-09-15 10:47:31,797 - __main__ - INFO -   Contracts: 5
2026-09-15 10:47:31,798 - __main__ - INFO - ================================================================================
2026-09-15 10:47:31,920 - api_handler - ERROR - Order failed: 422
2026-09-15 10:47:45,915 - __main__ - INFO - ================================================================================
2026-09-15 10:47:45,916 - __main__ - INFO - SUBMITTING REAL ALPACA ORDER
2026-09-15 10:47:45,916 - __main__ - INFO -   Setup: 15_MIN_ORB_LOW
2026-09-15 10:47:45,916 - __main__ - INFO -   Direction: BEARISH
2026-09-15 10:47:45,916 - __main__ - INFO -   Spread: CALL_CREDIT_SPREAD
2026-09-15 10:47:45,916 - __main__ - INFO -   Strikes: 7575 / 7585
2026-09-15 10:47:45,917 - __main__ - INFO -   Credit: $2.00
2026-09-15 10:47:45,917 - __main__ - INFO -   Contracts: 10
2026-09-15 10:47:45,917 - __main__ - INFO - ================================================================================
2026-09-15 10:47:46,063 - api_handler - ERROR - Order failed: 422
2026-09-15 10:47:47,579 - __main__ - INFO - ================================================================================
2026-09-15 10:47:47,579 - __main__ - INFO - SUBMITTING REAL ALPACA ORDER
2026-09-15 10:47:47,579 - __main__ - INFO -   Setup: 15_MIN_ORB_LOW
2026-09-15 10:47:47,579 - __main__ - INFO -   Direction: BEARISH
2026-09-15 10:47:47,580 - __main__ - INFO -   Spread: CALL_CREDIT_SPREAD
2026-09-15 10:47:47,580 - __main__ - INFO -   Strikes: 7575 / 7585
2026-09-15 10:47:47,580 - __main__ - INFO -   Credit: $2.00
2026-09-15 10:47:47,580 - __main__ - INFO -   Contracts: 5
2026-09-15 10:47:47,581 - __main__ - INFO - ================================================================================
2026-09-15 10:47:47,728 - api_handler - ERROR - Order failed: 422
2026-09-15 10:48:01,540 - __main__ - INFO - ================================================================================
2026-09-15 10:48:01,540 - __main__ - INFO - SUBMITTING REAL ALPACA ORDER
2026-09-15 10:48:01,541 - __main__ - INFO -   Setup: 15_MIN_ORB_LOW
2026-09-15 10:48:01,541 - __main__ - INFO -   Direction: BEARISH
2026-09-15 10:48:01,541 - __main__ - INFO -   Spread: CALL_CREDIT_SPREAD
2026-09-15 10:48:01,541 - __main__ - INFO -   Strikes: 7575 / 7585
2026-09-15 10:48:01,541 - __main__ - INFO -   Credit: $2.00
2026-09-15 10:48:01,541 - __main__ - INFO -   Contracts: 10
2026-09-15 10:48:01,541 - __main__ - INFO - ================================================================================
2026-09-15 10:48:01,660 - api_handler - ERROR - Order failed: 422
2026-09-15 10:48:03,243 - __main__ - INFO - ================================================================================
2026-09-15 10:48:03,243 - __main__ - INFO - SUBMITTING REAL ALPACA ORDER
2026-09-15 10:48:03,243 - __main__ - INFO -   Setup: 15_MIN_ORB_LOW
2026-09-15 10:48:03,243 - __main__ - INFO -   Direction: BEARISH
2026-09-15 10:48:03,243 - __main__ - INFO -   Spread: CALL_CREDIT_SPREAD
2026-09-15 10:48:03,243 - __main__ - INFO -   Strikes: 7575 / 7585
2026-09-15 10:48:03,243 - __main__ - INFO -   Credit: $2.00
2026-09-15 10:48:03,244 - __main__ - INFO -   Contracts: 5
2026-09-15 10:48:03,244 - __main__ - INFO - ================================================================================
2026-09-15 10:48:03,353 - api_handler - ERROR - Order failed: 422
2026-09-15 10:48:17,159 - __main__ - INFO - ================================================================================
2026-09-15 10:48:17,159 - __main__ - INFO - SUBMITTING REAL ALPACA ORDER
2026-09-15 10:48:17,160 - __main__ - INFO -   Setup: 15_MIN_ORB_LOW
2026-09-15 10:48:17,160 - __main__ - INFO -   Direction: BEARISH
2026-09-15 10:48:17,160 - __main__ - INFO -   Spread: CALL_CREDIT_SPREAD
2026-09-15 10:48:17,160 - __main__ - INFO -   Strikes: 7575 / 7585
2026-09-15 10:48:17,160 - __main__ - INFO -   Credit: $2.00
2026-09-15 10:48:17,160 - __main__ - INFO -   Contracts: 10
2026-09-15 10:48:17,160 - __main__ - INFO - ================================================================================
2026-09-15 10:48:17,265 - api_handler - ERROR - Order failed: 422
2026-09-15 10:48:18,854 - __main__ - INFO - ================================================================================
2026-09-15 10:48:18,854 - __main__ - INFO - SUBMITTING REAL ALPACA ORDER
2026-09-15 10:48:18,854 - __main__ - INFO -   Setup: 15_MIN_ORB_LOW
2026-09-15 10:48:18,854 - __main__ - INFO -   Direction: BEARISH
2026-09-15 10:48:18,854 - __main__ - INFO -   Spread: CALL_CREDIT_SPREAD
2026-09-15 10:48:18,855 - __main__ - INFO -   Strikes: 7575 / 7585
2026-09-15 10:48:18,855 - __main__ - INFO -   Credit: $2.00
2026-09-15 10:48:18,855 - __main__ - INFO -   Contracts: 5
2026-09-15 10:48:18,855 - __main__ - INFO - ================================================================================
2026-09-15 10:48:18,974 - api_handler - ERROR - Order failed: 422
2026-09-15 10:48:32,736 - __main__ - INFO - ================================================================================
2026-09-15 10:48:32,736 - __main__ - INFO - SUBMITTING REAL ALPACA ORDER
2026-09-15 10:48:32,736 - __main__ - INFO -   Setup: 15_MIN_ORB_LOW
2026-09-15 10:48:32,736 - __main__ - INFO -   Direction: BEARISH
2026-09-15 10:48:32,736 - __main__ - INFO -   Spread: CALL_CREDIT_SPREAD
2026-09-15 10:48:32,736 - __main__ - INFO -   Strikes: 7575 / 7585
2026-09-15 10:48:32,736 - __main__ - INFO -   Credit: $2.00
2026-09-15 10:48:32,736 - __main__ - INFO -   Contracts: 10
2026-09-15 10:48:32,737 - __main__ - INFO - ================================================================================
2026-09-15 10:48:32,852 - api_handler - ERROR - Order failed: 422
2026-09-15 10:48:34,425 - __main__ - INFO - ================================================================================
2026-09-15 10:48:34,426 - __main__ - INFO - SUBMITTING REAL ALPACA ORDER
2026-09-15 10:48:34,426 - __main__ - INFO -   Setup: 15_MIN_ORB_LOW
2026-09-15 10:48:34,426 - __main__ - INFO -   Direction: BEARISH
2026-09-15 10:48:34,426 - __main__ - INFO -   Spread: CALL_CREDIT_SPREAD
2026-09-15 10:48:34,427 - __main__ - INFO -   Strikes: 7575 / 7585
2026-09-15 10:48:34,427 - __main__ - INFO -   Credit: $2.00
2026-09-15 10:48:34,427 - __main__ - INFO -   Contracts: 5
2026-09-15 10:48:34,427 - __main__ - INFO - ================================================================================
2026-09-15 10:48:34,537 - api_handler - ERROR - Order failed: 422
2026-09-15 10:48:48,420 - __main__ - INFO - ================================================================================
2026-09-15 10:48:48,421 - __main__ - INFO - SUBMITTING REAL ALPACA ORDER
2026-09-15 10:48:48,421 - __main__ - INFO -   Setup: 15_MIN_ORB_LOW
2026-09-15 10:48:48,421 - __main__ - INFO -   Direction: BEARISH
2026-09-15 10:48:48,422 - __main__ - INFO -   Spread: CALL_CREDIT_SPREAD
2026-09-15 10:48:48,422 - __main__ - INFO -   Strikes: 7575 / 7585
2026-09-15 10:48:48,422 - __main__ - INFO -   Credit: $2.00
2026-09-15 10:48:48,422 - __main__ - INFO -   Contracts: 10
2026-09-15 10:48:48,422 - __main__ - INFO - ================================================================================
2026-09-15 10:48:48,559 - api_handler - ERROR - Order failed: 422
2026-09-15 10:48:49,959 - __main__ - INFO - ================================================================================
2026-09-15 10:48:49,959 - __main__ - INFO - SUBMITTING REAL ALPACA ORDER
2026-09-15 10:48:49,959 - __main__ - INFO -   Setup: 15_MIN_ORB_LOW
2026-09-15 10:48:49,959 - __main__ - INFO -   Direction: BEARISH
2026-09-15 10:48:49,960 - __main__ - INFO -   Spread: CALL_CREDIT_SPREAD
2026-09-15 10:48:49,960 - __main__ - INFO -   Strikes: 7575 / 7585
2026-09-15 10:48:49,960 - __main__ - INFO -   Credit: $2.00
2026-09-15 10:48:49,960 - __main__ - INFO -   Contracts: 5
2026-09-15 10:48:49,960 - __main__ - INFO - ================================================================================
2026-09-15 10:48:50,088 - api_handler - ERROR - Order failed: 422
2026-09-15 10:49:04,046 - __main__ - INFO - ================================================================================
2026-09-15 10:49:04,046 - __main__ - INFO - SUBMITTING REAL ALPACA ORDER
2026-09-15 10:49:04,046 - __main__ - INFO -   Setup: 15_MIN_ORB_LOW
2026-09-15 10:49:04,046 - __main__ - INFO -   Direction: BEARISH
2026-09-15 10:49:04,046 - __main__ - INFO -   Spread: CALL_CREDIT_SPREAD
2026-09-15 10:49:04,046 - __main__ - INFO -   Strikes: 7575 / 7585
2026-09-15 10:49:04,046 - __main__ - INFO -   Credit: $2.00
2026-09-15 10:49:04,046 - __main__ - INFO -   Contracts: 10
2026-09-15 10:49:04,047 - __main__ - INFO - ================================================================================
2026-09-15 10:49:04,178 - api_handler - ERROR - Order failed: 422
2026-09-15 10:49:05,579 - __main__ - INFO - ================================================================================
2026-09-15 10:49:05,580 - __main__ - INFO - SUBMITTING REAL ALPACA ORDER
2026-09-15 10:49:05,580 - __main__ - INFO -   Setup: 15_MIN_ORB_LOW
2026-09-15 10:49:05,580 - __main__ - INFO -   Direction: BEARISH
2026-09-15 10:49:05,580 - __main__ - INFO -   Spread: CALL_CREDIT_SPREAD
2026-09-15 10:49:05,580 - __main__ - INFO -   Strikes: 7575 / 7585
2026-09-15 10:49:05,581 - __main__ - INFO -   Credit: $2.00
2026-09-15 10:49:05,581 - __main__ - INFO -   Contracts: 5
2026-09-15 10:49:05,582 - __main__ - INFO - ================================================================================
2026-09-15 10:49:05,696 - api_handler - ERROR - Order failed: 422
2026-09-15 10:49:19,656 - __main__ - INFO - ================================================================================
2026-09-15 10:49:19,656 - __main__ - INFO - SUBMITTING REAL ALPACA ORDER
2026-09-15 10:49:19,656 - __main__ - INFO -   Setup: 15_MIN_ORB_LOW
2026-09-15 10:49:19,656 - __main__ - INFO -   Direction: BEARISH
2026-09-15 10:49:19,656 - __main__ - INFO -   Spread: CALL_CREDIT_SPREAD
2026-09-15 10:49:19,656 - __main__ - INFO -   Strikes: 7575 / 7585
2026-09-15 10:49:19,657 - __main__ - INFO -   Credit: $2.00
2026-09-15 10:49:19,657 - __main__ - INFO -   Contracts: 10
2026-09-15 10:49:19,657 - __main__ - INFO - ================================================================================
2026-09-15 10:49:19,767 - api_handler - ERROR - Order failed: 422
2026-09-15 10:49:21,192 - __main__ - INFO - ================================================================================
2026-09-15 10:49:21,192 - __main__ - INFO - SUBMITTING REAL ALPACA ORDER
2026-09-15 10:49:21,192 - __main__ - INFO -   Setup: 15_MIN_ORB_LOW
2026-09-15 10:49:21,192 - __main__ - INFO -   Direction: BEARISH
2026-09-15 10:49:21,192 - __main__ - INFO -   Spread: CALL_CREDIT_SPREAD
2026-09-15 10:49:21,192 - __main__ - INFO -   Strikes: 7575 / 7585
2026-09-15 10:49:21,192 - __main__ - INFO -   Credit: $2.00
2026-09-15 10:49:21,193 - __main__ - INFO -   Contracts: 5
2026-09-15 10:49:21,193 - __main__ - INFO - ================================================================================
2026-09-15 10:49:21,470 - api_handler - ERROR - Order failed: 422
2026-09-15 10:49:35,231 - __main__ - INFO - ================================================================================
2026-09-15 10:49:35,231 - __main__ - INFO - SUBMITTING REAL ALPACA ORDER
2026-09-15 10:49:35,231 - __main__ - INFO -   Setup: 15_MIN_ORB_LOW
2026-09-15 10:49:35,231 - __main__ - INFO -   Direction: BEARISH
2026-09-15 10:49:35,231 - __main__ - INFO -   Spread: CALL_CREDIT_SPREAD
2026-09-15 10:49:35,231 - __main__ - INFO -   Strikes: 7570 / 7580
2026-09-15 10:49:35,231 - __main__ - INFO -   Credit: $2.00
2026-09-15 10:49:35,232 - __main__ - INFO -   Contracts: 10
2026-09-15 10:49:35,232 - __main__ - INFO - ================================================================================
2026-09-15 10:49:35,341 - api_handler - ERROR - Order failed: 422
2026-09-15 10:49:36,993 - __main__ - INFO - ================================================================================
2026-09-15 10:49:36,993 - __main__ - INFO - SUBMITTING REAL ALPACA ORDER
2026-09-15 10:49:36,993 - __main__ - INFO -   Setup: 15_MIN_ORB_LOW
2026-09-15 10:49:36,994 - __main__ - INFO -   Direction: BEARISH
2026-09-15 10:49:36,994 - __main__ - INFO -   Spread: CALL_CREDIT_SPREAD
2026-09-15 10:49:36,994 - __main__ - INFO -   Strikes: 7570 / 7580
2026-09-15 10:49:36,994 - __main__ - INFO -   Credit: $2.00
2026-09-15 10:49:36,994 - __main__ - INFO -   Contracts: 5
2026-09-15 10:49:36,994 - __main__ - INFO - ================================================================================
2026-09-15 10:49:37,132 - api_handler - ERROR - Order failed: 422
2026-09-15 10:49:50,921 - __main__ - INFO - ================================================================================
2026-09-15 10:49:50,921 - __main__ - INFO - SUBMITTING REAL ALPACA ORDER
2026-09-15 10:49:50,921 - __main__ - INFO -   Setup: 15_MIN_ORB_LOW
2026-09-15 10:49:50,921 - __main__ - INFO -   Direction: BEARISH
2026-09-15 10:49:50,921 - __main__ - INFO -   Spread: CALL_CREDIT_SPREAD
2026-09-15 10:49:50,922 - __main__ - INFO -   Strikes: 7570 / 7580
2026-09-15 10:49:50,922 - __main__ - INFO -   Credit: $2.00
2026-09-15 10:49:50,922 - __main__ - INFO -   Contracts: 10
2026-09-15 10:49:50,922 - __main__ - INFO - ================================================================================
2026-09-15 10:49:51,034 - api_handler - ERROR - Order failed: 422
2026-09-15 10:49:52,659 - __main__ - INFO - ================================================================================
2026-09-15 10:49:52,659 - __main__ - INFO - SUBMITTING REAL ALPACA ORDER
2026-09-15 10:49:52,659 - __main__ - INFO -   Setup: 15_MIN_ORB_LOW
2026-09-15 10:49:52,659 - __main__ - INFO -   Direction: BEARISH
2026-09-15 10:49:52,659 - __main__ - INFO -   Spread: CALL_CREDIT_SPREAD
2026-09-15 10:49:52,659 - __main__ - INFO -   Strikes: 7570 / 7580
2026-09-15 10:49:52,659 - __main__ - INFO -   Credit: $2.00
2026-09-15 10:49:52,659 - __main__ - INFO -   Contracts: 5
2026-09-15 10:49:52,660 - __main__ - INFO - ================================================================================
2026-09-15 10:49:52,769 - api_handler - ERROR - Order failed: 422
2026-09-15 10:50:06,517 - __main__ - INFO - ================================================================================
2026-09-15 10:50:06,518 - __main__ - INFO - SUBMITTING REAL ALPACA ORDER
2026-09-15 10:50:06,518 - __main__ - INFO -   Setup: 15_MIN_ORB_LOW
2026-09-15 10:50:06,518 - __main__ - INFO -   Direction: BEARISH
2026-09-15 10:50:06,518 - __main__ - INFO -   Spread: CALL_CREDIT_SPREAD
2026-09-15 10:50:06,518 - __main__ - INFO -   Strikes: 7575 / 7585
2026-09-15 10:50:06,518 - __main__ - INFO -   Credit: $2.00
2026-09-15 10:50:06,518 - __main__ - INFO -   Contracts: 10
2026-09-15 10:50:06,518 - __main__ - INFO - ================================================================================
2026-09-15 10:50:06,636 - api_handler - ERROR - Order failed: 422
2026-09-15 10:50:08,314 - __main__ - INFO - ================================================================================
2026-09-15 10:50:08,314 - __main__ - INFO - SUBMITTING REAL ALPACA ORDER
2026-09-15 10:50:08,314 - __main__ - INFO -   Setup: 15_MIN_ORB_LOW
2026-09-15 10:50:08,314 - __main__ - INFO -   Direction: BEARISH
2026-09-15 10:50:08,315 - __main__ - INFO -   Spread: CALL_CREDIT_SPREAD
2026-09-15 10:50:08,315 - __main__ - INFO -   Strikes: 7575 / 7585
2026-09-15 10:50:08,315 - __main__ - INFO -   Credit: $2.00
2026-09-15 10:50:08,315 - __main__ - INFO -   Contracts: 5
2026-09-15 10:50:08,315 - __main__ - INFO - ================================================================================
2026-09-15 10:50:08,430 - api_handler - ERROR - Order failed: 422
2026-09-15 10:50:22,176 - __main__ - INFO - ================================================================================
2026-09-15 10:50:22,177 - __main__ - INFO - SUBMITTING REAL ALPACA ORDER
2026-09-15 10:50:22,177 - __main__ - INFO -   Setup: 15_MIN_ORB_LOW
2026-09-15 10:50:22,177 - __main__ - INFO -   Direction: BEARISH
2026-09-15 10:50:22,177 - __main__ - INFO -   Spread: CALL_CREDIT_SPREAD
2026-09-15 10:50:22,177 - __main__ - INFO -   Strikes: 7575 / 7585
2026-09-15 10:50:22,177 - __main__ - INFO -   Credit: $2.00
2026-09-15 10:50:22,177 - __main__ - INFO -   Contracts: 10
2026-09-15 10:50:22,177 - __main__ - INFO - ================================================================================
2026-09-15 10:50:22,298 - api_handler - ERROR - Order failed: 422
2026-09-15 10:50:23,946 - __main__ - INFO - ================================================================================
2026-09-15 10:50:23,946 - __main__ - INFO - SUBMITTING REAL ALPACA ORDER
2026-09-15 10:50:23,946 - __main__ - INFO -   Setup: 15_MIN_ORB_LOW
2026-09-15 10:50:23,946 - __main__ - INFO -   Direction: BEARISH
2026-09-15 10:50:23,946 - __main__ - INFO -   Spread: CALL_CREDIT_SPREAD
2026-09-15 10:50:23,946 - __main__ - INFO -   Strikes: 7575 / 7585
2026-09-15 10:50:23,946 - __main__ - INFO -   Credit: $2.00
2026-09-15 10:50:23,946 - __main__ - INFO -   Contracts: 5
2026-09-15 10:50:23,946 - __main__ - INFO - ================================================================================
2026-09-15 10:50:24,055 - api_handler - ERROR - Order failed: 422
2026-09-15 10:50:37,794 - __main__ - INFO - ================================================================================
2026-09-15 10:50:37,795 - __main__ - INFO - SUBMITTING REAL ALPACA ORDER
2026-09-15 10:50:37,795 - __main__ - INFO -   Setup: 15_MIN_ORB_LOW
2026-09-15 10:50:37,795 - __main__ - INFO -   Direction: BEARISH
2026-09-15 10:50:37,795 - __main__ - INFO -   Spread: CALL_CREDIT_SPREAD
2026-09-15 10:50:37,795 - __main__ - INFO -   Strikes: 7575 / 7585
2026-09-15 10:50:37,795 - __main__ - INFO -   Credit: $2.00
2026-09-15 10:50:37,796 - __main__ - INFO -   Contracts: 10
2026-09-15 10:50:37,796 - __main__ - INFO - ================================================================================
2026-09-15 10:50:37,927 - api_handler - ERROR - Order failed: 422
2026-09-15 10:50:39,690 - __main__ - INFO - ================================================================================
2026-09-15 10:50:39,690 - __main__ - INFO - SUBMITTING REAL ALPACA ORDER
2026-09-15 10:50:39,690 - __main__ - INFO -   Setup: 15_MIN_ORB_LOW
2026-09-15 10:50:39,691 - __main__ - INFO -   Direction: BEARISH
2026-09-15 10:50:39,691 - __main__ - INFO -   Spread: CALL_CREDIT_SPREAD
2026-09-15 10:50:39,691 - __main__ - INFO -   Strikes: 7575 / 7585
2026-09-15 10:50:39,691 - __main__ - INFO -   Credit: $2.00
2026-09-15 10:50:39,692 - __main__ - INFO -   Contracts: 5
2026-09-15 10:50:39,692 - __main__ - INFO - ================================================================================
2026-09-15 10:50:39,800 - api_handler - ERROR - Order failed: 422
2026-09-15 10:50:53,457 - __main__ - INFO - ================================================================================
2026-09-15 10:50:53,458 - __main__ - INFO - SUBMITTING REAL ALPACA ORDER
2026-09-15 10:50:53,458 - __main__ - INFO -   Setup: 15_MIN_ORB_LOW
2026-09-15 10:50:53,458 - __main__ - INFO -   Direction: BEARISH
2026-09-15 10:50:53,458 - __main__ - INFO -   Spread: CALL_CREDIT_SPREAD
2026-09-15 10:50:53,459 - __main__ - INFO -   Strikes: 7575 / 7585
2026-09-15 10:50:53,459 - __main__ - INFO -   Credit: $2.00
2026-09-15 10:50:53,459 - __main__ - INFO -   Contracts: 10
2026-09-15 10:50:53,459 - __main__ - INFO - ================================================================================
2026-09-15 10:50:53,578 - api_handler - ERROR - Order failed: 422
2026-09-15 10:50:55,337 - __main__ - INFO - ================================================================================
2026-09-15 10:50:55,337 - __main__ - INFO - SUBMITTING REAL ALPACA ORDER
2026-09-15 10:50:55,338 - __main__ - INFO -   Setup: 15_MIN_ORB_LOW
2026-09-15 10:50:55,338 - __main__ - INFO -   Direction: BEARISH
2026-09-15 10:50:55,338 - __main__ - INFO -   Spread: CALL_CREDIT_SPREAD
2026-09-15 10:50:55,338 - __main__ - INFO -   Strikes: 7575 / 7585
2026-09-15 10:50:55,338 - __main__ - INFO -   Credit: $2.00
2026-09-15 10:50:55,338 - __main__ - INFO -   Contracts: 5
2026-09-15 10:50:55,338 - __main__ - INFO - ================================================================================
2026-09-15 10:50:55,452 - api_handler - ERROR - Order failed: 422
2026-09-15 10:51:08,990 - __main__ - INFO - ================================================================================
2026-09-15 10:51:08,990 - __main__ - INFO - SUBMITTING REAL ALPACA ORDER
2026-09-15 10:51:08,990 - __main__ - INFO -   Setup: 15_MIN_ORB_LOW
2026-09-15 10:51:08,991 - __main__ - INFO -   Direction: BEARISH
2026-09-15 10:51:08,991 - __main__ - INFO -   Spread: CALL_CREDIT_SPREAD
2026-09-15 10:51:08,991 - __main__ - INFO -   Strikes: 7575 / 7585
2026-09-15 10:51:08,991 - __main__ - INFO -   Credit: $2.00
2026-09-15 10:51:08,991 - __main__ - INFO -   Contracts: 10
2026-09-15 10:51:08,991 - __main__ - INFO - ================================================================================
2026-09-15 10:51:09,110 - api_handler - ERROR - Order failed: 422
2026-09-15 10:51:10,887 - __main__ - INFO - ================================================================================
2026-09-15 10:51:10,887 - __main__ - INFO - SUBMITTING REAL ALPACA ORDER
2026-09-15 10:51:10,887 - __main__ - INFO -   Setup: 15_MIN_ORB_LOW
2026-09-15 10:51:10,887 - __main__ - INFO -   Direction: BEARISH
2026-09-15 10:51:10,887 - __main__ - INFO -   Spread: CALL_CREDIT_SPREAD
2026-09-15 10:51:10,888 - __main__ - INFO -   Strikes: 7575 / 7585
2026-09-15 10:51:10,888 - __main__ - INFO -   Credit: $2.00
2026-09-15 10:51:10,888 - __main__ - INFO -   Contracts: 5
2026-09-15 10:51:10,888 - __main__ - INFO - ================================================================================
2026-09-15 10:51:10,995 - api_handler - ERROR - Order failed: 422
2026-09-15 10:51:24,640 - __main__ - INFO - ================================================================================
2026-09-15 10:51:24,640 - __main__ - INFO - SUBMITTING REAL ALPACA ORDER
2026-09-15 10:51:24,640 - __main__ - INFO -   Setup: 15_MIN_ORB_LOW
2026-09-15 10:51:24,640 - __main__ - INFO -   Direction: BEARISH
2026-09-15 10:51:24,640 - __main__ - INFO -   Spread: CALL_CREDIT_SPREAD
2026-09-15 10:51:24,640 - __main__ - INFO -   Strikes: 7575 / 7585
2026-09-15 10:51:24,641 - __main__ - INFO -   Credit: $2.00
2026-09-15 10:51:24,641 - __main__ - INFO -   Contracts: 10
2026-09-15 10:51:24,641 - __main__ - INFO - ================================================================================
2026-09-15 10:51:24,749 - api_handler - ERROR - Order failed: 422
2026-09-15 10:51:26,550 - __main__ - INFO - ================================================================================
2026-09-15 10:51:26,550 - __main__ - INFO - SUBMITTING REAL ALPACA ORDER
2026-09-15 10:51:26,550 - __main__ - INFO -   Setup: 15_MIN_ORB_LOW
2026-09-15 10:51:26,551 - __main__ - INFO -   Direction: BEARISH
2026-09-15 10:51:26,551 - __main__ - INFO -   Spread: CALL_CREDIT_SPREAD
2026-09-15 10:51:26,551 - __main__ - INFO -   Strikes: 7575 / 7585
2026-09-15 10:51:26,551 - __main__ - INFO -   Credit: $2.00
2026-09-15 10:51:26,552 - __main__ - INFO -   Contracts: 5
2026-09-15 10:51:26,552 - __main__ - INFO - ================================================================================
2026-09-15 10:51:26,660 - api_handler - ERROR - Order failed: 422
2026-09-15 10:51:40,262 - __main__ - INFO - ================================================================================
2026-09-15 10:51:40,263 - __main__ - INFO - SUBMITTING REAL ALPACA ORDER
2026-09-15 10:51:40,263 - __main__ - INFO -   Setup: 15_MIN_ORB_LOW
2026-09-15 10:51:40,263 - __main__ - INFO -   Direction: BEARISH
2026-09-15 10:51:40,263 - __main__ - INFO -   Spread: CALL_CREDIT_SPREAD
2026-09-15 10:51:40,263 - __main__ - INFO -   Strikes: 7575 / 7585
2026-09-15 10:51:40,263 - __main__ - INFO -   Credit: $2.00
2026-09-15 10:51:40,263 - __main__ - INFO -   Contracts: 10
2026-09-15 10:51:40,263 - __main__ - INFO - ================================================================================
2026-09-15 10:51:40,367 - api_handler - ERROR - Order failed: 422
2026-09-15 10:51:42,146 - __main__ - INFO - ================================================================================
2026-09-15 10:51:42,149 - __main__ - INFO - SUBMITTING REAL ALPACA ORDER
2026-09-15 10:51:42,149 - __main__ - INFO -   Setup: 15_MIN_ORB_LOW
2026-09-15 10:51:42,149 - __main__ - INFO -   Direction: BEARISH
2026-09-15 10:51:42,150 - __main__ - INFO -   Spread: CALL_CREDIT_SPREAD
2026-09-15 10:51:42,150 - __main__ - INFO -   Strikes: 7575 / 7585
2026-09-15 10:51:42,150 - __main__ - INFO -   Credit: $2.00
2026-09-15 10:51:42,150 - __main__ - INFO -   Contracts: 5
2026-09-15 10:51:42,151 - __main__ - INFO - ================================================================================
2026-09-15 10:51:42,305 - api_handler - ERROR - Order failed: 422
2026-09-15 10:51:48,068 - __main__ - INFO - 
 CLAUDE SCHEDULER STOPPED
2026-09-15 10:51:48,069 - __main__ - INFO - TRADING DAY ENDING AT 12:30 PM
2026-09-15 10:51:48,179 - api_handler - INFO - All orders canceled
2026-09-15 10:51:48,274 - __main__ - INFO -    Final P&L: $0.00
2026-09-15 10:51:48,275 - __main__ - INFO -    Trades: 0
2026-09-15 10:51:48,275 - __main__ - INFO - ================================================================================
2026-09-15 10:51:49,367 - __main__ - INFO - 
 ASTRA SCHEDULER STOPPED
2026-09-15 10:51:49,369 - __main__ - INFO - TRADING DAY ENDING AT 12:30 PM
2026-09-15 10:51:49,503 - api_handler - INFO - All orders canceled
2026-09-15 10:51:49,625 - __main__ - INFO -    Final P&L: $0.00
2026-09-15 10:51:49,626 - __main__ - INFO -    Trades: 0
2026-09-15 10:51:49,628 - __main__ - INFO - ================================================================================
2026-09-15 10:51:54,951 - api_handler - INFO - Connected to Alpaca
2026-09-15 10:51:54,952 - api_handler - INFO -   Equity: $5000.00
2026-09-15 10:51:54,953 - api_handler - INFO -   Buying Power: $20000.00
2026-09-15 10:51:54,957 - __main__ - INFO - ================================================================================
2026-09-15 10:51:54,957 - __main__ - INFO - ASTRA SCHEDULER INITIALIZED
2026-09-15 10:51:54,958 - __main__ - INFO - Trading: Account 2 ($10000)
2026-09-15 10:51:54,958 - __main__ - INFO - Mode: REAL ALPACA PAPER ORDERS
2026-09-15 10:51:54,959 - __main__ - INFO - ================================================================================
2026-09-15 10:51:54,960 - __main__ - INFO - Schedule configured
2026-09-15 10:51:54,960 - __main__ - INFO -   • 8:00 AM: Start
2026-09-15 10:51:54,961 - __main__ - INFO -   • Every minute: Check signals & manage positions
2026-09-15 10:51:54,961 - __main__ - INFO -   • 12:30 PM: Close all positions
2026-09-15 10:51:54,962 - __main__ - INFO - 
 LATE START DETECTED - Current time: 11:51 
2026-09-15 10:51:54,962 - __main__ - INFO - Starting trading immediately..

2026-09-15 10:51:55,555 - strategy - INFO - Overnight: High 7652.0 / Low 7593.75
2026-09-15 10:51:55,555 - __main__ - INFO - TRADING DAY STARTED
2026-09-15 10:51:55,556 - __main__ - INFO -    Equity: $20,000.00
2026-09-15 10:51:55,556 - __main__ - INFO -    Tier: TIER_3
2026-09-15 10:51:55,556 - __main__ - INFO -    Max Risk: $1,000.00
2026-09-15 10:51:55,557 - __main__ - INFO -    Spread Width: 10 pt
2026-09-15 10:51:55,557 - __main__ - INFO - 
 CLAUDE SCHEDULE RUNNING _ PRESS CTRL + C to stop

2026-09-15 10:51:58,706 - api_handler - INFO - Connected to Alpaca
2026-09-15 10:51:58,707 - api_handler - INFO -   Equity: $100000.00
2026-09-15 10:51:58,708 - api_handler - INFO -   Buying Power: $400000.00
2026-09-15 10:51:58,710 - __main__ - INFO - ================================================================================
2026-09-15 10:51:58,711 - __main__ - INFO - ASTRA SCHEDULER INITIALIZED
2026-09-15 10:51:58,711 - __main__ - INFO - Trading: Account 1 ($10000)
2026-09-15 10:51:58,711 - __main__ - INFO - Mode: REAL ALPACA PAPER ORDERS
2026-09-15 10:51:58,712 - __main__ - INFO - ================================================================================
2026-09-15 10:51:58,713 - __main__ - INFO - Schedule configured
2026-09-15 10:51:58,713 - __main__ - INFO -   • 8:00 AM: Start
2026-09-15 10:51:58,713 - __main__ - INFO -   • Every minute: Check signals & manage positions
2026-09-15 10:51:58,714 - __main__ - INFO -   • 12:30 PM: Close all positions
2026-09-15 10:51:58,714 - __main__ - INFO - 
 LATE START DETECTED - Current time: 11:51 
2026-09-15 10:51:58,714 - __main__ - INFO - Starting trading immediately..

2026-09-15 10:51:59,195 - strategy - INFO - Overnight: High 7652.0 / Low 7593.75
2026-09-15 10:51:59,195 - __main__ - INFO - TRADING DAY STARTED
2026-09-15 10:51:59,196 - __main__ - INFO -    Equity: $400,000.00
2026-09-15 10:51:59,196 - __main__ - INFO -    Tier: TIER_5
2026-09-15 10:51:59,196 - __main__ - INFO -    Max Risk: $20,000.00
2026-09-15 10:51:59,196 - __main__ - INFO -    Spread Width: 10 pt
2026-09-15 10:51:59,196 - __main__ - INFO - 
 ASTRA SCHEDULE RUNNING _ PRESS CTRL + C to stop

2026-09-15 10:52:26,560 - __main__ - INFO - ================================================================================
2026-09-15 10:52:26,562 - __main__ - INFO - SUBMITTING REAL ALPACA ORDER
2026-09-15 10:52:26,563 - __main__ - INFO -   Setup: OVERNIGHT_HIGH_BREAKOUT
2026-09-15 10:52:26,563 - __main__ - INFO -   Direction: BULLISH
2026-09-15 10:52:26,563 - __main__ - INFO -   Spread: PUT_CREDIT_SPREAD
2026-09-15 10:52:26,563 - __main__ - INFO -   Strikes: 7595 / 7585
2026-09-15 10:52:26,563 - __main__ - INFO -   Credit: $2.00
2026-09-15 10:52:26,563 - __main__ - INFO -   Contracts: 5
2026-09-15 10:52:26,563 - __main__ - INFO - ================================================================================
2026-09-15 10:52:26,669 - api_handler - ERROR - Order failed: 422
2026-09-15 10:52:30,345 - __main__ - INFO - ================================================================================
2026-09-15 10:52:30,347 - __main__ - INFO - SUBMITTING REAL ALPACA ORDER
2026-09-15 10:52:30,347 - __main__ - INFO -   Setup: OVERNIGHT_HIGH_BREAKOUT
2026-09-15 10:52:30,347 - __main__ - INFO -   Direction: BULLISH
2026-09-15 10:52:30,347 - __main__ - INFO -   Spread: PUT_CREDIT_SPREAD
2026-09-15 10:52:30,347 - __main__ - INFO -   Strikes: 7595 / 7585
2026-09-15 10:52:30,347 - __main__ - INFO -   Credit: $2.00
2026-09-15 10:52:30,348 - __main__ - INFO -   Contracts: 10
2026-09-15 10:52:30,348 - __main__ - INFO - ================================================================================
2026-09-15 10:52:30,480 - api_handler - ERROR - Order failed: 422
2026-09-15 10:55:48,870 - strategy - INFO - Opening Range (9:30-9:45): High 7682.75 / Low 7677.5
2026-09-15 10:55:48,870 - __main__ - INFO - Opening range established
2026-09-15 10:55:52,317 - strategy - INFO - Opening Range (9:30-9:45): High 7682.75 / Low 7677.5
2026-09-15 10:55:52,318 - __main__ - INFO - Opening range established
2026-09-15 10:56:04,922 - __main__ - INFO - ================================================================================
2026-09-15 10:56:04,924 - __main__ - INFO - SUBMITTING REAL ALPACA ORDER
2026-09-15 10:56:04,924 - __main__ - INFO -   Setup: 15_MIN_ORB_LOW
2026-09-15 10:56:04,924 - __main__ - INFO -   Direction: BEARISH
2026-09-15 10:56:04,924 - __main__ - INFO -   Spread: CALL_CREDIT_SPREAD
2026-09-15 10:56:04,925 - __main__ - INFO -   Strikes: 7575 / 7585
2026-09-15 10:56:04,925 - __main__ - INFO -   Credit: $2.00
2026-09-15 10:56:04,925 - __main__ - INFO -   Contracts: 5
2026-09-15 10:56:04,925 - __main__ - INFO - ================================================================================
2026-09-15 10:56:05,049 - api_handler - ERROR - Order failed: 422
2026-09-15 10:56:08,393 - __main__ - INFO - ================================================================================
2026-09-15 10:56:08,395 - __main__ - INFO - SUBMITTING REAL ALPACA ORDER
2026-09-15 10:56:08,395 - __main__ - INFO -   Setup: 15_MIN_ORB_LOW
2026-09-15 10:56:08,395 - __main__ - INFO -   Direction: BEARISH
2026-09-15 10:56:08,396 - __main__ - INFO -   Spread: CALL_CREDIT_SPREAD
2026-09-15 10:56:08,396 - __main__ - INFO -   Strikes: 7575 / 7585
2026-09-15 10:56:08,396 - __main__ - INFO -   Credit: $2.00
2026-09-15 10:56:08,396 - __main__ - INFO -   Contracts: 10
2026-09-15 10:56:08,396 - __main__ - INFO - ================================================================================
2026-09-15 10:56:08,509 - api_handler - ERROR - Order failed: 422
2026-09-15 10:56:20,470 - __main__ - INFO - ================================================================================
2026-09-15 10:56:20,471 - __main__ - INFO - SUBMITTING REAL ALPACA ORDER
2026-09-15 10:56:20,471 - __main__ - INFO -   Setup: 15_MIN_ORB_LOW
2026-09-15 10:56:20,471 - __main__ - INFO -   Direction: BEARISH
2026-09-15 10:56:20,472 - __main__ - INFO -   Spread: CALL_CREDIT_SPREAD
2026-09-15 10:56:20,472 - __main__ - INFO -   Strikes: 7575 / 7585
2026-09-15 10:56:20,472 - __main__ - INFO -   Credit: $2.00
2026-09-15 10:56:20,472 - __main__ - INFO -   Contracts: 5
2026-09-15 10:56:20,472 - __main__ - INFO - ================================================================================
2026-09-15 10:56:20,579 - api_handler - ERROR - Order failed: 422
2026-09-15 10:56:23,972 - __main__ - INFO - ================================================================================
2026-09-15 10:56:23,973 - __main__ - INFO - SUBMITTING REAL ALPACA ORDER
2026-09-15 10:56:23,974 - __main__ - INFO -   Setup: 15_MIN_ORB_LOW
2026-09-15 10:56:23,974 - __main__ - INFO -   Direction: BEARISH
2026-09-15 10:56:23,974 - __main__ - INFO -   Spread: CALL_CREDIT_SPREAD
2026-09-15 10:56:23,974 - __main__ - INFO -   Strikes: 7575 / 7585
2026-09-15 10:56:23,974 - __main__ - INFO -   Credit: $2.00
2026-09-15 10:56:23,974 - __main__ - INFO -   Contracts: 10
2026-09-15 10:56:23,974 - __main__ - INFO - ================================================================================
2026-09-15 10:56:24,078 - api_handler - ERROR - Order failed: 422
2026-09-15 10:56:36,035 - __main__ - INFO - ================================================================================
2026-09-15 10:56:36,037 - __main__ - INFO - SUBMITTING REAL ALPACA ORDER
2026-09-15 10:56:36,037 - __main__ - INFO -   Setup: 15_MIN_ORB_LOW
2026-09-15 10:56:36,037 - __main__ - INFO -   Direction: BEARISH
2026-09-15 10:56:36,037 - __main__ - INFO -   Spread: CALL_CREDIT_SPREAD
2026-09-15 10:56:36,037 - __main__ - INFO -   Strikes: 7575 / 7585
2026-09-15 10:56:36,037 - __main__ - INFO -   Credit: $2.00
2026-09-15 10:56:36,037 - __main__ - INFO -   Contracts: 5
2026-09-15 10:56:36,038 - __main__ - INFO - ================================================================================
2026-09-15 10:56:36,145 - api_handler - ERROR - Order failed: 422
2026-09-15 10:56:39,560 - __main__ - INFO - ================================================================================
2026-09-15 10:56:39,562 - __main__ - INFO - SUBMITTING REAL ALPACA ORDER
2026-09-15 10:56:39,562 - __main__ - INFO -   Setup: 15_MIN_ORB_LOW
2026-09-15 10:56:39,562 - __main__ - INFO -   Direction: BEARISH
2026-09-15 10:56:39,562 - __main__ - INFO -   Spread: CALL_CREDIT_SPREAD
2026-09-15 10:56:39,562 - __main__ - INFO -   Strikes: 7575 / 7585
2026-09-15 10:56:39,562 - __main__ - INFO -   Credit: $2.00
2026-09-15 10:56:39,562 - __main__ - INFO -   Contracts: 10
2026-09-15 10:56:39,563 - __main__ - INFO - ================================================================================
2026-09-15 10:56:39,666 - api_handler - ERROR - Order failed: 422
2026-09-15 10:56:51,679 - __main__ - INFO - ================================================================================
2026-09-15 10:56:51,681 - __main__ - INFO - SUBMITTING REAL ALPACA ORDER
2026-09-15 10:56:51,681 - __main__ - INFO -   Setup: 15_MIN_ORB_LOW
2026-09-15 10:56:51,681 - __main__ - INFO -   Direction: BEARISH
2026-09-15 10:56:51,681 - __main__ - INFO -   Spread: CALL_CREDIT_SPREAD
2026-09-15 10:56:51,681 - __main__ - INFO -   Strikes: 7575 / 7585
2026-09-15 10:56:51,681 - __main__ - INFO -   Credit: $2.00
2026-09-15 10:56:51,681 - __main__ - INFO -   Contracts: 5
2026-09-15 10:56:51,681 - __main__ - INFO - ================================================================================
2026-09-15 10:56:51,810 - api_handler - ERROR - Order failed: 422
2026-09-15 10:56:55,089 - __main__ - INFO - ================================================================================
2026-09-15 10:56:55,090 - __main__ - INFO - SUBMITTING REAL ALPACA ORDER
2026-09-15 10:56:55,091 - __main__ - INFO -   Setup: 15_MIN_ORB_LOW
2026-09-15 10:56:55,091 - __main__ - INFO -   Direction: BEARISH
2026-09-15 10:56:55,091 - __main__ - INFO -   Spread: CALL_CREDIT_SPREAD
2026-09-15 10:56:55,091 - __main__ - INFO -   Strikes: 7575 / 7585
2026-09-15 10:56:55,091 - __main__ - INFO -   Credit: $2.00
2026-09-15 10:56:55,091 - __main__ - INFO -   Contracts: 10
2026-09-15 10:56:55,091 - __main__ - INFO - ================================================================================
2026-09-15 10:56:55,207 - api_handler - ERROR - Order failed: 422
2026-09-15 10:57:07,325 - __main__ - INFO - ================================================================================
2026-09-15 10:57:07,327 - __main__ - INFO - SUBMITTING REAL ALPACA ORDER
2026-09-15 10:57:07,327 - __main__ - INFO -   Setup: 15_MIN_ORB_LOW
2026-09-15 10:57:07,327 - __main__ - INFO -   Direction: BEARISH
2026-09-15 10:57:07,327 - __main__ - INFO -   Spread: CALL_CREDIT_SPREAD
2026-09-15 10:57:07,327 - __main__ - INFO -   Strikes: 7575 / 7585
2026-09-15 10:57:07,327 - __main__ - INFO -   Credit: $2.00
2026-09-15 10:57:07,328 - __main__ - INFO -   Contracts: 5
2026-09-15 10:57:07,328 - __main__ - INFO - ================================================================================
2026-09-15 10:57:07,462 - api_handler - ERROR - Order failed: 422
2026-09-15 10:57:10,673 - __main__ - INFO - ================================================================================
2026-09-15 10:57:10,676 - __main__ - INFO - SUBMITTING REAL ALPACA ORDER
2026-09-15 10:57:10,676 - __main__ - INFO -   Setup: 15_MIN_ORB_LOW
2026-09-15 10:57:10,677 - __main__ - INFO -   Direction: BEARISH
2026-09-15 10:57:10,677 - __main__ - INFO -   Spread: CALL_CREDIT_SPREAD
2026-09-15 10:57:10,677 - __main__ - INFO -   Strikes: 7575 / 7585
2026-09-15 10:57:10,677 - __main__ - INFO -   Credit: $2.00
2026-09-15 10:57:10,678 - __main__ - INFO -   Contracts: 10
2026-09-15 10:57:10,678 - __main__ - INFO - ================================================================================
2026-09-15 10:57:10,783 - api_handler - ERROR - Order failed: 422
2026-09-15 10:57:22,974 - __main__ - INFO - ================================================================================
2026-09-15 10:57:22,976 - __main__ - INFO - SUBMITTING REAL ALPACA ORDER
2026-09-15 10:57:22,976 - __main__ - INFO -   Setup: 15_MIN_ORB_LOW
2026-09-15 10:57:22,976 - __main__ - INFO -   Direction: BEARISH
2026-09-15 10:57:22,976 - __main__ - INFO -   Spread: CALL_CREDIT_SPREAD
2026-09-15 10:57:22,976 - __main__ - INFO -   Strikes: 7575 / 7585
2026-09-15 10:57:22,977 - __main__ - INFO -   Credit: $2.00
2026-09-15 10:57:22,977 - __main__ - INFO -   Contracts: 5
2026-09-15 10:57:22,977 - __main__ - INFO - ================================================================================
2026-09-15 10:57:23,083 - api_handler - ERROR - Order failed: 422
2026-09-15 10:57:26,240 - __main__ - INFO - ================================================================================
2026-09-15 10:57:26,242 - __main__ - INFO - SUBMITTING REAL ALPACA ORDER
2026-09-15 10:57:26,242 - __main__ - INFO -   Setup: 15_MIN_ORB_LOW
2026-09-15 10:57:26,242 - __main__ - INFO -   Direction: BEARISH
2026-09-15 10:57:26,242 - __main__ - INFO -   Spread: CALL_CREDIT_SPREAD
2026-09-15 10:57:26,242 - __main__ - INFO -   Strikes: 7575 / 7585
2026-09-15 10:57:26,242 - __main__ - INFO -   Credit: $2.00
2026-09-15 10:57:26,242 - __main__ - INFO -   Contracts: 10
2026-09-15 10:57:26,242 - __main__ - INFO - ================================================================================
2026-09-15 10:57:26,360 - api_handler - ERROR - Order failed: 422
2026-09-15 10:57:38,627 - __main__ - INFO - ================================================================================
2026-09-15 10:57:38,629 - __main__ - INFO - SUBMITTING REAL ALPACA ORDER
2026-09-15 10:57:38,629 - __main__ - INFO -   Setup: 15_MIN_ORB_LOW
2026-09-15 10:57:38,630 - __main__ - INFO -   Direction: BEARISH
2026-09-15 10:57:38,630 - __main__ - INFO -   Spread: CALL_CREDIT_SPREAD
2026-09-15 10:57:38,630 - __main__ - INFO -   Strikes: 7575 / 7585
2026-09-15 10:57:38,630 - __main__ - INFO -   Credit: $2.00
2026-09-15 10:57:38,630 - __main__ - INFO -   Contracts: 5
2026-09-15 10:57:38,630 - __main__ - INFO - ================================================================================
2026-09-15 10:57:38,743 - api_handler - ERROR - Order failed: 422
2026-09-15 10:57:41,819 - __main__ - INFO - ================================================================================
2026-09-15 10:57:41,821 - __main__ - INFO - SUBMITTING REAL ALPACA ORDER
2026-09-15 10:57:41,821 - __main__ - INFO -   Setup: 15_MIN_ORB_LOW
2026-09-15 10:57:41,821 - __main__ - INFO -   Direction: BEARISH
2026-09-15 10:57:41,821 - __main__ - INFO -   Spread: CALL_CREDIT_SPREAD
2026-09-15 10:57:41,822 - __main__ - INFO -   Strikes: 7575 / 7585
2026-09-15 10:57:41,822 - __main__ - INFO -   Credit: $2.00
2026-09-15 10:57:41,822 - __main__ - INFO -   Contracts: 10
2026-09-15 10:57:41,822 - __main__ - INFO - ================================================================================
2026-09-15 10:57:41,944 - api_handler - ERROR - Order failed: 422
2026-09-15 10:57:50,488 - __main__ - INFO - 
 CLAUDE SCHEDULER STOPPED
2026-09-15 10:57:50,489 - __main__ - INFO - TRADING DAY ENDING AT 12:30 PM
2026-09-15 10:57:50,660 - api_handler - INFO - All orders canceled
2026-09-15 10:57:50,794 - __main__ - INFO -    Final P&L: $0.00
2026-09-15 10:57:50,795 - __main__ - INFO -    Trades: 0
2026-09-15 10:57:50,795 - __main__ - INFO - ================================================================================
2026-09-15 10:57:57,484 - __main__ - INFO - ================================================================================
2026-09-15 10:57:57,486 - __main__ - INFO - SUBMITTING REAL ALPACA ORDER
2026-09-15 10:57:57,486 - __main__ - INFO -   Setup: 15_MIN_ORB_LOW
2026-09-15 10:57:57,486 - __main__ - INFO -   Direction: BEARISH
2026-09-15 10:57:57,487 - __main__ - INFO -   Spread: CALL_CREDIT_SPREAD
2026-09-15 10:57:57,487 - __main__ - INFO -   Strikes: 7575 / 7585
2026-09-15 10:57:57,487 - __main__ - INFO -   Credit: $2.00
2026-09-15 10:57:57,487 - __main__ - INFO -   Contracts: 10
2026-09-15 10:57:57,487 - __main__ - INFO - ================================================================================
2026-09-15 10:57:57,592 - api_handler - ERROR - Order failed: 422
2026-09-15 10:58:13,096 - __main__ - INFO - ================================================================================
2026-09-15 10:58:13,098 - __main__ - INFO - SUBMITTING REAL ALPACA ORDER
2026-09-15 10:58:13,098 - __main__ - INFO -   Setup: 15_MIN_ORB_LOW
2026-09-15 10:58:13,098 - __main__ - INFO -   Direction: BEARISH
2026-09-15 10:58:13,099 - __main__ - INFO -   Spread: CALL_CREDIT_SPREAD
2026-09-15 10:58:13,099 - __main__ - INFO -   Strikes: 7575 / 7585
2026-09-15 10:58:13,099 - __main__ - INFO -   Credit: $2.00
2026-09-15 10:58:13,099 - __main__ - INFO -   Contracts: 10
2026-09-15 10:58:13,099 - __main__ - INFO - ================================================================================
2026-09-15 10:58:13,229 - api_handler - ERROR - Order failed: 422
2026-09-15 10:58:28,831 - __main__ - INFO - ================================================================================
2026-09-15 10:58:28,833 - __main__ - INFO - SUBMITTING REAL ALPACA ORDER
2026-09-15 10:58:28,833 - __main__ - INFO -   Setup: 15_MIN_ORB_LOW
2026-09-15 10:58:28,834 - __main__ - INFO -   Direction: BEARISH
2026-09-15 10:58:28,834 - __main__ - INFO -   Spread: CALL_CREDIT_SPREAD
2026-09-15 10:58:28,834 - __main__ - INFO -   Strikes: 7575 / 7585
2026-09-15 10:58:28,834 - __main__ - INFO -   Credit: $2.00
2026-09-15 10:58:28,834 - __main__ - INFO -   Contracts: 10
2026-09-15 10:58:28,835 - __main__ - INFO - ================================================================================
2026-09-15 10:58:28,945 - api_handler - ERROR - Order failed: 422
2026-09-15 10:58:44,449 - __main__ - INFO - ================================================================================
2026-09-15 10:58:44,452 - __main__ - INFO - SUBMITTING REAL ALPACA ORDER
2026-09-15 10:58:44,452 - __main__ - INFO -   Setup: 15_MIN_ORB_LOW
2026-09-15 10:58:44,452 - __main__ - INFO -   Direction: BEARISH
2026-09-15 10:58:44,452 - __main__ - INFO -   Spread: CALL_CREDIT_SPREAD
2026-09-15 10:58:44,452 - __main__ - INFO -   Strikes: 7575 / 7585
2026-09-15 10:58:44,453 - __main__ - INFO -   Credit: $2.00
2026-09-15 10:58:44,453 - __main__ - INFO -   Contracts: 10
2026-09-15 10:58:44,453 - __main__ - INFO - ================================================================================
2026-09-15 10:58:44,581 - api_handler - ERROR - Order failed: 422
2026-09-15 10:58:49,315 - api_handler - INFO - Connected to Alpaca
2026-09-15 10:58:49,315 - api_handler - INFO -   Equity: $5000.00
2026-09-15 10:58:49,316 - api_handler - INFO -   Buying Power: $20000.00
2026-09-15 10:58:49,318 - __main__ - INFO - ================================================================================
2026-09-15 10:58:49,318 - __main__ - INFO - ASTRA SCHEDULER INITIALIZED
2026-09-15 10:58:49,318 - __main__ - INFO - Trading: Account 2 ($10000)
2026-09-15 10:58:49,318 - __main__ - INFO - Mode: REAL ALPACA PAPER ORDERS
2026-09-15 10:58:49,319 - __main__ - INFO - ================================================================================
2026-09-15 10:58:49,319 - __main__ - INFO - Schedule configured
2026-09-15 10:58:49,320 - __main__ - INFO -   • 8:00 AM: Start
2026-09-15 10:58:49,320 - __main__ - INFO -   • Every minute: Check signals & manage positions
2026-09-15 10:58:49,320 - __main__ - INFO -   • 12:30 PM: Close all positions
2026-09-15 10:58:49,320 - __main__ - INFO - 
 LATE START DETECTED - Current time: 11:58 
2026-09-15 10:58:49,321 - __main__ - INFO - Starting trading immediately..

2026-09-15 10:58:49,982 - strategy - INFO - Overnight: High 7652.0 / Low 7593.75
2026-09-15 10:58:49,982 - __main__ - INFO - TRADING DAY STARTED
2026-09-15 10:58:49,983 - __main__ - INFO -    Equity: $20,000.00
2026-09-15 10:58:49,983 - __main__ - INFO -    Tier: TIER_3
2026-09-15 10:58:49,983 - __main__ - INFO -    Max Risk: $1,000.00
2026-09-15 10:58:49,983 - __main__ - INFO -    Spread Width: 10 pt
2026-09-15 10:58:49,983 - __main__ - INFO - 
 CLAUDE SCHEDULE RUNNING _ PRESS CTRL + C to stop

2026-09-15 10:59:00,216 - __main__ - INFO - ================================================================================
2026-09-15 10:59:00,219 - __main__ - INFO - SUBMITTING REAL ALPACA ORDER
2026-09-15 10:59:00,219 - __main__ - INFO -   Setup: 15_MIN_ORB_LOW
2026-09-15 10:59:00,219 - __main__ - INFO -   Direction: BEARISH
2026-09-15 10:59:00,220 - __main__ - INFO -   Spread: CALL_CREDIT_SPREAD
2026-09-15 10:59:00,220 - __main__ - INFO -   Strikes: 7575 / 7585
2026-09-15 10:59:00,220 - __main__ - INFO -   Credit: $2.00
2026-09-15 10:59:00,220 - __main__ - INFO -   Contracts: 10
2026-09-15 10:59:00,221 - __main__ - INFO - ================================================================================
2026-09-15 10:59:00,340 - api_handler - ERROR - Order failed: 422
2026-09-15 10:59:01,141 - __main__ - INFO - 
 ASTRA SCHEDULER STOPPED
2026-09-15 10:59:01,142 - __main__ - INFO - TRADING DAY ENDING AT 12:30 PM
2026-09-15 10:59:01,331 - api_handler - INFO - All orders canceled
2026-09-15 10:59:01,495 - __main__ - INFO -    Final P&L: $0.00
2026-09-15 10:59:01,496 - __main__ - INFO -    Trades: 0
2026-09-15 10:59:01,497 - __main__ - INFO - ================================================================================
2026-09-15 10:59:04,687 - api_handler - INFO - Connected to Alpaca
2026-09-15 10:59:04,688 - api_handler - INFO -   Equity: $100000.00
2026-09-15 10:59:04,690 - api_handler - INFO -   Buying Power: $400000.00
2026-09-15 10:59:04,693 - __main__ - INFO - ================================================================================
2026-09-15 10:59:04,694 - __main__ - INFO - ASTRA SCHEDULER INITIALIZED
2026-09-15 10:59:04,694 - __main__ - INFO - Trading: Account 1 ($10000)
2026-09-15 10:59:04,695 - __main__ - INFO - Mode: REAL ALPACA PAPER ORDERS
2026-09-15 10:59:04,695 - __main__ - INFO - ================================================================================
2026-09-15 10:59:04,696 - __main__ - INFO - Schedule configured
2026-09-15 10:59:04,697 - __main__ - INFO -   • 8:00 AM: Start
2026-09-15 10:59:04,697 - __main__ - INFO -   • Every minute: Check signals & manage positions
2026-09-15 10:59:04,698 - __main__ - INFO -   • 12:30 PM: Close all positions
2026-09-15 10:59:04,698 - __main__ - INFO - 
 LATE START DETECTED - Current time: 11:59 
2026-09-15 10:59:04,699 - __main__ - INFO - Starting trading immediately..

2026-09-15 10:59:05,252 - strategy - INFO - Overnight: High 7652.0 / Low 7593.75
2026-09-15 10:59:05,252 - __main__ - INFO - TRADING DAY STARTED
2026-09-15 10:59:05,253 - __main__ - INFO -    Equity: $400,000.00
2026-09-15 10:59:05,253 - __main__ - INFO -    Tier: TIER_5
2026-09-15 10:59:05,253 - __main__ - INFO -    Max Risk: $20,000.00
2026-09-15 10:59:05,253 - __main__ - INFO -    Spread Width: 10 pt
2026-09-15 10:59:05,253 - __main__ - INFO - 
 ASTRA SCHEDULE RUNNING _ PRESS CTRL + C to stop

2026-09-15 10:59:21,013 - __main__ - INFO - ================================================================================
2026-09-15 10:59:21,015 - __main__ - INFO - SUBMITTING REAL ALPACA ORDER
2026-09-15 10:59:21,015 - __main__ - INFO -   Setup: OVERNIGHT_HIGH_BREAKOUT
2026-09-15 10:59:21,015 - __main__ - INFO -   Direction: BULLISH
2026-09-15 10:59:21,015 - __main__ - INFO -   Spread: PUT_CREDIT_SPREAD
2026-09-15 10:59:21,016 - __main__ - INFO -   Strikes: 7595 / 7585
2026-09-15 10:59:21,016 - __main__ - INFO -   Credit: $2.00
2026-09-15 10:59:21,016 - __main__ - INFO -   Contracts: 5
2026-09-15 10:59:21,016 - __main__ - INFO - ================================================================================
2026-09-15 10:59:21,120 - api_handler - ERROR - Order failed: 422
2026-09-15 11:00:22,996 - __main__ - INFO - ================================================================================
2026-09-15 11:00:22,997 - __main__ - INFO - SUBMITTING REAL ALPACA ORDER
2026-09-15 11:00:22,997 - __main__ - INFO -   Setup: OVERNIGHT_HIGH_BREAKOUT
2026-09-15 11:00:22,997 - __main__ - INFO -   Direction: BULLISH
2026-09-15 11:00:22,997 - __main__ - INFO -   Spread: PUT_CREDIT_SPREAD
2026-09-15 11:00:22,998 - __main__ - INFO -   Strikes: 7595 / 7585
2026-09-15 11:00:22,998 - __main__ - INFO -   Credit: $2.00
2026-09-15 11:00:22,998 - __main__ - INFO -   Contracts: 10
2026-09-15 11:00:22,998 - __main__ - INFO - ================================================================================
2026-09-15 11:00:23,100 - api_handler - ERROR - Order failed: 422
2026-09-15 11:01:40,022 - __main__ - INFO - 
 CLAUDE SCHEDULER STOPPED
2026-09-15 11:01:40,022 - __main__ - INFO - TRADING DAY ENDING AT 12:30 PM
2026-09-15 11:01:40,175 - api_handler - INFO - All orders canceled
2026-09-15 11:01:40,306 - __main__ - INFO -    Final P&L: $0.00
2026-09-15 11:01:40,307 - __main__ - INFO -    Trades: 0
2026-09-15 11:01:40,308 - __main__ - INFO - ================================================================================
2026-09-15 11:01:44,612 - api_handler - INFO - Connected to Alpaca
2026-09-15 11:01:44,613 - api_handler - INFO -   Equity: $5000.00
2026-09-15 11:01:44,614 - api_handler - INFO -   Buying Power: $20000.00
2026-09-15 11:01:44,615 - __main__ - INFO - ================================================================================
2026-09-15 11:01:44,615 - __main__ - INFO - ASTRA SCHEDULER INITIALIZED
2026-09-15 11:01:44,616 - __main__ - INFO - Trading: Account 2 ($10000)
2026-09-15 11:01:44,616 - __main__ - INFO - Mode: REAL ALPACA PAPER ORDERS
2026-09-15 11:01:44,616 - __main__ - INFO - ================================================================================
2026-09-15 11:01:44,617 - __main__ - INFO - Schedule configured
2026-09-15 11:01:44,617 - __main__ - INFO -   • 8:00 AM: Start
2026-09-15 11:01:44,617 - __main__ - INFO -   • Every minute: Check signals & manage positions
2026-09-15 11:01:44,617 - __main__ - INFO -   • 12:30 PM: Close all positions
2026-09-15 11:01:44,618 - __main__ - INFO - 
 LATE START DETECTED - Current time: 12:01 
2026-09-15 11:01:44,618 - __main__ - INFO - Starting trading immediately..

2026-09-15 11:01:45,121 - strategy - INFO - Overnight: High 7652.0 / Low 7593.75
2026-09-15 11:01:45,122 - __main__ - INFO - TRADING DAY STARTED
2026-09-15 11:01:45,122 - __main__ - INFO -    Equity: $20,000.00
2026-09-15 11:01:45,122 - __main__ - INFO -    Tier: TIER_3
2026-09-15 11:01:45,122 - __main__ - INFO -    Max Risk: $1,000.00
2026-09-15 11:01:45,122 - __main__ - INFO -    Spread Width: 10 pt
2026-09-15 11:01:45,123 - __main__ - INFO - 
 CLAUDE SCHEDULE RUNNING _ PRESS CTRL + C to stop

2026-09-15 11:01:49,289 - __main__ - INFO - 
 ASTRA SCHEDULER STOPPED
2026-09-15 11:01:49,290 - __main__ - INFO - TRADING DAY ENDING AT 12:30 PM
2026-09-15 11:01:49,443 - api_handler - INFO - All orders canceled
2026-09-15 11:01:49,561 - __main__ - INFO -    Final P&L: $0.00
2026-09-15 11:01:49,561 - __main__ - INFO -    Trades: 0
2026-09-15 11:01:49,562 - __main__ - INFO - ================================================================================
2026-09-15 11:01:53,845 - api_handler - INFO - Connected to Alpaca
2026-09-15 11:01:53,846 - api_handler - INFO -   Equity: $100000.00
2026-09-15 11:01:53,848 - api_handler - INFO -   Buying Power: $400000.00
2026-09-15 11:01:53,851 - __main__ - INFO - ================================================================================
2026-09-15 11:01:53,852 - __main__ - INFO - ASTRA SCHEDULER INITIALIZED
2026-09-15 11:01:53,853 - __main__ - INFO - Trading: Account 1 ($10000)
2026-09-15 11:01:53,853 - __main__ - INFO - Mode: REAL ALPACA PAPER ORDERS
2026-09-15 11:01:53,853 - __main__ - INFO - ================================================================================
2026-09-15 11:01:53,855 - __main__ - INFO - Schedule configured
2026-09-15 11:01:53,855 - __main__ - INFO -   • 8:00 AM: Start
2026-09-15 11:01:53,856 - __main__ - INFO -   • Every minute: Check signals & manage positions
2026-09-15 11:01:53,856 - __main__ - INFO -   • 12:30 PM: Close all positions
2026-09-15 11:01:53,857 - __main__ - INFO - 
 LATE START DETECTED - Current time: 12:01 
2026-09-15 11:01:53,857 - __main__ - INFO - Starting trading immediately..

2026-09-15 11:01:54,677 - strategy - INFO - Overnight: High 7652.0 / Low 7593.75
2026-09-15 11:01:54,677 - __main__ - INFO - TRADING DAY STARTED
2026-09-15 11:01:54,678 - __main__ - INFO -    Equity: $400,000.00
2026-09-15 11:01:54,678 - __main__ - INFO -    Tier: TIER_5
2026-09-15 11:01:54,678 - __main__ - INFO -    Max Risk: $20,000.00
2026-09-15 11:01:54,679 - __main__ - INFO -    Spread Width: 10 pt
2026-09-15 11:01:54,679 - __main__ - INFO - 
 ASTRA SCHEDULE RUNNING _ PRESS CTRL + C to stop

2026-09-15 11:02:16,525 - __main__ - INFO - ================================================================================
2026-09-15 11:02:16,526 - __main__ - INFO - SUBMITTING REAL ALPACA ORDER
2026-09-15 11:02:16,526 - __main__ - INFO -   Setup: OVERNIGHT_HIGH_BREAKOUT
2026-09-15 11:02:16,526 - __main__ - INFO -   Direction: BULLISH
2026-09-15 11:02:16,526 - __main__ - INFO -   Spread: PUT_CREDIT_SPREAD
2026-09-15 11:02:16,526 - __main__ - INFO -   Strikes: 7595 / 7585
2026-09-15 11:02:16,527 - __main__ - INFO -   Credit: $2.00
2026-09-15 11:02:16,527 - __main__ - INFO -   Contracts: 5
2026-09-15 11:02:16,527 - __main__ - INFO - ================================================================================
2026-09-15 11:02:16,656 - api_handler - ERROR - [REJECTED] 0DTE MLEG ORDER (422): {"code":42210000,"message":"invalid legs: [leg.0 invalid position_intent leg.0 asset \"SPX260915P07595000\" not found leg.1 invalid position_intent leg.1 asset \"SPX260915P07585000\" not found]"}
2026-09-15 11:02:25,711 - __main__ - INFO - ================================================================================
2026-09-15 11:02:25,712 - __main__ - INFO - SUBMITTING REAL ALPACA ORDER
2026-09-15 11:02:25,712 - __main__ - INFO -   Setup: OVERNIGHT_HIGH_BREAKOUT
2026-09-15 11:02:25,712 - __main__ - INFO -   Direction: BULLISH
2026-09-15 11:02:25,712 - __main__ - INFO -   Spread: PUT_CREDIT_SPREAD
2026-09-15 11:02:25,712 - __main__ - INFO -   Strikes: 7595 / 7585
2026-09-15 11:02:25,712 - __main__ - INFO -   Credit: $2.00
2026-09-15 11:02:25,712 - __main__ - INFO -   Contracts: 10
2026-09-15 11:02:25,712 - __main__ - INFO - ================================================================================
2026-09-15 11:02:25,816 - api_handler - ERROR - [REJECTED] 0DTE MLEG ORDER (422): {"code":42210000,"message":"invalid legs: [leg.0 invalid position_intent leg.0 asset \"SPX260915P07595000\" not found leg.1 invalid position_intent leg.1 asset \"SPX260915P07585000\" not found]"}
2026-09-15 11:05:00,538 - __main__ - INFO - 
 CLAUDE SCHEDULER STOPPED
2026-09-15 11:05:00,539 - __main__ - INFO - TRADING DAY ENDING AT 12:30 PM
2026-09-15 11:05:00,692 - api_handler - INFO - All orders canceled
2026-09-15 11:05:00,824 - __main__ - INFO -    Final P&L: $0.00
2026-09-15 11:05:00,824 - __main__ - INFO -    Trades: 0
2026-09-15 11:05:00,825 - __main__ - INFO - ================================================================================
2026-09-15 11:05:09,954 - __main__ - INFO - 
 ASTRA SCHEDULER STOPPED
2026-09-15 11:05:09,955 - __main__ - INFO - TRADING DAY ENDING AT 12:30 PM
2026-09-15 11:05:10,101 - api_handler - INFO - All orders canceled
2026-09-15 11:05:10,210 - __main__ - INFO -    Final P&L: $0.00
2026-09-15 11:05:10,211 - __main__ - INFO -    Trades: 0
2026-09-15 11:05:10,211 - __main__ - INFO - ================================================================================
2026-09-15 11:07:33,345 - api_handler - INFO - Connected to Alpaca
2026-09-15 11:07:33,345 - api_handler - INFO -   Equity: $5000.00
2026-09-15 11:07:33,346 - api_handler - INFO -   Buying Power: $20000.00
2026-09-15 11:07:33,348 - __main__ - INFO - ================================================================================
2026-09-15 11:07:33,349 - __main__ - INFO - ASTRA SCHEDULER INITIALIZED
2026-09-15 11:07:33,349 - __main__ - INFO - Trading: Account 2 ($10000)
2026-09-15 11:07:33,349 - __main__ - INFO - Mode: REAL ALPACA PAPER ORDERS
2026-09-15 11:07:33,349 - __main__ - INFO - ================================================================================
2026-09-15 11:07:33,350 - __main__ - INFO - Schedule configured
2026-09-15 11:07:33,351 - __main__ - INFO -   • 8:00 AM: Start
2026-09-15 11:07:33,351 - __main__ - INFO -   • Every minute: Check signals & manage positions
2026-09-15 11:07:33,351 - __main__ - INFO -   • 12:30 PM: Close all positions
2026-09-15 11:07:33,352 - __main__ - INFO - 
 LATE START DETECTED - Current time: 12:07 
2026-09-15 11:07:33,352 - __main__ - INFO - Starting trading immediately..

2026-09-15 11:07:34,310 - strategy - INFO - Overnight: High 7652.0 / Low 7593.75
2026-09-15 11:07:34,310 - __main__ - INFO - TRADING DAY STARTED
2026-09-15 11:07:34,310 - __main__ - INFO -    Equity: $20,000.00
2026-09-15 11:07:34,311 - __main__ - INFO -    Tier: TIER_3
2026-09-15 11:07:34,311 - __main__ - INFO -    Max Risk: $1,000.00
2026-09-15 11:07:34,311 - __main__ - INFO -    Spread Width: 10 pt
2026-09-15 11:07:34,311 - __main__ - INFO - 
 CLAUDE SCHEDULE RUNNING _ PRESS CTRL + C to stop

2026-09-15 11:07:39,744 - api_handler - INFO - Connected to Alpaca
2026-09-15 11:07:39,745 - api_handler - INFO -   Equity: $100000.00
2026-09-15 11:07:39,746 - api_handler - INFO -   Buying Power: $400000.00
2026-09-15 11:07:39,749 - __main__ - INFO - ================================================================================
2026-09-15 11:07:39,750 - __main__ - INFO - ASTRA SCHEDULER INITIALIZED
2026-09-15 11:07:39,750 - __main__ - INFO - Trading: Account 1 ($10000)
2026-09-15 11:07:39,751 - __main__ - INFO - Mode: REAL ALPACA PAPER ORDERS
2026-09-15 11:07:39,751 - __main__ - INFO - ================================================================================
2026-09-15 11:07:39,752 - __main__ - INFO - Schedule configured
2026-09-15 11:07:39,752 - __main__ - INFO -   • 8:00 AM: Start
2026-09-15 11:07:39,753 - __main__ - INFO -   • Every minute: Check signals & manage positions
2026-09-15 11:07:39,753 - __main__ - INFO -   • 12:30 PM: Close all positions
2026-09-15 11:07:39,754 - __main__ - INFO - 
 LATE START DETECTED - Current time: 12:07 
2026-09-15 11:07:39,754 - __main__ - INFO - Starting trading immediately..

2026-09-15 11:07:40,528 - strategy - INFO - Overnight: High 7652.0 / Low 7593.75
2026-09-15 11:07:40,528 - __main__ - INFO - TRADING DAY STARTED
2026-09-15 11:07:40,529 - __main__ - INFO -    Equity: $400,000.00
2026-09-15 11:07:40,529 - __main__ - INFO -    Tier: TIER_5
2026-09-15 11:07:40,530 - __main__ - INFO -    Max Risk: $20,000.00
2026-09-15 11:07:40,530 - __main__ - INFO -    Spread Width: 10 pt
2026-09-15 11:07:40,530 - __main__ - INFO - 
 ASTRA SCHEDULE RUNNING _ PRESS CTRL + C to stop

2026-09-15 11:08:05,464 - __main__ - INFO - ================================================================================
2026-09-15 11:08:05,466 - __main__ - INFO - SUBMITTING REAL ALPACA ORDER
2026-09-15 11:08:05,466 - __main__ - INFO -   Setup: OVERNIGHT_HIGH_BREAKOUT
2026-09-15 11:08:05,466 - __main__ - INFO -   Direction: BULLISH
2026-09-15 11:08:05,466 - __main__ - INFO -   Spread: PUT_CREDIT_SPREAD
2026-09-15 11:08:05,466 - __main__ - INFO -   Strikes: 7590 / 7580
2026-09-15 11:08:05,466 - __main__ - INFO -   Credit: $2.00
2026-09-15 11:08:05,466 - __main__ - INFO -   Contracts: 5
2026-09-15 11:08:05,466 - __main__ - INFO - ================================================================================
2026-09-15 11:08:05,584 - api_handler - ERROR - [REJECTED] 0DTE MLEG ORDER (422): {"code":42210000,"message":"invalid legs: [leg.0 invalid position_intent leg.1 invalid position_intent]"}
2026-09-15 11:08:11,741 - __main__ - INFO - ================================================================================
2026-09-15 11:08:11,743 - __main__ - INFO - SUBMITTING REAL ALPACA ORDER
2026-09-15 11:08:11,743 - __main__ - INFO -   Setup: OVERNIGHT_HIGH_BREAKOUT
2026-09-15 11:08:11,743 - __main__ - INFO -   Direction: BULLISH
2026-09-15 11:08:11,743 - __main__ - INFO -   Spread: PUT_CREDIT_SPREAD
2026-09-15 11:08:11,743 - __main__ - INFO -   Strikes: 7590 / 7580
2026-09-15 11:08:11,743 - __main__ - INFO -   Credit: $2.00
2026-09-15 11:08:11,744 - __main__ - INFO -   Contracts: 10
2026-09-15 11:08:11,744 - __main__ - INFO - ================================================================================
2026-09-15 11:08:11,876 - api_handler - ERROR - [REJECTED] 0DTE MLEG ORDER (422): {"code":42210000,"message":"invalid legs: [leg.0 invalid position_intent leg.1 invalid position_intent]"}
2026-09-15 11:08:13,206 - __main__ - INFO - 
 CLAUDE SCHEDULER STOPPED
2026-09-15 11:08:13,207 - __main__ - INFO - TRADING DAY ENDING AT 12:30 PM
2026-09-15 11:08:13,341 - api_handler - INFO - All orders canceled
2026-09-15 11:08:13,470 - __main__ - INFO -    Final P&L: $0.00
2026-09-15 11:08:13,470 - __main__ - INFO -    Trades: 0
2026-09-15 11:08:13,471 - __main__ - INFO - ================================================================================
2026-09-15 11:08:17,171 - __main__ - INFO - 
 ASTRA SCHEDULER STOPPED
2026-09-15 11:08:17,172 - __main__ - INFO - TRADING DAY ENDING AT 12:30 PM
2026-09-15 11:08:17,322 - api_handler - INFO - All orders canceled
2026-09-15 11:08:17,484 - __main__ - INFO -    Final P&L: $0.00
2026-09-15 11:08:17,485 - __main__ - INFO -    Trades: 0
2026-09-15 11:08:17,487 - __main__ - INFO - ================================================================================
2026-09-15 11:09:54,092 - api_handler - INFO - Connected to Alpaca
2026-09-15 11:09:54,093 - api_handler - INFO -   Equity: $100000.00
2026-09-15 11:09:54,093 - api_handler - INFO -   Buying Power: $400000.00
2026-09-15 11:09:54,094 - __main__ - INFO - ================================================================================
2026-09-15 11:09:54,094 - __main__ - INFO - ASTRA SCHEDULER INITIALIZED
2026-09-15 11:09:54,094 - __main__ - INFO - Trading: Account 1 ($10000)
2026-09-15 11:09:54,094 - __main__ - INFO - Mode: REAL ALPACA PAPER ORDERS
2026-09-15 11:09:54,094 - __main__ - INFO - ================================================================================
2026-09-15 11:09:54,095 - __main__ - INFO - Schedule configured
2026-09-15 11:09:54,095 - __main__ - INFO -   • 8:00 AM: Start
2026-09-15 11:09:54,095 - __main__ - INFO -   • Every minute: Check signals & manage positions
2026-09-15 11:09:54,095 - __main__ - INFO -   • 12:30 PM: Close all positions
2026-09-15 11:09:54,095 - __main__ - INFO - 
 LATE START DETECTED - Current time: 12:09 
2026-09-15 11:09:54,095 - __main__ - INFO - Starting trading immediately..

2026-09-15 11:09:54,710 - strategy - INFO - Overnight: High 7652.0 / Low 7593.75
2026-09-15 11:09:54,710 - __main__ - INFO - TRADING DAY STARTED
2026-09-15 11:09:54,711 - __main__ - INFO -    Equity: $400,000.00
2026-09-15 11:09:54,711 - __main__ - INFO -    Tier: TIER_5
2026-09-15 11:09:54,712 - __main__ - INFO -    Max Risk: $20,000.00
2026-09-15 11:09:54,712 - __main__ - INFO -    Spread Width: 10 pt
2026-09-15 11:09:54,712 - __main__ - INFO - 
 ASTRA SCHEDULE RUNNING _ PRESS CTRL + C to stop

2026-09-15 11:09:57,776 - api_handler - INFO - Connected to Alpaca
2026-09-15 11:09:57,776 - api_handler - INFO -   Equity: $5000.00
2026-09-15 11:09:57,777 - api_handler - INFO -   Buying Power: $20000.00
2026-09-15 11:09:57,778 - __main__ - INFO - ================================================================================
2026-09-15 11:09:57,778 - __main__ - INFO - ASTRA SCHEDULER INITIALIZED
2026-09-15 11:09:57,778 - __main__ - INFO - Trading: Account 2 ($10000)
2026-09-15 11:09:57,778 - __main__ - INFO - Mode: REAL ALPACA PAPER ORDERS
2026-09-15 11:09:57,778 - __main__ - INFO - ================================================================================
2026-09-15 11:09:57,778 - __main__ - INFO - Schedule configured
2026-09-15 11:09:57,778 - __main__ - INFO -   • 8:00 AM: Start
2026-09-15 11:09:57,779 - __main__ - INFO -   • Every minute: Check signals & manage positions
2026-09-15 11:09:57,779 - __main__ - INFO -   • 12:30 PM: Close all positions
2026-09-15 11:09:57,779 - __main__ - INFO - 
 LATE START DETECTED - Current time: 12:09 
2026-09-15 11:09:57,779 - __main__ - INFO - Starting trading immediately..

2026-09-15 11:09:58,363 - strategy - INFO - Overnight: High 7652.0 / Low 7593.75
2026-09-15 11:09:58,363 - __main__ - INFO - TRADING DAY STARTED
2026-09-15 11:09:58,364 - __main__ - INFO -    Equity: $20,000.00
2026-09-15 11:09:58,364 - __main__ - INFO -    Tier: TIER_3
2026-09-15 11:09:58,364 - __main__ - INFO -    Max Risk: $1,000.00
2026-09-15 11:09:58,364 - __main__ - INFO -    Spread Width: 10 pt
2026-09-15 11:09:58,364 - __main__ - INFO - 
 CLAUDE SCHEDULE RUNNING _ PRESS CTRL + C to stop

2026-09-15 11:10:25,979 - __main__ - INFO - ================================================================================
2026-09-15 11:10:25,981 - __main__ - INFO - SUBMITTING REAL ALPACA ORDER
2026-09-15 11:10:25,981 - __main__ - INFO -   Setup: OVERNIGHT_HIGH_BREAKOUT
2026-09-15 11:10:25,981 - __main__ - INFO -   Direction: BULLISH
2026-09-15 11:10:25,982 - __main__ - INFO -   Spread: PUT_CREDIT_SPREAD
2026-09-15 11:10:25,982 - __main__ - INFO -   Strikes: 7590 / 7580
2026-09-15 11:10:25,982 - __main__ - INFO -   Credit: $2.00
2026-09-15 11:10:25,982 - __main__ - INFO -   Contracts: 10
2026-09-15 11:10:25,982 - __main__ - INFO - ================================================================================
2026-09-15 11:10:26,095 - api_handler - INFO - [OK] Multi-leg spread order placed: PUT_CREDIT_SPREAD | $7590/$7580 | 10x @ $2.00
2026-09-15 11:10:26,099 - real_order_executor - INFO - Order submitted: b7060019-6f8a-4275-ae42-7d716ef0126b
2026-09-15 11:10:26,100 - position_manager - INFO - ================================================================================
2026-09-15 11:10:26,100 - position_manager - INFO - POSITION OPENED: 10 contracts at net credit $2.00
2026-09-15 11:10:26,101 - position_manager - INFO -   Short Leg Strike: 7590
2026-09-15 11:10:26,101 - position_manager - INFO -   Long Leg Strike:  7580
2026-09-15 11:10:26,102 - position_manager - INFO - ================================================================================
2026-09-15 11:10:29,675 - __main__ - INFO - ================================================================================
2026-09-15 11:10:29,677 - __main__ - INFO - SUBMITTING REAL ALPACA ORDER
2026-09-15 11:10:29,677 - __main__ - INFO -   Setup: OVERNIGHT_HIGH_BREAKOUT
2026-09-15 11:10:29,677 - __main__ - INFO -   Direction: BULLISH
2026-09-15 11:10:29,677 - __main__ - INFO -   Spread: PUT_CREDIT_SPREAD
2026-09-15 11:10:29,677 - __main__ - INFO -   Strikes: 7590 / 7580
2026-09-15 11:10:29,677 - __main__ - INFO -   Credit: $2.00
2026-09-15 11:10:29,678 - __main__ - INFO -   Contracts: 5
2026-09-15 11:10:29,678 - __main__ - INFO - ================================================================================
2026-09-15 11:10:29,812 - api_handler - INFO - [OK] Multi-leg spread order placed: PUT_CREDIT_SPREAD | $7590/$7580 | 5x @ $2.00
2026-09-15 11:10:29,817 - real_order_executor - INFO - Order submitted: 7ef349bc-94fd-43ed-a035-bda881e6db04
2026-09-15 11:10:29,817 - position_manager - INFO - ================================================================================
2026-09-15 11:10:29,818 - position_manager - INFO - POSITION OPENED: 5 contracts at net credit $2.00
2026-09-15 11:10:29,819 - position_manager - INFO -   Short Leg Strike: 7590
2026-09-15 11:10:29,819 - position_manager - INFO -   Long Leg Strike:  7580
2026-09-15 11:10:29,820 - position_manager - INFO - ================================================================================
2026-09-15 11:13:50,224 - strategy - INFO - Opening Range (9:30-9:45): High 7682.75 / Low 7677.5
2026-09-15 11:13:50,225 - __main__ - INFO - Opening range established
2026-09-15 11:13:53,397 - strategy - INFO - Opening Range (9:30-9:45): High 7682.75 / Low 7677.5
2026-09-15 11:13:53,398 - __main__ - INFO - Opening range established
2026-09-15 11:18:02,877 - position_manager - INFO - Profit trigger hit: $1.70 - RUNNER ACTIVATED
2026-09-15 11:18:06,233 - position_manager - INFO - Profit trigger hit: $1.69 - RUNNER ACTIVATED
2026-09-15 11:31:31,005 - __main__ - INFO - 
 CLAUDE SCHEDULER STOPPED
2026-09-15 11:31:31,006 - __main__ - INFO - TRADING DAY ENDING AT 12:30 PM
2026-09-15 11:31:31,156 - api_handler - INFO - All orders canceled
2026-09-15 11:31:31,281 - __main__ - INFO -    Closing 5 shares of SPXW260915P07580000
2026-09-15 11:31:31,281 - __main__ - INFO -    Final P&L: $-8644.60
2026-09-15 11:31:31,283 - __main__ - INFO -    Trades: 0
2026-09-15 11:31:31,284 - __main__ - INFO - ================================================================================
2026-09-15 11:31:37,198 - api_handler - INFO - Connected to Alpaca
2026-09-15 11:31:37,199 - api_handler - INFO -   Equity: $5538.85
2026-09-15 11:31:37,200 - api_handler - INFO -   Buying Power: $11355.40
2026-09-15 11:31:37,203 - __main__ - INFO - ================================================================================
2026-09-15 11:31:37,203 - __main__ - INFO - ASTRA SCHEDULER INITIALIZED
2026-09-15 11:31:37,203 - __main__ - INFO - Trading: Account 2 ($10000)
2026-09-15 11:31:37,204 - __main__ - INFO - Mode: REAL ALPACA PAPER ORDERS
2026-09-15 11:31:37,204 - __main__ - INFO - ================================================================================
2026-09-15 11:31:37,205 - __main__ - INFO - Schedule configured
2026-09-15 11:31:37,205 - __main__ - INFO -   • 8:00 AM: Start
2026-09-15 11:31:37,206 - __main__ - INFO -   • Every minute: Check signals & manage positions
2026-09-15 11:31:37,206 - __main__ - INFO -   • 12:30 PM: Close all positions
2026-09-15 11:31:37,207 - __main__ - INFO - 
 CLAUDE SCHEDULE RUNNING _ PRESS CTRL + C to stop

2026-09-15 11:31:41,852 - __main__ - INFO - 
 ASTRA SCHEDULER STOPPED
2026-09-15 11:31:41,853 - __main__ - INFO - TRADING DAY ENDING AT 12:30 PM
2026-09-15 11:31:42,017 - api_handler - INFO - All orders canceled
2026-09-15 11:31:42,160 - __main__ - INFO -    Closing 10 shares of SPXW260915P07580000
2026-09-15 11:31:42,161 - __main__ - INFO -    Final P&L: $-17289.20
2026-09-15 11:31:42,161 - __main__ - INFO -    Trades: 0
2026-09-15 11:31:42,162 - __main__ - INFO - ================================================================================
2026-09-15 11:31:44,828 - api_handler - INFO - Connected to Alpaca
2026-09-15 11:31:44,829 - api_handler - INFO -   Equity: $101077.70
2026-09-15 11:31:44,831 - api_handler - INFO -   Buying Power: $382710.80
2026-09-15 11:31:44,835 - __main__ - INFO - ================================================================================
2026-09-15 11:31:44,835 - __main__ - INFO - ASTRA SCHEDULER INITIALIZED
2026-09-15 11:31:44,836 - __main__ - INFO - Trading: Account 1 ($10000)
2026-09-15 11:31:44,837 - __main__ - INFO - Mode: REAL ALPACA PAPER ORDERS
2026-09-15 11:31:44,837 - __main__ - INFO - ================================================================================
2026-09-15 11:31:44,839 - __main__ - INFO - Schedule configured
2026-09-15 11:31:44,839 - __main__ - INFO -   • 8:00 AM: Start
2026-09-15 11:31:44,840 - __main__ - INFO -   • Every minute: Check signals & manage positions
2026-09-15 11:31:44,841 - __main__ - INFO -   • 12:30 PM: Close all positions
2026-09-15 11:31:44,841 - __main__ - INFO - 
 ASTRA SCHEDULE RUNNING _ PRESS CTRL + C to stop

2026-09-15 11:55:19,435 - __main__ - INFO - 
 CLAUDE SCHEDULER STOPPED
2026-09-15 11:55:23,302 - __main__ - INFO - 
 ASTRA SCHEDULER STOPPED
2026-09-15 11:55:27,229 - api_handler - INFO - Connected to Alpaca
2026-09-15 11:55:27,230 - api_handler - INFO -   Equity: $102277.70
2026-09-15 11:55:27,233 - api_handler - INFO -   Buying Power: $382710.80
2026-09-15 11:55:27,240 - __main__ - INFO - ================================================================================
2026-09-15 11:55:27,241 - __main__ - INFO - ASTRA SCHEDULER INITIALIZED
2026-09-15 11:55:27,242 - __main__ - INFO - Trading: Account 1 ($10000)
2026-09-15 11:55:27,242 - __main__ - INFO - Mode: REAL ALPACA PAPER ORDERS
2026-09-15 11:55:27,243 - __main__ - INFO - ================================================================================
2026-09-15 11:55:27,244 - __main__ - INFO - Schedule configured
2026-09-15 11:55:27,244 - __main__ - INFO -   • 8:00 AM: Start
2026-09-15 11:55:27,245 - __main__ - INFO -   • Every minute: Check signals & manage positions
2026-09-15 11:55:27,245 - __main__ - INFO -   • 12:30 PM: Close all positions
2026-09-15 11:55:27,245 - __main__ - INFO - 
 ASTRA SCHEDULE RUNNING _ PRESS CTRL + C to stop

2026-09-15 11:55:30,102 - api_handler - INFO - Connected to Alpaca
2026-09-15 11:55:30,103 - api_handler - INFO -   Equity: $6188.85
2026-09-15 11:55:30,105 - api_handler - INFO -   Buying Power: $11355.40
2026-09-15 11:55:30,109 - __main__ - INFO - ================================================================================
2026-09-15 11:55:30,110 - __main__ - INFO - ASTRA SCHEDULER INITIALIZED
2026-09-15 11:55:30,110 - __main__ - INFO - Trading: Account 2 ($10000)
2026-09-15 11:55:30,111 - __main__ - INFO - Mode: REAL ALPACA PAPER ORDERS
2026-09-15 11:55:30,111 - __main__ - INFO - ================================================================================
2026-09-15 11:55:30,113 - __main__ - INFO - Schedule configured
2026-09-15 11:55:30,113 - __main__ - INFO -   • 8:00 AM: Start
2026-09-15 11:55:30,114 - __main__ - INFO -   • Every minute: Check signals & manage positions
2026-09-15 11:55:30,114 - __main__ - INFO -   • 12:30 PM: Close all positions
2026-09-15 11:55:30,115 - __main__ - INFO - 
 CLAUDE SCHEDULE RUNNING _ PRESS CTRL + C to stop

2026-09-15 12:01:52,850 - __main__ - INFO - 
 CLAUDE SCHEDULER STOPPED
2026-09-15 12:01:55,033 - __main__ - INFO - 
 ASTRA SCHEDULER STOPPED
2026-09-15 12:06:44,023 - api_handler - INFO - Connected to Alpaca
2026-09-15 12:06:44,024 - api_handler - INFO -   Equity: $5238.85
2026-09-15 12:06:44,025 - api_handler - INFO -   Buying Power: $11355.40
2026-09-15 12:06:44,028 - __main__ - INFO - ================================================================================
2026-09-15 12:06:44,028 - __main__ - INFO - ASTRA SCHEDULER INITIALIZED
2026-09-15 12:06:44,029 - __main__ - INFO - Trading: Account 2 ($10000)
2026-09-15 12:06:44,029 - __main__ - INFO - Mode: REAL ALPACA PAPER ORDERS
2026-09-15 12:06:44,029 - __main__ - INFO - ================================================================================
2026-09-15 12:06:44,030 - __main__ - INFO - Schedule configured
2026-09-15 12:06:44,030 - __main__ - INFO -   • 8:00 AM: Start
2026-09-15 12:06:44,031 - __main__ - INFO -   • Every minute: Check signals & manage positions
2026-09-15 12:06:44,031 - __main__ - INFO -   • 12:30 PM: Close all positions
2026-09-15 12:06:44,031 - __main__ - INFO - 
 CLAUDE SCHEDULE RUNNING _ PRESS CTRL + C to stop

2026-09-15 12:06:50,609 - api_handler - INFO - Connected to Alpaca
2026-09-15 12:06:50,609 - api_handler - INFO -   Equity: $100066.55
2026-09-15 12:06:50,610 - api_handler - INFO -   Buying Power: $379466.20
2026-09-15 12:06:50,612 - __main__ - INFO - ================================================================================
2026-09-15 12:06:50,612 - __main__ - INFO - ASTRA SCHEDULER INITIALIZED
2026-09-15 12:06:50,613 - __main__ - INFO - Trading: Account 1 ($10000)
2026-09-15 12:06:50,613 - __main__ - INFO - Mode: REAL ALPACA PAPER ORDERS
2026-09-15 12:06:50,613 - __main__ - INFO - ================================================================================
2026-09-15 12:06:50,614 - __main__ - INFO - Schedule configured
2026-09-15 12:06:50,614 - __main__ - INFO -   • 8:00 AM: Start
2026-09-15 12:06:50,615 - __main__ - INFO -   • Every minute: Check signals & manage positions
2026-09-15 12:06:50,615 - __main__ - INFO -   • 12:30 PM: Close all positions
2026-09-15 12:06:50,615 - __main__ - INFO - 
 ASTRA SCHEDULE RUNNING _ PRESS CTRL + C to stop

2026-09-15 12:30:00,100 - __main__ - INFO - TRADING DAY ENDING AT 12:30 PM
2026-09-15 12:30:00,265 - api_handler - INFO - All orders canceled
2026-09-15 12:30:00,489 - __main__ - INFO - TRADING DAY ENDING AT 12:30 PM
2026-09-15 12:30:00,667 - api_handler - INFO - All orders canceled
2026-09-15 12:52:12,276 - urllib3.connectionpool - DEBUG - Starting new HTTPS connection (1): paper-api.alpaca.markets:443
2026-09-15 12:52:12,423 - urllib3.connectionpool - DEBUG - https://paper-api.alpaca.markets:443 "GET /v2/account HTTP/1.1" 200 971
2026-09-15 12:52:12,426 - api_handler - INFO - Connected to Alpaca
2026-09-15 12:52:12,428 - api_handler - INFO -   Equity: $99355.40
2026-09-15 12:52:12,429 - api_handler - INFO -   Buying Power: $397421.60
2026-09-15 12:52:12,439 - urllib3.connectionpool - DEBUG - Starting new HTTPS connection (1): paper-api.alpaca.markets:443
2026-09-15 12:52:12,592 - urllib3.connectionpool - DEBUG - https://paper-api.alpaca.markets:443 "GET /v2/account HTTP/1.1" 200 971
2026-09-15 12:52:12,594 - __main__ - INFO - ================================================================================
2026-09-15 12:52:12,595 - __main__ - INFO - ASTRA SCHEDULER INITIALIZED
2026-09-15 12:52:12,596 - __main__ - INFO - Trading: Account 1 ($10000)
2026-09-15 12:52:12,597 - __main__ - INFO - Mode: REAL ALPACA PAPER ORDERS
2026-09-15 12:52:12,597 - __main__ - INFO - ================================================================================
2026-09-15 12:52:12,598 - __main__ - INFO - Schedule configured
2026-09-15 12:52:12,599 - __main__ - INFO -   • 8:00 AM CT: Start
2026-09-15 12:52:12,599 - __main__ - INFO -   • Every 15 seconds: Check signals
2026-09-15 12:52:12,600 - __main__ - INFO -   • 11:30 AM CT: Close all positions
2026-09-15 12:52:12,601 - __main__ - INFO - 
SCHEDULER RUNNING - Press Ctrl+C to stop

2026-09-15 12:52:27,607 - schedule - DEBUG - Running job Job(interval=15, unit=seconds, do=minute_check, args=(), kwargs={})
2026-09-15 12:52:42,621 - schedule - DEBUG - Running job Job(interval=15, unit=seconds, do=minute_check, args=(), kwargs={})
2026-09-15 12:52:51,229 - __main__ - INFO - 
SCHEDULER STOPPED
2026-09-15 13:00:03,869 - urllib3.connectionpool - DEBUG - Starting new HTTPS connection (1): paper-api.alpaca.markets:443
2026-09-15 13:00:04,046 - urllib3.connectionpool - DEBUG - https://paper-api.alpaca.markets:443 "GET /v2/account HTTP/1.1" 200 971
2026-09-15 13:00:04,048 - api_handler - INFO - Connected to Alpaca
2026-09-15 13:00:04,050 - api_handler - INFO -   Equity: $99355.40
2026-09-15 13:00:04,052 - api_handler - INFO -   Buying Power: $397421.60
2026-09-15 13:00:04,063 - urllib3.connectionpool - DEBUG - Starting new HTTPS connection (1): paper-api.alpaca.markets:443
2026-09-15 13:00:04,234 - urllib3.connectionpool - DEBUG - https://paper-api.alpaca.markets:443 "GET /v2/account HTTP/1.1" 200 971
2026-09-15 13:00:04,239 - __main__ - INFO - ================================================================================
2026-09-15 13:00:04,240 - __main__ - INFO - ASTRA SCHEDULER INITIALIZED
2026-09-15 13:00:04,242 - __main__ - INFO - Trading: Account 1 ($10000)
2026-09-15 13:00:04,244 - __main__ - INFO - Mode: REAL ALPACA PAPER ORDERS
2026-09-15 13:00:04,246 - __main__ - INFO - ================================================================================
2026-09-15 13:00:04,251 - __main__ - INFO - Schedule configured
2026-09-15 13:00:04,253 - __main__ - INFO -   • 8:00 AM CT: Start
2026-09-15 13:00:04,255 - __main__ - INFO -   • Every 15 seconds: Check signals
2026-09-15 13:00:04,257 - __main__ - INFO -   • 11:30 AM CT: Close all positions
2026-09-15 13:00:04,259 - __main__ - INFO - 
SCHEDULER RUNNING - Press Ctrl+C to stop

2026-09-15 13:00:18,395 - urllib3.connectionpool - DEBUG - Starting new HTTPS connection (1): paper-api.alpaca.markets:443
2026-09-15 13:00:18,505 - urllib3.connectionpool - DEBUG - https://paper-api.alpaca.markets:443 "GET /v2/account HTTP/1.1" 200 971
2026-09-15 13:00:18,507 - api_handler - INFO - Connected to Alpaca
2026-09-15 13:00:18,508 - api_handler - INFO -   Equity: $99355.40
2026-09-15 13:00:18,508 - api_handler - INFO -   Buying Power: $397421.60
2026-09-15 13:00:18,517 - urllib3.connectionpool - DEBUG - Starting new HTTPS connection (1): paper-api.alpaca.markets:443
2026-09-15 13:00:18,659 - urllib3.connectionpool - DEBUG - https://paper-api.alpaca.markets:443 "GET /v2/account HTTP/1.1" 200 971
2026-09-15 13:00:18,665 - __main__ - INFO - ================================================================================
2026-09-15 13:00:18,666 - __main__ - INFO - ASTRA SCHEDULER INITIALIZED
2026-09-15 13:00:18,667 - __main__ - INFO - Trading: Account 1 ($10000)
2026-09-15 13:00:18,667 - __main__ - INFO - Mode: REAL ALPACA PAPER ORDERS
2026-09-15 13:00:18,668 - __main__ - INFO - ================================================================================
2026-09-15 13:00:18,669 - __main__ - INFO - Schedule configured
2026-09-15 13:00:18,670 - __main__ - INFO -   • 8:00 AM CT: Start
2026-09-15 13:00:18,670 - __main__ - INFO -   • Every 15 seconds: Check signals
2026-09-15 13:00:18,671 - __main__ - INFO -   • 11:30 AM CT: Close all positions
2026-09-15 13:00:18,672 - __main__ - INFO - 
SCHEDULER RUNNING - Press Ctrl+C to stop

2026-09-15 13:00:19,266 - schedule - DEBUG - Running job Job(interval=15, unit=seconds, do=minute_check, args=(), kwargs={})
2026-09-15 13:00:33,677 - schedule - DEBUG - Running job Job(interval=15, unit=seconds, do=minute_check, args=(), kwargs={})
2026-09-15 13:00:34,273 - schedule - DEBUG - Running job Job(interval=15, unit=seconds, do=minute_check, args=(), kwargs={})
2026-09-15 13:00:48,684 - schedule - DEBUG - Running job Job(interval=15, unit=seconds, do=minute_check, args=(), kwargs={})
2026-09-15 13:00:49,279 - schedule - DEBUG - Running job Job(interval=15, unit=seconds, do=minute_check, args=(), kwargs={})
2026-09-15 13:01:03,690 - schedule - DEBUG - Running job Job(interval=15, unit=seconds, do=minute_check, args=(), kwargs={})
2026-09-15 13:01:04,285 - schedule - DEBUG - Running job Job(interval=15, unit=seconds, do=minute_check, args=(), kwargs={})
2026-09-15 13:01:18,696 - schedule - DEBUG - Running job Job(interval=15, unit=seconds, do=minute_check, args=(), kwargs={})
2026-09-15 13:01:19,290 - schedule - DEBUG - Running job Job(interval=15, unit=seconds, do=minute_check, args=(), kwargs={})
2026-09-15 13:01:33,702 - schedule - DEBUG - Running job Job(interval=15, unit=seconds, do=minute_check, args=(), kwargs={})
2026-09-15 13:01:34,296 - schedule - DEBUG - Running job Job(interval=15, unit=seconds, do=minute_check, args=(), kwargs={})
2026-09-15 13:01:48,708 - schedule - DEBUG - Running job Job(interval=15, unit=seconds, do=minute_check, args=(), kwargs={})
2026-09-15 13:01:49,302 - schedule - DEBUG - Running job Job(interval=15, unit=seconds, do=minute_check, args=(), kwargs={})
2026-09-15 13:02:03,714 - schedule - DEBUG - Running job Job(interval=15, unit=seconds, do=minute_check, args=(), kwargs={})
2026-09-15 13:02:04,308 - schedule - DEBUG - Running job Job(interval=15, unit=seconds, do=minute_check, args=(), kwargs={})
2026-09-15 13:02:13,612 - __main__ - INFO - 
SCHEDULER STOPPED
2026-09-15 13:02:15,612 - urllib3.connectionpool - DEBUG - Starting new HTTPS connection (1): paper-api.alpaca.markets:443
2026-09-15 13:02:15,741 - urllib3.connectionpool - DEBUG - https://paper-api.alpaca.markets:443 "GET /v2/account HTTP/1.1" 200 956
2026-09-15 13:02:15,743 - api_handler - INFO - Connected to Alpaca
2026-09-15 13:02:15,744 - api_handler - INFO -   Equity: $5227.70
2026-09-15 13:02:15,745 - api_handler - INFO -   Buying Power: $20910.80
2026-09-15 13:02:15,753 - urllib3.connectionpool - DEBUG - Starting new HTTPS connection (1): paper-api.alpaca.markets:443
2026-09-15 13:02:15,898 - urllib3.connectionpool - DEBUG - https://paper-api.alpaca.markets:443 "GET /v2/account HTTP/1.1" 200 956
2026-09-15 13:02:15,904 - __main__ - INFO - ================================================================================
2026-09-15 13:02:15,904 - __main__ - INFO - ASTRA SCHEDULER INITIALIZED
2026-09-15 13:02:15,905 - __main__ - INFO - Trading: Account 2 ($10000)
2026-09-15 13:02:15,906 - __main__ - INFO - Mode: REAL ALPACA PAPER ORDERS
2026-09-15 13:02:15,906 - __main__ - INFO - ================================================================================
2026-09-15 13:02:15,908 - __main__ - INFO - Schedule configured
2026-09-15 13:02:15,908 - __main__ - INFO -   • 8:00 AM CT: Start
2026-09-15 13:02:15,909 - __main__ - INFO -   • Every 15 seconds: Check signals
2026-09-15 13:02:15,911 - __main__ - INFO -   • 11:30 AM CT: Close all positions
2026-09-15 13:02:15,913 - __main__ - INFO - 
SCHEDULER RUNNING - Press Ctrl+C to stop

2026-09-15 13:02:18,720 - schedule - DEBUG - Running job Job(interval=15, unit=seconds, do=minute_check, args=(), kwargs={})
2026-09-15 13:02:30,920 - schedule - DEBUG - Running job Job(interval=15, unit=seconds, do=minute_check, args=(), kwargs={})
2026-09-15 13:02:33,725 - schedule - DEBUG - Running job Job(interval=15, unit=seconds, do=minute_check, args=(), kwargs={})
2026-09-15 13:02:38,210 - __main__ - INFO - 
SCHEDULER STOPPED
2026-09-15 13:02:39,744 - __main__ - INFO - 
SCHEDULER STOPPED
2026-09-15 13:10:24,712 - api_handler - INFO - Connected to Alpaca
2026-09-15 13:10:24,712 - api_handler - INFO -   Equity: $99355.40
2026-09-15 13:10:24,713 - api_handler - INFO -   Buying Power: $397421.60
2026-09-15 13:10:25,040 - __main__ - INFO - ================================================================================
2026-09-15 13:10:25,041 - __main__ - INFO - ASTRA SCHEDULER INITIALIZED
2026-09-15 13:10:25,043 - __main__ - INFO - Trading: Account 1 ($10000)
2026-09-15 13:10:25,044 - __main__ - INFO - Mode: REAL ALPACA PAPER ORDERS
2026-09-15 13:10:25,044 - __main__ - INFO - ================================================================================
2026-09-15 13:10:25,046 - __main__ - INFO - Schedule configured
2026-09-15 13:10:25,046 - __main__ - INFO -   • 8:00 AM CT: Start
2026-09-15 13:10:25,047 - __main__ - INFO -   • Every 15 seconds: Check signals
2026-09-15 13:10:25,048 - __main__ - INFO -   • 11:30 AM CT: Close all positions
2026-09-15 13:10:25,048 - __main__ - INFO - 
SCHEDULER RUNNING - Press Ctrl+C to stop

2026-09-15 13:10:31,609 - api_handler - INFO - Connected to Alpaca
2026-09-15 13:10:31,611 - api_handler - INFO -   Equity: $5227.70
2026-09-15 13:10:31,614 - api_handler - INFO -   Buying Power: $20910.80
2026-09-15 13:10:33,415 - __main__ - INFO - ================================================================================
2026-09-15 13:10:33,416 - __main__ - INFO - ASTRA SCHEDULER INITIALIZED
2026-09-15 13:10:33,420 - __main__ - INFO - Trading: Account 2 ($10000)
2026-09-15 13:10:33,422 - __main__ - INFO - Mode: REAL ALPACA PAPER ORDERS
2026-09-15 13:10:33,424 - __main__ - INFO - ================================================================================
2026-09-15 13:10:33,426 - __main__ - INFO - Schedule configured
2026-09-15 13:10:33,430 - __main__ - INFO -   • 8:00 AM CT: Start
2026-09-15 13:10:33,431 - __main__ - INFO -   • Every 15 seconds: Check signals
2026-09-15 13:10:33,433 - __main__ - INFO -   • 11:30 AM CT: Close all positions
2026-09-15 13:10:33,435 - __main__ - INFO - 
SCHEDULER RUNNING - Press Ctrl+C to stop

2026-09-15 13:13:18,350 - __main__ - INFO - 
SCHEDULER STOPPED
2026-09-15 13:13:22,420 - api_handler - INFO - Connected to Alpaca
2026-09-15 13:13:22,421 - api_handler - INFO -   Equity: $99355.40
2026-09-15 13:13:22,422 - api_handler - INFO -   Buying Power: $397421.60
2026-09-15 13:13:22,620 - __main__ - INFO - ================================================================================
2026-09-15 13:13:22,620 - __main__ - INFO - ASTRA SCHEDULER INITIALIZED
2026-09-15 13:13:22,622 - __main__ - INFO - Trading: Account 1 ($10000)
2026-09-15 13:13:22,623 - __main__ - INFO - Mode: REAL ALPACA PAPER ORDERS
2026-09-15 13:13:22,623 - __main__ - INFO - ================================================================================
2026-09-15 13:13:22,624 - __main__ - INFO - Schedule configured
2026-09-15 13:13:22,625 - __main__ - INFO -   • 8:00 AM CT: Start
2026-09-15 13:13:22,625 - __main__ - INFO -   • Every 15 seconds: Check signals
2026-09-15 13:13:22,626 - __main__ - INFO -   • 12:30 PM CT: Close all positions
2026-09-15 13:13:22,626 - __main__ - INFO - Scheduler started after 12:30 PM CT trading window. Waiting for tomorrow's 8:00 AM CT run.
2026-09-15 13:13:22,627 - __main__ - INFO - 
SCHEDULER RUNNING - Press Ctrl+C to stop

2026-09-15 13:13:26,761 - __main__ - INFO - 
SCHEDULER STOPPED
2026-09-15 13:13:28,353 - api_handler - INFO - Connected to Alpaca
2026-09-15 13:13:28,354 - api_handler - INFO -   Equity: $5227.70
2026-09-15 13:13:28,358 - api_handler - INFO -   Buying Power: $20910.80
2026-09-15 13:13:28,646 - __main__ - INFO - ================================================================================
2026-09-15 13:13:28,647 - __main__ - INFO - ASTRA SCHEDULER INITIALIZED
2026-09-15 13:13:28,651 - __main__ - INFO - Trading: Account 2 ($10000)
2026-09-15 13:13:28,653 - __main__ - INFO - Mode: REAL ALPACA PAPER ORDERS
2026-09-15 13:13:28,655 - __main__ - INFO - ================================================================================
2026-09-15 13:13:28,658 - __main__ - INFO - Schedule configured
2026-09-15 13:13:28,659 - __main__ - INFO -   • 8:00 AM CT: Start
2026-09-15 13:13:28,661 - __main__ - INFO -   • Every 15 seconds: Check signals
2026-09-15 13:13:28,663 - __main__ - INFO -   • 12:30 PM CT: Close all positions
2026-09-15 13:13:28,664 - __main__ - INFO - Scheduler started after 12:30 PM CT trading window. Waiting for tomorrow's 8:00 AM CT run.
2026-09-15 13:13:28,666 - __main__ - INFO - 
SCHEDULER RUNNING - Press Ctrl+C to stop

2026-09-15 13:24:37,203 - __main__ - INFO - 
SCHEDULER STOPPED
2026-09-15 13:24:38,726 - __main__ - INFO - 
SCHEDULER STOPPED
2026-09-15 13:26:53,425 - api_handler - INFO - Connected to Alpaca
2026-09-15 13:26:53,426 - api_handler - INFO -   Equity: $99355.40
2026-09-15 13:26:53,428 - api_handler - INFO -   Buying Power: $397421.60
2026-09-15 13:26:53,643 - __main__ - INFO - ================================================================================
2026-09-15 13:26:53,644 - __main__ - INFO - ASTRA SCHEDULER INITIALIZED
2026-09-15 13:26:53,646 - __main__ - INFO - Trading: Account 1 ($10000)
2026-09-15 13:26:53,647 - __main__ - INFO - Mode: REAL ALPACA PAPER ORDERS
2026-09-15 13:26:53,647 - __main__ - INFO - ================================================================================
2026-09-15 13:26:53,649 - __main__ - INFO - Schedule configured
2026-09-15 13:26:53,650 - __main__ - INFO -   • 8:00 AM CT: Start trading
2026-09-15 13:26:53,650 - __main__ - INFO -   • Every 15 seconds: Check signals & manage positions
2026-09-15 13:26:53,651 - __main__ - INFO -   • 12:00 PM CT: STOP opening new trades (manage existing only)
2026-09-15 13:26:53,652 - __main__ - INFO -   • 12:30 PM CT: Close all positions & end day
2026-09-15 13:26:53,652 - __main__ - INFO - 
SCHEDULER RUNNING - Press Ctrl+C to stop

2026-09-15 13:26:56,987 - api_handler - INFO - Connected to Alpaca
2026-09-15 13:26:56,988 - api_handler - INFO -   Equity: $5227.70
2026-09-15 13:26:56,992 - api_handler - INFO -   Buying Power: $20910.80
2026-09-15 13:26:57,230 - __main__ - INFO - ================================================================================
2026-09-15 13:26:57,230 - __main__ - INFO - ASTRA SCHEDULER INITIALIZED
2026-09-15 13:26:57,231 - __main__ - INFO - Trading: Account 2 ($10000)
2026-09-15 13:26:57,232 - __main__ - INFO - Mode: REAL ALPACA PAPER ORDERS
2026-09-15 13:26:57,232 - __main__ - INFO - ================================================================================
2026-09-15 13:26:57,233 - __main__ - INFO - Schedule configured
2026-09-15 13:26:57,233 - __main__ - INFO -   • 8:00 AM CT: Start trading
2026-09-15 13:26:57,233 - __main__ - INFO -   • Every 15 seconds: Check signals & manage positions
2026-09-15 13:26:57,233 - __main__ - INFO -   • 12:00 PM CT: STOP opening new trades (manage existing only)
2026-09-15 13:26:57,234 - __main__ - INFO -   • 12:30 PM CT: Close all positions & end day
2026-09-15 13:26:57,234 - __main__ - INFO - 
SCHEDULER RUNNING - Press Ctrl+C to stop

2026-09-16 06:53:53,871 - api_handler - INFO - Connected to Alpaca
2026-09-16 06:53:53,872 - api_handler - INFO -   Equity: $99354.34
2026-09-16 06:53:53,873 - api_handler - INFO -   Buying Power: $397417.36
2026-09-16 06:53:54,019 - __main__ - INFO - ================================================================================
2026-09-16 06:53:54,020 - __main__ - INFO - ASTRA SCHEDULER INITIALIZED
2026-09-16 06:53:54,020 - __main__ - INFO - Trading: Account 1 ($10000)
2026-09-16 06:53:54,021 - __main__ - INFO - Mode: REAL ALPACA PAPER ORDERS
2026-09-16 06:53:54,022 - __main__ - INFO - ================================================================================
2026-09-16 06:53:54,023 - __main__ - INFO - Schedule configured
2026-09-16 06:53:54,024 - __main__ - INFO -   • 8:00 AM CT: Start trading
2026-09-16 06:53:54,024 - __main__ - INFO -   • Every 15 seconds: Check signals & manage positions
2026-09-16 06:53:54,025 - __main__ - INFO -   • 12:00 PM CT: STOP opening new trades (manage existing only)
2026-09-16 06:53:54,025 - __main__ - INFO -   • 12:30 PM CT: Close all positions & end day
2026-09-16 06:53:54,026 - __main__ - INFO - 
SCHEDULER RUNNING - Press Ctrl+C to stop

2026-09-16 06:54:13,104 - api_handler - INFO - Connected to Alpaca
2026-09-16 06:54:13,105 - api_handler - INFO -   Equity: $5227.15
2026-09-16 06:54:13,106 - api_handler - INFO -   Buying Power: $20908.60
2026-09-16 06:54:13,246 - __main__ - INFO - ================================================================================
2026-09-16 06:54:13,247 - __main__ - INFO - ASTRA SCHEDULER INITIALIZED
2026-09-16 06:54:13,248 - __main__ - INFO - Trading: Account 2 ($10000)
2026-09-16 06:54:13,248 - __main__ - INFO - Mode: REAL ALPACA PAPER ORDERS
2026-09-16 06:54:13,249 - __main__ - INFO - ================================================================================
2026-09-16 06:54:13,250 - __main__ - INFO - Schedule configured
2026-09-16 06:54:13,250 - __main__ - INFO -   • 8:00 AM CT: Start trading
2026-09-16 06:54:13,251 - __main__ - INFO -   • Every 15 seconds: Check signals & manage positions
2026-09-16 06:54:13,251 - __main__ - INFO -   • 12:00 PM CT: STOP opening new trades (manage existing only)
2026-09-16 06:54:13,252 - __main__ - INFO -   • 12:30 PM CT: Close all positions & end day
2026-09-16 06:54:13,252 - __main__ - INFO - 
SCHEDULER RUNNING - Press Ctrl+C to stop

2026-09-16 08:00:00,274 - __main__ - ERROR - Error starting trading day: 'RiskManager' object has no attribute 'reset_day'
2026-09-16 08:00:00,941 - __main__ - ERROR - Error starting trading day: 'RiskManager' object has no attribute 'reset_day'
2026-09-16 09:54:11,094 - __main__ - INFO - 
SCHEDULER STOPPED
2026-09-16 09:54:14,283 - api_handler - INFO - Connected to Alpaca
2026-09-16 09:54:14,283 - api_handler - INFO -   Equity: $99354.34
2026-09-16 09:54:14,283 - api_handler - INFO -   Buying Power: $397417.36
2026-09-16 09:54:14,384 - __main__ - INFO - ================================================================================
2026-09-16 09:54:14,384 - __main__ - INFO - ASTRA SCHEDULER INITIALIZED
2026-09-16 09:54:14,384 - __main__ - INFO - Trading: Account 1 ($10000)
2026-09-16 09:54:14,384 - __main__ - INFO - Mode: REAL ALPACA PAPER ORDERS
2026-09-16 09:54:14,384 - __main__ - INFO - ================================================================================
2026-09-16 09:54:14,385 - __main__ - INFO - Schedule configured
2026-09-16 09:54:14,385 - __main__ - INFO -   • 8:00 AM CT: Start trading
2026-09-16 09:54:14,385 - __main__ - INFO -   • Every 15 seconds: Check signals & manage positions
2026-09-16 09:54:14,385 - __main__ - INFO -   • 12:00 PM CT: STOP opening new trades (manage existing only)
2026-09-16 09:54:14,385 - __main__ - INFO -   • 12:30 PM CT: Close all positions & end day
2026-09-16 09:54:14,385 - __main__ - INFO - 
SCHEDULER RUNNING - Press Ctrl+C to stop

2026-09-16 09:54:16,787 - __main__ - INFO - 
SCHEDULER STOPPED
2026-09-16 09:54:18,067 - api_handler - INFO - Connected to Alpaca
2026-09-16 09:54:18,067 - api_handler - INFO -   Equity: $5227.15
2026-09-16 09:54:18,067 - api_handler - INFO -   Buying Power: $20908.60
2026-09-16 09:54:18,156 - __main__ - INFO - ================================================================================
2026-09-16 09:54:18,156 - __main__ - INFO - ASTRA SCHEDULER INITIALIZED
2026-09-16 09:54:18,156 - __main__ - INFO - Trading: Account 2 ($10000)
2026-09-16 09:54:18,156 - __main__ - INFO - Mode: REAL ALPACA PAPER ORDERS
2026-09-16 09:54:18,156 - __main__ - INFO - ================================================================================
2026-09-16 09:54:18,157 - __main__ - INFO - Schedule configured
2026-09-16 09:54:18,157 - __main__ - INFO -   • 8:00 AM CT: Start trading
2026-09-16 09:54:18,157 - __main__ - INFO -   • Every 15 seconds: Check signals & manage positions
2026-09-16 09:54:18,157 - __main__ - INFO -   • 12:00 PM CT: STOP opening new trades (manage existing only)
2026-09-16 09:54:18,157 - __main__ - INFO -   • 12:30 PM CT: Close all positions & end day
2026-09-16 09:54:18,157 - __main__ - INFO - 
SCHEDULER RUNNING - Press Ctrl+C to stop

2026-09-16 12:00:00,689 - __main__ - INFO - ================================================================================
2026-09-16 12:00:00,690 - __main__ - INFO - STOP: No new trades after 12:00 PM CT
2026-09-16 12:00:00,692 - __main__ - INFO -       Existing positions will continue to be managed
2026-09-16 12:00:00,692 - __main__ - INFO - ================================================================================
2026-09-16 12:00:00,898 - __main__ - INFO - ================================================================================
2026-09-16 12:00:00,899 - __main__ - INFO - STOP: No new trades after 12:00 PM CT
2026-09-16 12:00:00,901 - __main__ - INFO -       Existing positions will continue to be managed
2026-09-16 12:00:00,901 - __main__ - INFO - ================================================================================
2026-09-16 12:30:00,283 - __main__ - INFO - TRADING DAY ENDING AT 12:30 PM CT
2026-09-16 12:30:00,485 - __main__ - INFO - No open positions to close
2026-09-16 12:30:00,490 - __main__ - INFO - TRADING DAY ENDING AT 12:30 PM CT
2026-09-16 12:30:00,604 - __main__ - INFO - No open positions to close
2026-09-16 12:30:00,611 - api_handler - INFO - All orders canceled
2026-09-16 12:30:00,732 - api_handler - INFO - All orders canceled
2026-09-16 12:30:00,761 - risk_manager - WARNING - Could not update equity from API handler.
2026-09-16 12:30:00,762 - __main__ - INFO - ================================================================================
2026-09-16 12:30:00,762 - __main__ - INFO - FINAL P&L: $0.00
2026-09-16 12:30:00,763 - __main__ - INFO - Trades Completed: 0
2026-09-16 12:30:00,764 - __main__ - INFO - ================================================================================
2026-09-16 12:30:00,890 - risk_manager - WARNING - Could not update equity from API handler.
2026-09-16 12:30:00,890 - __main__ - INFO - ================================================================================
2026-09-16 12:30:00,891 - __main__ - INFO - FINAL P&L: $0.00
2026-09-16 12:30:00,891 - __main__ - INFO - Trades Completed: 0
2026-09-16 12:30:00,891 - __main__ - INFO - ================================================================================
